record_id,title,service,ticket_type,indicator
SYN-00001,"Please sanitize the meeting room at north wing, this afternoon.",Food Services,Service Request,IND-02
SYN-00002,"please review the special meal at level two, as soon as possible",Food Services,Service Request,IND-04
SYN-00003,Complaint: recurring issue with air conditioner at reception.,Facilities,Complaint,IND-09
SYN-00004,"Please replace the menu at north wing, before noon.",Food Services,Service Request,IND-04
SYN-00005,"Please inspect the meeting room at storage area, before noon.",Cleaning,Service Request,IND-05
SYN-00006,Request to restore door - north wing - before noon.,Cleaning,Service Request,IND-05
SYN-00007,"the user account issue at storage area happened again, please review.",IT Support,Complaint,IND-09
SYN-00008,Help needed to check air conditioner in reception today.,Facilities,Support Request,IND-10
SYN-00009,"Deliver shipment at reception, before noon.",Logistics,Service Request,IND-03
SYN-00010,Complaint: recurring issue with water leak at main office,Facilities,Complaint,IND-09
SYN-00011,"replace portable monitor at main office, this afternoon",Equipment,Service Request,IND-07
SYN-00012,Request to schedule supply order - reception - before noon.,Logistics,Service Request,IND-03
SYN-00013,request to replace portable monitor - level two - as soon as possible,Equipment,Service Request,IND-07
SYN-00014,Complaint: recurring issue with door at reception.,Facilities,Complaint,IND-09
SYN-00015,request to restore lighting - reception - as soon as possible,Facilities,Service Request,IND-01
SYN-00016,"Please restore the water leak at level two, today.",Facilities,Service Request,IND-01
SYN-00017,"pls connect the laptop at reception, today.",Logistics,Service Request,IND-03
SYN-00018,Complaint: recurring issue with meeting room at main office.,Cleaning,Complaint,IND-09
SYN-00019,"Please deliver the supply order at north wing, before noon.",Logistics,Service Request,IND-03
SYN-00020,Help needed to confirm special meal in storage area when available.,Food Services,Support Request,IND-10
SYN-00021,"Reset laptop at storage area, this afternoon.",IT Support,Service Request,IND-02
SYN-00022,"The application issue at storage area happened again, please review.",IT Support,Complaint,IND-09
SYN-00023,service needed: adjust water leak in level two this afternoon,Facilities,Service Request,IND-01
SYN-00024,"Connect laptop at storage area, today.",IT Support,Service Request,IND-02
SYN-00025,service needed: prepare menu in level two as soon as possible.,Food Services,Service Request,IND-04
SYN-00026,"Please replace the beverage station at reception, as soon as possible.",Food Services,Service Request,IND-04
SYN-00027,"Please diagnose the network at reception, before noon",IT Support,Service Request,IND-02
SYN-00028,Request to adjust door - storage area - today.,Facilities,Service Request,IND-01
SYN-00029,Service needed: respond to service status in level two when available.,Customer Support,Service Request,IND-08
SYN-00030,"the door issue at reception happened again, please review.",Facilities,Complaint,IND-09
SYN-00031,Complaint: recurring issue with printer at reception.,IT Support,Complaint,IND-09
SYN-00032,Help needed to review food tray in main office this afternoon.,Food Services,Support Request,IND-10
SYN-00033,"Please replace the beverage station at main office, as soon as possible.",Food Services,Service Request,IND-04
SYN-00034,"Please provide support to restore the water leak at main office, as soon as possible.",Facilities,Support Request,IND-10
SYN-00035,Service needed: repair power unit in storage area this afternoon.,Equipment,Service Request,IND-07
SYN-00036,help needed to locate shipment in main office when available.,Logistics,Support Request,IND-10
SYN-00037,Service needed: locate delivery cart in main office as soon as possible.,Logistics,Service Request,IND-03
SYN-00038,"The food tray issue at north wing happened again, please review.",Food Services,Complaint,IND-09
SYN-00039,Service needed: deliver food tray in reception as soon as possible,Food Services,Service Request,IND-04
SYN-00040,Complaint: recurring issue with portable monitor at north wing.,Food Services,Complaint,IND-09
SYN-00041,"Please provide support to authorize the access badge at reception, as soon as possible.",Security,Support Request,IND-10
SYN-00042,Service needed: provide office chair in main office before noon.,Equipment,Service Request,IND-07
SYN-00043,"Please replace the menu at north wing, this afternoon.",Food Services,Service Request,IND-04
SYN-00044,Request to prepare menu - storage area - as soon as possible.,Food Services,Service Request,IND-04
SYN-00045,Service needed: review parking gate in reception before noon.,Security,Service Request,IND-06
SYN-00046,"The shipment issue at main office happened again, please review",Logistics,Complaint,IND-09
SYN-00047,request to authorize parking gate - level two - when available.,Security,Service Request,IND-06
SYN-00048,Help needed to locate document box in north wing as soon as possible.,Logistics,Support Request,IND-10
SYN-00049,Service needed: transfer document box in level two when available.,Logistics,Service Request,IND-03
SYN-00050,"Please check the elevator at storage area, when available",Facilities,Service Request,IND-01
SYN-00051,service needed: wash spill in north wing this afternoon.,Facilities,Service Request,IND-01
SYN-00052,Request to locate access badge - main office - before noon.,Security,Service Request,IND-06
SYN-00053,Help needed to review food tray in level two this afternoon.,Food Services,Support Request,IND-10
SYN-00054,"Repair water leak at storage area, as soon as possible.",Facilities,Service Request,IND-01
SYN-00055,"Please remove the window at main office, today.",Cleaning,Service Request,IND-05
SYN-00056,"The laptop issue at north wing happened again, please review",IT Support,Complaint,IND-09
SYN-00057,Request to deliver package - main office - this afternoon.,Logistics,Service Request,IND-03
SYN-00058,"Please collect the supply order at reception, today.",Logistics,Service Request,IND-03
SYN-00059,Help needed to schedule package in reception as soon as possible,Logistics,Support Request,IND-10
SYN-00060,Service needed: monitor lost item in level two this afternoon.,Security,Service Request,IND-06
SYN-00061,Complaint: recurring issue with meeting room at level two,Cleaning,Complaint,IND-09
SYN-00062,Service needed: locate parking gate in reception today.,Security,Service Request,IND-06
SYN-00063,Help needed to authorize lost item in level two as soon as possible.,Security,Support Request,IND-10
SYN-00064,Complaint: recurring issue with document box at level two.,Logistics,Complaint,IND-09
SYN-00065,Request to review access badge - main office - this afternoon,Security,Service Request,IND-06
SYN-00066,Request to inspect lighting - level two - when available.,Facilities,Service Request,IND-01
SYN-00067,"Please provide support to update the network at storage area, as soon as possible",IT Support,Support Request,IND-10
SYN-00068,Help needed to replace menu in north wing as soon as possible.,Food Services,Support Request,IND-10
SYN-00069,Service needed: inspect waste bin in storage area before noon,Cleaning,Service Request,IND-05
SYN-00070,"The access badge issue at reception happened again, please review.",Security,Complaint,IND-09
SYN-00071,Complaint: recurring issue with supply order at level two.,Logistics,Complaint,IND-09
SYN-00072,"Please provide support to adjust the water leak at storage area, when available.",Facilities,Support Request,IND-10
SYN-00073,Service needed: deliver food tray in north wing this afternoon,Food Services,Service Request,IND-04
SYN-00075,"Please provide support to inspect the hallway at north wing, today.",Cleaning,Support Request,IND-10
SYN-00076,service needed: review meal order in storage area this afternoon.,Food Services,Service Request,IND-04
SYN-00077,"Please transfer the document box at north wing, as soon as possible.",Logistics,Service Request,IND-03
SYN-00078,Service needed: locate package in reception this afternoon.,Logistics,Service Request,IND-03
SYN-00079,Service needed: update user account in north wing today.,IT Support,Service Request,IND-02
SYN-00080,Request to monitor lost item - main office - as soon as possible.,Food Services,Service Request,IND-04
SYN-00081,"Please repair the elevator at level two, before noon",Facilities,Service Request,IND-01
SYN-00082,help needed to update network in north wing today,IT Support,Support Request,IND-10
SYN-00083,"the waste bin issue at north wing happened again, please review.",Cleaning,Complaint,IND-09
SYN-00084,Request to configure application - storage area - this afternoon,IT Support,Service Request,IND-02
SYN-00085,"The waste bin issue at reception happened again, pls review.",Cleaning,Complaint,IND-09
SYN-00086,"Reset network at north wing, as soon as possible.",IT Support,Support Request,IND-10
SYN-00087,Service needed: diagnose network in level two this afternoon,IT Support,Service Request,IND-02
SYN-00088,request to locate visitor entrance - reception - this afternoon.,Security,Service Request,IND-06
SYN-00089,"please adjust the door at north wing, before noon.",Facilities,Service Request,IND-01
SYN-00090,request to repair door - level two - when available,Facilities,Service Request,IND-01
SYN-00092,"please reset the printer at level two, before noon",IT Support,Service Request,IND-02
SYN-00093,"Transfer package at reception, as soon as possible.",Logistics,Complaint,IND-09
SYN-00094,Request to transfer delivery cart - storage area - today.,Logistics,Service Request,IND-03
SYN-00095,request to connect user account - main office - as soon as possible.,IT Support,Service Request,IND-02
SYN-00096,request to replace menu - main office - before noon.,Food Services,Service Request,IND-04
SYN-00097,"Confirm menu at level two, before noon.",Food Services,Complaint,IND-09
SYN-00098,Request to configure user account - north wing - as soon as possible,IT Support,Service Request,IND-02
SYN-00099,"Please calibrate the power unit at reception, this afternoon",Equipment,Service Request,IND-07
SYN-00100,Help needed to respond to feedback in storage area before noon.,Food Services,Support Request,IND-10
SYN-00101,complaint: recurring issue with user account at level two.,Food Services,Complaint,IND-09
SYN-00102,"Please configure the application at reception, when available.",IT Support,Service Request,IND-02
SYN-00103,service needed: transfer delivery cart in main office when available.,Logistics,Service Request,IND-03
SYN-00104,"The shipment issue at storage area happened again, please review.",Logistics,Complaint,IND-09
SYN-00105,"Please restore the elevator at level two, today.",Facilities,Service Request,IND-01
SYN-00106,Help needed to calibrate projector in storage area this afternoon.,Equipment,Support Request,IND-10
SYN-00107,"please locate the access badge at level two, as soon as possible.",Security,Service Request,IND-06
SYN-00109,Request to prepare menu - reception - before noon,Food Services,Service Request,IND-04
SYN-00110,"Inspect tool kit at main office, when available.",Equipment,Support Request,IND-10
SYN-00112,Complaint: recurring issue with package at reception.,Logistics,Complaint,IND-09
SYN-00113,"The meeting room issue at north wing happened again, please review.",Cleaning,Complaint,IND-09
SYN-00114,"Please follow up the information request at north wing, before noon",Security,Service Request,IND-06
SYN-00115,Service needed: deliver menu in north wing when available.,Food Services,Service Request,IND-04
SYN-00116,"The package issue at reception happened again, please review.",Logistics,Complaint,IND-09
SYN-00117,"Please provide support to connect the laptop at level two, today.",IT Support,Support Request,IND-10
SYN-00118,"Please provide support to adjust the elevator at main office, as soon as possible.",Facilities,Support Request,IND-10
SYN-00119,service needed: update printer in reception when available.,IT Support,Service Request,IND-02
SYN-00120,Help needed to schedule document box in storage area as soon as possible.,Customer Support,Support Request,IND-10
SYN-00121,Request to restore water leak - reception - as soon as possible.,Facilities,Service Request,IND-01
SYN-00122,"Please configure the application at main office, as soon as possible.",IT Support,Service Request,IND-02
SYN-00123,Request to clarify complaint - reception - today,Customer Support,Service Request,IND-08
SYN-00124,Service needed: schedule supply order in main office before noon.,Logistics,Service Request,IND-03
SYN-00125,"Calibrate portable monitor at level two, before noon.",Equipment,Complaint,IND-09
SYN-00126,"Adjust elevator at north wing, as soon as possible.",Facilities,Complaint,IND-09
SYN-00127,"the menu issue at reception happened again, please review.",Food Services,Complaint,IND-09
SYN-00128,Request to deliver food tray - main office - when available,Food Services,Service Request,IND-04
SYN-00129,"The printer issue at main office happened again, please review.",IT Support,Complaint,IND-09
SYN-00130,"Repair water leak at storage area, when available.",Facilities,Support Request,IND-10
SYN-00131,"Authorize camera at level two, as soon as possible.",Security,Service Request,IND-06
SYN-00132,"The package issue at main office happened again, please review.",Logistics,Complaint,IND-09
SYN-00133,"Please adjust the lighting at storage area, today.",Logistics,Service Request,IND-03
SYN-00134,request to inspect window - storage area - today.,Cleaning,Service Request,IND-05
SYN-00135,Request to update laptop - level two - this afternoon.,IT Support,Service Request,IND-02
SYN-00136,"Please reset the application at north wing, before noon.",IT Support,Service Request,IND-02
SYN-00137,Service needed: collect supply order in main office this afternoon.,Logistics,Service Request,IND-03
SYN-00138,Service needed: schedule document box in main office before noon.,Logistics,Service Request,IND-03
SYN-00139,Request to inspect hallway - level two - as soon as possible.,Cleaning,Service Request,IND-05
SYN-00140,"Please configure the laptop at level two, today.",IT Support,Service Request,IND-02
SYN-00141,"The beverage station issue at north wing happened again, please review.",Food Services,Complaint,IND-09
SYN-00142,help needed to restore water leak in level two when available.,Facilities,Support Request,IND-10
SYN-00143,Service needed: repair office chair in north wing today.,Equipment,Service Request,IND-07
SYN-00144,Service needed: deliver food tray in storage area this afternoon.,Food Services,Service Request,IND-04
SYN-00145,Request to clean hallway - level two - this afternoon.,Cleaning,Service Request,IND-05
SYN-00146,"Please repair the lighting at level two, before noon.",Facilities,Service Request,IND-01
SYN-00147,"Please inspect the air conditioner at reception, when available",Facilities,Service Request,IND-01
SYN-00148,Complaint: recurring issue with office chair at main office.,Equipment,Complaint,IND-09
SYN-00149,Request to locate access badge - storage area - today.,Security,Service Request,IND-06
SYN-00150,Request to confirm food tray - north wing - before noon.,Food Services,Service Request,IND-04
SYN-00151,Request to clarify service status - level two - as soon as possible,Logistics,Service Request,IND-03
SYN-00152,"Please provide support to inspect the tool kit at reception, before noon.",Equipment,Support Request,IND-10
SYN-00153,"Please provide support to verify the lost item at main office, when available",Security,Support Request,IND-10
SYN-00154,complaint: recurring issue with elevator at reception,Facilities,Complaint,IND-09
SYN-00155,"Replace beverage station at north wing, as soon as possible.",Food Services,Service Request,IND-04
SYN-00156,Request to connect application - level two - before noon.,IT Support,Service Request,IND-02
SYN-00157,"Please provide support to follow up the complaint at north wing, this afternoon.",Customer Support,Support Request,IND-10
SYN-00158,"Please provide support to wash the meeting room at level two, today.",Cleaning,Support Request,IND-10
SYN-00159,"please provide support to provide the power unit at main office, today.",Equipment,Support Request,IND-10
SYN-00160,Complaint: recurring issue with portable monitor at north wing.,Security,Complaint,IND-09
SYN-00161,"Please provide support to register the feedback at main office, today.",Customer Support,Support Request,IND-10
SYN-00162,Service needed: locate shipment in main office when available.,Logistics,Service Request,IND-03
SYN-00163,Request to replace menu - main office - today.,Food Services,Service Request,IND-04
SYN-00164,"Please provide support to review the information request at level two, before noon",Customer Support,Support Request,IND-10
SYN-00165,"Please inspect the lighting at main office, before noon.",Facilities,Service Request,IND-08
SYN-00166,"Please schedule the supply order at reception, as soon as possible.",Logistics,Service Request,IND-03
SYN-00167,"Please verify the lost item at main office, before noon.",Security,Service Request,IND-06
SYN-00168,service needed: transfer package in north wing as soon as possible.,Logistics,Service Request,IND-03
SYN-00169,Complaint: recurring issue with supply order at north wing.,Logistics,Complaint,IND-09
SYN-00170,Request to connect user account - north wing - before noon.,IT Support,Service Request,IND-02
SYN-00171,"Deliver food tray at main office, as soon as possible.",Food Services,Complaint,IND-09
SYN-00172,service needed: configure laptop in reception before noon.,IT Support,Service Request,IND-02
SYN-00173,Request to reset user account - main office - today.,IT Support,Service Request,IND-02
SYN-00174,service needed: collect package in main office today.,Logistics,Service Request,IND-03
SYN-00175,Request to remove waste bin - reception - as soon as possible.,Cleaning,Service Request,IND-05
SYN-00176,help needed to repair air conditioner in main office today.,Facilities,Support Request,IND-10
SYN-00177,Service needed: replace menu in north wing today.,Food Services,Service Request,IND-04
SYN-00178,Service needed: deliver special meal in main office today.,Food Services,Service Request,IND-04
SYN-00179,"Please wash the hallway at north wing, this afternoon.",Cleaning,Service Request,IND-05
SYN-00180,request to clean waste bin - reception - before noon.,Cleaning,Service Request,IND-05
SYN-00181,"The food tray issue at storage area happened again, please review.",Food Services,Complaint,IND-09
SYN-00182,"Prepare special meal at reception, when available.",Food Services,Complaint,IND-09
SYN-00183,"Please provide support to update the application at main office, when available.",IT Support,Support Request,IND-10
SYN-00184,"Please update the laptop at level two, today",IT Support,Service Request,IND-02
SYN-00185,"Please monitor the lost item at main office, this afternoon.",Security,Service Request,IND-06
SYN-00186,"Replace food tray at storage area, today.",Food Services,Complaint,IND-09
SYN-00187,Service needed: remove meeting room in reception as soon as possible.,Cleaning,Service Request,IND-05
SYN-00188,"Please provide support to check the water leak at level two, this afternoon",Facilities,Support Request,IND-10
SYN-00189,complaint: recurring issue with laptop at main office,IT Support,Complaint,IND-09
SYN-00190,Service needed: locate supply order in storage area today,IT Support,Service Request,IND-02
SYN-00191,Service needed: sanitize window in level two before noon.,Cleaning,Service Request,IND-05
SYN-00192,"Deliver document box at storage area, before noon.",Logistics,Complaint,IND-09
SYN-00193,Help needed to reset printer in main office this afternoon.,IT Support,Support Request,IND-10
SYN-00194,"The lost item issue at storage area happened again, please review.",Security,Complaint,IND-09
SYN-00195,"Please provide support to verify the parking gate at main office, before noon",Security,Support Request,IND-10
SYN-00196,Help needed to review meal order in north wing today.,Food Services,Support Request,IND-10
SYN-00197,Service needed: clarify feedback in reception before noon,Security,Service Request,IND-06
SYN-00198,"Please verify the access badge at reception, as soon as possible.",Security,Service Request,IND-06
SYN-00199,"Replace tool kit at north wing, when available.",Equipment,Service Request,IND-07
SYN-00200,"Clean spill at main office, today.",Cleaning,Service Request,IND-05
SYN-00201,"Please review the appointment at main office, today.",Customer Support,Service Request,IND-08
SYN-00202,Request to clean window - storage area - as soon as possible.,Cleaning,Service Request,IND-05
SYN-00203,Request to clean meeting room - north wing - this afternoon,Cleaning,Service Request,IND-05
SYN-00204,complaint: recurring issue with meal order at level two.,Food Services,Complaint,IND-09
SYN-00205,"Inspect elevator at north wing, when available.",Facilities,Complaint,IND-09
SYN-00206,"Provide portable monitor at north wing, when available.",Equipment,Service Request,IND-07
SYN-00207,"Schedule supply order at storage area, before noon.",Logistics,Service Request,IND-03
SYN-00208,"Deliver food tray at main office, as soon as possible.",Food Services,Service Request,IND-04
SYN-00209,Request to clean meeting room - reception - when available.,Cleaning,Service Request,IND-05
SYN-00210,"Please remove the waste bin at level two, this afternoon",Cleaning,Service Request,IND-05
SYN-00211,"Please authorize the access badge at storage area, as soon as possible.",Security,Service Request,IND-01
SYN-00212,"The office chair issue at level two happened again, please review.",Equipment,Complaint,IND-09
SYN-00213,"the lighting issue at north wing happened again, please review.",Facilities,Complaint,IND-09
SYN-00214,"Please wash the hallway at storage area, today",Cleaning,Service Request,IND-05
SYN-00215,"Please transfer the package at reception, when available",Logistics,Service Request,IND-03
SYN-00216,Complaint: recurring issue with menu at reception.,IT Support,Complaint,IND-09
SYN-00217,service needed: restore door in level two today,Facilities,Service Request,IND-01
SYN-00218,service needed: schedule shipment in main office today.,Logistics,Service Request,IND-03
SYN-00219,Service needed: replace meal order in main office when available.,Food Services,Service Request,IND-04
SYN-00220,"Deliver document box at north wing, before noon.",Logistics,Service Request,IND-03
SYN-00221,Complaint: recurring issue with menu at north wing.,Food Services,Complaint,IND-09
SYN-00222,"repair elevator at reception, today.",Facilities,Service Request,IND-01
SYN-00223,"Review food tray at storage area, today.",Security,Service Request,IND-06
SYN-00224,Service needed: review complaint in reception this afternoon.,Customer Support,Service Request,IND-08
SYN-00225,request to inspect lighting - storage area - when available.,Facilities,Service Request,IND-01
SYN-00226,Complaint: recurring issue with menu at main office.,Equipment,Complaint,IND-09
SYN-00227,Complaint: recurring issue with projector at storage area,Equipment,Complaint,IND-09
SYN-00228,"pls calibrate the office chair at level two, as soon as possible.",Equipment,Service Request,IND-07
SYN-00229,"Check air conditioner at level two, when available.",Facilities,Support Request,IND-10
SYN-00230,"the water leak issue at storage area happened again, please review.",Facilities,Complaint,IND-09
SYN-00231,Complaint: recurring issue with printer at storage area.,IT Support,Complaint,IND-09
SYN-00232,"Please configure the laptop at north wing, when available.",IT Support,Service Request,IND-02
SYN-00233,"Wash waste bin at level two, this afternoon.",Cleaning,Support Request,IND-10
SYN-00234,"pls inspect the door at level two, as soon as possible.",Facilities,Service Request,IND-01
SYN-00235,Help needed to reset laptop in main office this afternoon.,IT Support,Support Request,IND-10
SYN-00236,service needed: remove meeting room in north wing as soon as possible.,Cleaning,Service Request,IND-05
SYN-00237,Request to prepare meal order - main office - before noon.,Food Services,Service Request,IND-04
SYN-00238,"Calibrate projector at level two, before noon.",Food Services,Service Request,IND-04
SYN-00239,Complaint: recurring issue with lost item at main office.,Cleaning,Complaint,IND-09
SYN-00240,Request to review access badge - storage area - this afternoon.,Security,Service Request,IND-06
SYN-00241,Request to register appointment - reception - as soon as possible.,Customer Support,Service Request,IND-08
SYN-00242,"the power unit issue at level two happened again, please review.",Equipment,Complaint,IND-07
SYN-00243,Service needed: respond to appointment in level two this afternoon.,Customer Support,Service Request,IND-08
SYN-00244,"Please provide support to deliver the document box at level two, before noon.",Logistics,Support Request,IND-10
SYN-00245,Service needed: connect printer in level two today.,IT Support,Service Request,IND-02
SYN-00246,Service needed: clean window in main office as soon as possible.,Cleaning,Service Request,IND-05
SYN-00247,Service needed: monitor access badge in reception as soon as possible,Security,Service Request,IND-06
SYN-00248,"The water leak issue at reception happened again, please review",Facilities,Complaint,IND-09
SYN-00249,Request to repair water leak - main office - when available.,Facilities,Service Request,IND-01
SYN-00250,Service needed: configure laptop in reception when available,IT Support,Service Request,IND-02
SYN-00251,Service needed: schedule supply order in storage area when available.,Logistics,Service Request,IND-03
SYN-00252,"Please replace the beverage station at storage area, before noon.",Food Services,Service Request,IND-04
SYN-00253,request to review food tray - reception - as soon as possible.,Food Services,Service Request,IND-04
SYN-00254,"Please inspect the hallway at main office, this afternoon.",Cleaning,Service Request,IND-05
SYN-00255,Service needed: replace tool kit in main office when available.,Equipment,Service Request,IND-07
SYN-00256,Complaint: recurring issue with camera at main office,Security,Complaint,IND-09
SYN-00257,complaint: recurring issue with water leak at level two.,Facilities,Complaint,IND-09
SYN-00258,Service needed: wash spill in main office this afternoon.,Cleaning,Service Request,IND-05
SYN-00259,complaint: recurring issue with access badge at north wing.,IT Support,Complaint,IND-09
SYN-00260,service needed: review lost item in storage area this afternoon.,Security,Service Request,IND-06
SYN-00261,"please provide support to inspect the water leak at main office, before noon",Facilities,Support Request,IND-10
SYN-00262,Complaint: recurring issue with access badge at storage area.,Security,Complaint,IND-02
SYN-00263,Service needed: adjust lighting in north wing this afternoon.,Facilities,Service Request,IND-01
SYN-00264,"please provide support to connect the application at main office, when available.",IT Support,Support Request,IND-10
SYN-00265,"please deliver the package at storage area, today.",Logistics,Service Request,IND-03
SYN-00266,"Please locate the package at north wing, before noon.",Logistics,Service Request,IND-03
SYN-00267,Service needed: transfer shipment in reception this afternoon.,Equipment,Service Request,IND-07
SYN-00268,"please provide support to diagnose the printer at north wing, before noon.",IT Support,Support Request,IND-10
SYN-00269,"schedule package at main office, today.",Logistics,Service Request,IND-03
SYN-00270,Complaint: recurring issue with beverage station at level two,Food Services,Complaint,IND-09
SYN-00271,"the access badge issue at main office happened again, please review.",Security,Complaint,IND-09
SYN-00272,Help needed to restore water leak in north wing today.,Facilities,Support Request,IND-10
SYN-00273,"Please provide support to prepare the special meal at storage area, as soon as possible.",Food Services,Support Request,IND-10
SYN-00274,Request to collect document box - level two - this afternoon.,Logistics,Service Request,IND-03
SYN-00275,"Please check the elevator at level two, as soon as possible.",Facilities,Service Request,IND-01
SYN-00276,"Please provide support to repair the lighting at main office, when available.",Facilities,Support Request,IND-10
SYN-00277,Complaint: recurring issue with document box at north wing.,Logistics,Complaint,IND-09
SYN-00278,Service needed: clean waste bin in storage area this afternoon.,Cleaning,Service Request,IND-05
SYN-00279,Help needed to register information request in reception this afternoon.,Customer Support,Support Request,IND-10
SYN-00280,Request to repair water leak - storage area - this afternoon.,Facilities,Service Request,IND-01
SYN-00281,"Remove waste bin at north wing, this afternoon.",Cleaning,Complaint,IND-09
SYN-00282,Service needed: configure printer in storage area as soon as possible.,IT Support,Service Request,IND-02
SYN-00283,request to prepare food tray - reception - today.,Food Services,Service Request,IND-04
SYN-00284,request to locate lost item - storage area - before noon.,Security,Service Request,IND-06
SYN-00285,"Please provide support to transfer the supply order at level two, before noon.",Logistics,Support Request,IND-10
SYN-00286,Help needed to inspect window in level two as soon as possible.,IT Support,Support Request,IND-10
SYN-00287,"Please transfer the shipment at level two, when available.",Logistics,Service Request,IND-03
SYN-00288,Request to check elevator - main office - as soon as possible.,Facilities,Service Request,IND-01
SYN-00289,"Please check the elevator at reception, today.",Facilities,Service Request,IND-01
SYN-00290,"Please sanitize the meeting room at reception, as soon as possible.",Cleaning,Service Request,IND-05
SYN-00291,"please provide support to remove the spill at north wing, as soon as possible.",Cleaning,Support Request,IND-10
SYN-00292,"Please deliver the document box at north wing, this afternoon",Logistics,Service Request,IND-03
SYN-00293,Service needed: provide portable monitor in level two today.,Equipment,Service Request,IND-07
SYN-00294,Request to remove hallway - north wing - this afternoon,Cleaning,Service Request,IND-05
SYN-00295,"Please repair the lighting at storage area, before noon.",Facilities,Service Request,IND-01
SYN-00296,Complaint: recurring issue with elevator at north wing.,Facilities,Complaint,IND-09
SYN-00297,Service needed: connect user account in reception today.,IT Support,Service Request,IND-02
SYN-00298,Request to review menu - level two - before noon.,Logistics,Service Request,IND-03
SYN-00299,request to repair elevator - main office - when available,Facilities,Service Request,IND-01
SYN-00300,"The meal order issue at storage area happened again, please review.",Food Services,Complaint,IND-09
SYN-00301,Request to restore door - storage area - as soon as possible,Facilities,Service Request,IND-01
SYN-00302,Complaint: recurring issue with lighting at level two.,Facilities,Complaint,IND-09
SYN-00303,Help needed to clean spill in level two as soon as possible.,Cleaning,Support Request,IND-10
SYN-00304,"The food tray issue at main office happened again, please review.",Food Services,Complaint,IND-09
SYN-00305,"Please check the door at main office, before noon.",Facilities,Service Request,IND-01
SYN-00306,"Please provide support to repair the elevator at main office, today.",Facilities,Support Request,IND-10
SYN-00307,"Check lighting at storage area, this afternoon.",Facilities,Service Request,IND-01
SYN-00308,Request to register service status - storage area - before noon.,Customer Support,Service Request,IND-08
SYN-00309,"Please locate the document box at main office, as soon as possible",Logistics,Service Request,IND-03
SYN-00310,Service needed: schedule supply order in north wing as soon as possible.,Logistics,Service Request,IND-03
SYN-00311,Service needed: schedule document box in main office today.,Logistics,Service Request,IND-03
SYN-00312,Service needed: configure application in storage area today,IT Support,Service Request,IND-02
SYN-00313,Service needed: review menu in north wing before noon.,Food Services,Service Request,IND-04
SYN-00314,Help needed to inspect window in reception before noon.,Cleaning,Support Request,IND-10
SYN-00315,"Please repair the lighting at main office, as soon as possible",Facilities,Service Request,IND-01
SYN-00316,"connect laptop at storage area, today.",IT Support,Service Request,IND-02
SYN-00317,Complaint: recurring issue with beverage station at reception.,Food Services,Complaint,IND-09
SYN-00318,"Deliver shipment at main office, as soon as possible.",Logistics,Service Request,IND-03
SYN-00319,Service needed: check door in storage area this afternoon.,Facilities,Service Request,IND-01
SYN-00320,"The elevator issue at north wing happened again, please review.",Facilities,Complaint,IND-09
SYN-00321,Help needed to update laptop in main office when available.,IT Support,Support Request,IND-10
SYN-00322,"Remove waste bin at level two, this afternoon.",Cleaning,Service Request,IND-05
SYN-00323,Help needed to adjust door in main office this afternoon.,Facilities,Support Request,IND-10
SYN-00324,"please connect the printer at storage area, when available",IT Support,Service Request,IND-02
SYN-00325,Help needed to authorize lost item in level two today.,Security,Support Request,IND-10
SYN-00326,Help needed to check air conditioner in storage area when available.,Facilities,Support Request,IND-10
SYN-00327,Help needed to check air conditioner in level two when available.,Facilities,Support Request,IND-10
SYN-00328,"Please transfer the document box at level two, today.",Logistics,Service Request,IND-03
SYN-00331,service needed: configure network in reception as soon as possible.,IT Support,Service Request,IND-02
SYN-00332,"The waste bin issue at north wing happened again, please review.",Cleaning,Complaint,IND-09
SYN-00333,Service needed: prepare beverage station in level two before noon.,Food Services,Service Request,IND-04
SYN-00334,Complaint: recurring issue with camera at reception.,Security,Complaint,IND-09
SYN-00335,"Please inspect the lighting at storage area, as soon as possible",Facilities,Service Request,IND-01
SYN-00336,"please replace the tool kit at reception, before noon.",Equipment,Service Request,IND-07
SYN-00337,"Please schedule the document box at main office, this afternoon.",Logistics,Service Request,IND-03
SYN-00338,Help needed to schedule delivery cart in north wing today.,Logistics,Support Request,IND-10
SYN-00339,Service needed: diagnose laptop in level two as soon as possible.,IT Support,Service Request,IND-02
SYN-00340,Help needed to locate delivery cart in level two as soon as possible.,Logistics,Support Request,IND-10
SYN-00341,"Please review the beverage station at north wing, before noon.",Food Services,Service Request,IND-04
SYN-00342,request to inspect door - level two - before noon.,Facilities,Service Request,IND-02
SYN-00343,"Please provide support to clean the hallway at north wing, before noon.",Cleaning,Support Request,IND-10
SYN-00344,Help needed to review beverage station in north wing before noon.,IT Support,Support Request,IND-10
SYN-00345,Service needed: provide power unit in north wing when available,Equipment,Service Request,IND-07
SYN-00346,"Deliver special meal at north wing, today.",Food Services,Service Request,IND-04
SYN-00347,Service needed: check door in north wing as soon as possible.,Facilities,Service Request,IND-01
SYN-00348,"Please provide support to sanitize the spill at reception, when available.",Cleaning,Support Request,IND-10
SYN-00349,"Review menu at storage area, this afternoon",Food Services,Service Request,IND-04
SYN-00350,"Please prepare the special meal at level two, this afternoon.",Food Services,Service Request,IND-04
SYN-00351,"Please remove the waste bin at level two, as soon as possible.",Cleaning,Service Request,IND-05
SYN-00352,"please provide support to provide the power unit at storage area, when available.",Logistics,Support Request,IND-10
SYN-00353,request to check lighting - level two - as soon as possible.,Security,Service Request,IND-06
SYN-00354,Complaint: recurring issue with water leak at main office.,Facilities,Complaint,IND-09
SYN-00355,Help needed to prepare beverage station in main office this afternoon.,Food Services,Support Request,IND-10
SYN-00356,"Please review the food tray at level two, this afternoon.",Food Services,Service Request,IND-04
SYN-00357,"Please transfer the supply order at north wing, this afternoon",Logistics,Service Request,IND-03
SYN-00358,Request to locate lost item - storage area - this afternoon.,Security,Service Request,IND-06
SYN-00359,"Update laptop at storage area, before noon.",IT Support,Service Request,IND-02
SYN-00360,Service needed: inspect waste bin in north wing as soon as possible.,Security,Service Request,IND-06
SYN-00361,"Please review the meal order at level two, this afternoon.",Food Services,Service Request,IND-04
SYN-00362,"the feedback issue at north wing happened again, pls review",Customer Support,Complaint,IND-09
SYN-00363,Service needed: replace projector in storage area before noon.,IT Support,Service Request,IND-02
SYN-00364,"The network issue at reception happened again, pls review.",IT Support,Complaint,IND-09
SYN-00365,"Please provide support to confirm the beverage station at reception, as soon as possible",Food Services,Support Request,IND-10
SYN-00366,Service needed: inspect tool kit in north wing when available.,Equipment,Service Request,IND-07
SYN-00367,"Please deliver the document box at storage area, this afternoon.",Logistics,Service Request,IND-03
SYN-00368,"Please clean the spill at level two, today.",Equipment,Service Request,IND-07
SYN-00369,help needed to check air conditioner in north wing before noon.,Facilities,Support Request,IND-10
SYN-00370,Complaint: recurring issue with network at level two,IT Support,Complaint,IND-09
SYN-00371,Complaint: recurring issue with waste bin at main office.,Cleaning,Complaint,IND-09
SYN-00372,service needed: replace menu in storage area before noon.,Food Services,Service Request,IND-04
SYN-00373,Service needed: replace menu in main office as soon as possible.,Food Services,Service Request,IND-04
SYN-00374,Request to inspect office chair - main office - as soon as possible,Equipment,Service Request,IND-07
SYN-00375,"please check the elevator at reception, when available.",Facilities,Service Request,IND-01
SYN-00376,"Please provide support to repair the water leak at main office, as soon as possible.",Facilities,Support Request,IND-10
SYN-00377,Request to update laptop - level two - today,IT Support,Service Request,IND-02
SYN-00378,"Repair elevator at storage area, today.",Facilities,Service Request,IND-01
SYN-00379,Request to review visitor entrance - reception - when available,Security,Service Request,IND-06
SYN-00380,"The delivery cart issue at reception happened again, please review.",Logistics,Complaint,IND-09
SYN-00381,Request to reset network - north wing - today.,IT Support,Service Request,IND-02
SYN-00382,"Please configure the application at main office, before noon.",IT Support,Service Request,IND-02
SYN-00383,"Please replace the meal order at storage area, when available.",Food Services,Service Request,IND-04
SYN-00384,"Please provide support to review the meal order at storage area, this afternoon",Food Services,Support Request,IND-10
SYN-00385,service needed: repair air conditioner in storage area this afternoon.,Facilities,Service Request,IND-01
SYN-00386,"The beverage station issue at reception happened again, please review",Food Services,Complaint,IND-09
SYN-00387,Service needed: locate delivery cart in north wing when available.,Logistics,Service Request,IND-03
SYN-00388,Help needed to confirm menu in reception this afternoon.,Food Services,Support Request,IND-10
SYN-00389,"Inspect meeting room at level two, before noon.",Cleaning,Service Request,IND-05
SYN-00390,"The access badge issue at main office happened again, please review.",Logistics,Complaint,IND-09
SYN-00391,"The printer issue at main office happened again, pls review.",IT Support,Complaint,IND-09
SYN-00392,Service needed: locate document box in north wing this afternoon.,Logistics,Service Request,IND-03
SYN-00393,Service needed: replace tool kit in north wing when available.,Equipment,Service Request,IND-07
SYN-00394,Service needed: clean hallway in reception as soon as possible.,Cleaning,Service Request,IND-05
SYN-00395,Request to review special meal - north wing - today.,IT Support,Service Request,IND-02
SYN-00396,"Deliver document box at reception, this afternoon.",Cleaning,Service Request,IND-05
SYN-00397,Service needed: inspect elevator in level two before noon.,Facilities,Service Request,IND-01
SYN-00399,"The network issue at main office happened again, pls review.",IT Support,Complaint,IND-09
SYN-00400,"Please provide support to provide the tool kit at level two, when available.",Equipment,Support Request,IND-10
SYN-00401,Help needed to inspect lighting in level two today.,Facilities,Support Request,IND-10
SYN-00402,"Wash waste bin at north wing, as soon as possible.",Cleaning,Service Request,IND-05
SYN-00403,Request to transfer supply order - north wing - when available.,Logistics,Service Request,IND-03
SYN-00404,Complaint: recurring issue with lighting at storage area,Facilities,Complaint,IND-09
SYN-00405,"Please review the beverage station at level two, today.",Food Services,Service Request,IND-04
SYN-00406,Service needed: check air conditioner in main office before noon.,Facilities,Service Request,IND-01
SYN-00407,"Please review the menu at north wing, this afternoon.",Food Services,Service Request,IND-04
SYN-00408,Request to authorize access badge - main office - today.,Customer Support,Service Request,IND-08
SYN-00409,"the door issue at reception happened again, pls review.",Facilities,Complaint,IND-09
SYN-00410,request to deliver delivery cart - reception - today.,Logistics,Service Request,IND-03
SYN-00411,"The application issue at reception happened again, please review.",IT Support,Complaint,IND-09
SYN-00412,"repair elevator at level two, today.",Facilities,Service Request,IND-01
SYN-00414,"Please inspect the hallway at storage area, when available.",Cleaning,Service Request,IND-05
SYN-00415,"Please check the air conditioner at level two, when available.",Facilities,Service Request,IND-01
SYN-00416,"Please sanitize the hallway at main office, today.",Cleaning,Service Request,IND-05
SYN-00417,"please provide support to restore the water leak at reception, before noon",Facilities,Support Request,IND-10
SYN-00418,Help needed to schedule delivery cart in reception today.,Logistics,Support Request,IND-10
SYN-00419,Request to reset application - level two - today.,IT Support,Service Request,IND-02
SYN-00420,Request to update printer - storage area - when available,IT Support,Service Request,IND-02
SYN-00421,"adjust water leak at level two, when available.",Facilities,Support Request,IND-10
SYN-00422,Request to prepare special meal - main office - today.,Food Services,Service Request,IND-04
SYN-00423,Service needed: diagnose user account in reception when available,IT Support,Service Request,IND-02
SYN-00424,help needed to inspect projector in main office this afternoon.,Equipment,Support Request,IND-10
SYN-00425,Request to inspect portable monitor - north wing - this afternoon.,Equipment,Service Request,IND-07
SYN-00426,Request to review special meal - north wing - this afternoon.,Food Services,Service Request,IND-04
SYN-00427,Request to respond to feedback - level two - when available.,Logistics,Service Request,IND-03
SYN-00428,Service needed: connect printer in storage area as soon as possible.,IT Support,Service Request,IND-02
SYN-00429,Request to monitor access badge - main office - as soon as possible.,Security,Service Request,IND-06
SYN-00430,"Clarify complaint at north wing, when available.",Customer Support,Service Request,IND-08
SYN-00431,"The access badge issue at north wing happened again, pls review",Security,Complaint,IND-09
SYN-00432,"Please wash the window at main office, this afternoon.",Facilities,Service Request,IND-01
SYN-00433,"Please provide support to transfer the package at storage area, this afternoon",Logistics,Support Request,IND-10
SYN-00434,"please configure the application at main office, today.",IT Support,Service Request,IND-02
SYN-00435,Service needed: inspect water leak in north wing this afternoon.,Facilities,Service Request,IND-01
SYN-00436,Request to schedule package - storage area - before noon,Logistics,Service Request,IND-03
SYN-00437,Complaint: recurring issue with application at level two,IT Support,Complaint,IND-09
SYN-00438,Help needed to monitor visitor entrance in north wing as soon as possible,Security,Support Request,IND-10
SYN-00439,"Sanitize spill at reception, this afternoon.",Cleaning,Service Request,IND-05
SYN-00440,Request to calibrate office chair - north wing - before noon,Equipment,Service Request,IND-07
SYN-00441,Complaint: recurring issue with delivery cart at reception,Logistics,Complaint,IND-09
SYN-00442,service needed: review food tray in reception before noon.,Food Services,Service Request,IND-04
SYN-00443,"Please prepare the food tray at storage area, today.",Food Services,Service Request,IND-04
SYN-00444,"Connect application at north wing, today.",IT Support,Complaint,IND-09
SYN-00445,"Please provide support to wash the meeting room at north wing, this afternoon.",Cleaning,Support Request,IND-10
SYN-00446,Service needed: restore elevator in storage area as soon as possible.,Facilities,Service Request,IND-01
SYN-00447,Help needed to configure application in north wing when available.,Cleaning,Support Request,IND-10
SYN-00448,Service needed: confirm menu in north wing as soon as possible,Food Services,Service Request,IND-04
SYN-00449,Request to sanitize window - north wing - today.,Cleaning,Service Request,IND-05
SYN-00450,Help needed to configure network in north wing when available.,IT Support,Support Request,IND-10
SYN-00451,"Please inspect the office chair at reception, as soon as possible",Equipment,Service Request,IND-07
SYN-00452,Request to check air conditioner - level two - today.,Facilities,Service Request,IND-01
SYN-00453,Service needed: check door in reception this afternoon.,Facilities,Service Request,IND-01
SYN-00454,service needed: collect shipment in main office today.,Logistics,Service Request,IND-03
SYN-00455,"Replace office chair at main office, before noon.",Equipment,Service Request,IND-07
SYN-00456,"please sanitize the hallway at reception, this afternoon.",Cleaning,Service Request,IND-05
SYN-00457,"The tool kit issue at level two happened again, please review.",Equipment,Complaint,IND-09
SYN-00458,"Please repair the portable monitor at main office, this afternoon",Equipment,Service Request,IND-07
SYN-00459,Request to deliver beverage station - north wing - as soon as possible.,Food Services,Service Request,IND-04
SYN-00460,Service needed: deliver food tray in main office today,Food Services,Service Request,IND-06
SYN-00461,"wash hallway at main office, today.",Cleaning,Support Request,IND-10
SYN-00462,"Please inspect the projector at level two, today.",Customer Support,Service Request,IND-08
SYN-00463,"Remove waste bin at storage area, today",Food Services,Complaint,IND-05
SYN-00464,Service needed: review beverage station in north wing as soon as possible.,Food Services,Service Request,IND-04
SYN-00465,Service needed: configure application in storage area as soon as possible.,IT Support,Service Request,IND-02
SYN-00466,Request to reset user account - level two - this afternoon.,IT Support,Service Request,IND-02
SYN-00467,request to transfer shipment - north wing - this afternoon.,Logistics,Service Request,IND-03
SYN-00468,Request to replace power unit - main office - before noon.,Equipment,Service Request,IND-07
SYN-00469,Service needed: inspect water leak in north wing today.,Facilities,Service Request,IND-01
SYN-00470,request to reset printer - main office - before noon.,IT Support,Service Request,IND-02
SYN-00471,"please provide support to inspect the water leak at north wing, as soon as possible",Facilities,Support Request,IND-10
SYN-00472,Complaint: recurring issue with water leak at level two.,Facilities,Complaint,IND-09
SYN-00473,Complaint: recurring issue with spill at north wing,Cleaning,Complaint,IND-09
SYN-00474,"The hallway issue at storage area happened again, please review.",Cleaning,Complaint,IND-09
SYN-00475,"Please deliver the document box at north wing, this afternoon.",Logistics,Service Request,IND-03
SYN-00476,Service needed: diagnose printer in storage area today.,IT Support,Service Request,IND-02
SYN-00477,"Please review the service status at storage area, as soon as possible.",IT Support,Service Request,IND-02
SYN-00478,"Please repair the elevator at reception, as soon as possible.",Facilities,Service Request,IND-01
SYN-00479,Help needed to remove waste bin in storage area today.,Cleaning,Support Request,IND-10
SYN-00480,Request to restore air conditioner - main office - today.,Equipment,Service Request,IND-07
SYN-00481,Service needed: remove waste bin in reception this afternoon.,Cleaning,Service Request,IND-05
SYN-00482,"Authorize camera at reception, today.",Security,Support Request,IND-10
SYN-00483,Help needed to inspect elevator in reception this afternoon.,Facilities,Support Request,IND-10
SYN-00484,"Deliver meal order at north wing, this afternoon.",Food Services,Service Request,IND-04
SYN-00485,"please diagnose the user account at north wing, before noon",IT Support,Service Request,IND-02
SYN-00486,Service needed: restore lighting in storage area this afternoon.,Facilities,Service Request,IND-01
SYN-00487,Request to replace menu - reception - this afternoon.,Food Services,Service Request,IND-04
SYN-00488,"The hallway issue at level two happened again, please review.",Cleaning,Complaint,IND-09
SYN-00490,"Please update the application at reception, this afternoon.",IT Support,Service Request,IND-02
SYN-00491,Request to locate lost item - reception - this afternoon.,Security,Service Request,IND-06
SYN-00492,Service needed: reset printer in reception when available.,IT Support,Service Request,IND-02
SYN-00493,"please provide support to diagnose the application at reception, today.",IT Support,Support Request,IND-10
SYN-00494,Service needed: clarify appointment in level two this afternoon,Food Services,Service Request,IND-04
SYN-00495,"Please replace the portable monitor at storage area, this afternoon.",Equipment,Service Request,IND-07
SYN-00496,Service needed: configure application in reception before noon.,IT Support,Service Request,IND-02
SYN-00497,Request to adjust elevator - reception - today.,Facilities,Service Request,IND-01
SYN-00498,"The network issue at main office happened again, please review.",IT Support,Complaint,IND-09
SYN-00499,Help needed to authorize parking gate in north wing before noon.,Security,Support Request,IND-10
SYN-00500,"Please provide support to diagnose the laptop at level two, today.",Logistics,Support Request,IND-10
SYN-00501,"Please clean the meeting room at reception, before noon.",Cleaning,Service Request,IND-05
SYN-00502,service needed: respond to service status in level two today.,Customer Support,Service Request,IND-08
SYN-00503,"Please provide support to restore the elevator at main office, as soon as possible.",Facilities,Support Request,IND-10
SYN-00504,"Inspect waste bin at storage area, when available.",Cleaning,Support Request,IND-10
SYN-00505,help needed to inspect office chair in main office before noon.,Equipment,Support Request,IND-10
SYN-00506,Help needed to connect laptop in main office as soon as possible.,IT Support,Support Request,IND-10
SYN-00507,Request to restore water leak - reception - today.,Facilities,Service Request,IND-01
SYN-00508,"The network issue at level two happened again, please review.",IT Support,Complaint,IND-09
SYN-00509,request to diagnose printer - north wing - when available.,IT Support,Service Request,IND-02
SYN-00510,Help needed to authorize parking gate in storage area when available.,Security,Support Request,IND-10
SYN-00511,"please provide support to inspect the office chair at main office, as soon as possible.",Equipment,Support Request,IND-10
SYN-00512,"Locate document box at reception, as soon as possible.",Logistics,Complaint,IND-09
SYN-00513,Complaint: recurring issue with application at north wing,IT Support,Complaint,IND-09
SYN-00514,"Remove window at north wing, when available.",Cleaning,Support Request,IND-10
SYN-00515,"Please confirm the food tray at level two, this afternoon",Food Services,Service Request,IND-04
SYN-00516,"Calibrate office chair at main office, today.",Equipment,Support Request,IND-10
SYN-00517,"Please provide support to adjust the elevator at main office, when available.",Facilities,Support Request,IND-10
SYN-00518,"Schedule delivery cart at reception, today.",Logistics,Service Request,IND-03
SYN-00519,complaint: recurring issue with shipment at reception.,Logistics,Complaint,IND-09
SYN-00520,"Please schedule the package at north wing, this afternoon.",Logistics,Service Request,IND-03
SYN-00521,"Prepare food tray at main office, before noon.",Food Services,Service Request,IND-04
SYN-00522,Request to collect delivery cart - main office - as soon as possible.,Logistics,Service Request,IND-03
SYN-00523,Help needed to restore elevator in reception when available,Facilities,Support Request,IND-10
SYN-00524,Request to inspect water leak - reception - before noon.,Facilities,Service Request,IND-01
SYN-00525,"Repair water leak at reception, today.",Facilities,Service Request,IND-01
SYN-00526,"Diagnose laptop at storage area, this afternoon.",IT Support,Support Request,IND-10
SYN-00527,Service needed: locate access badge in reception this afternoon.,Security,Service Request,IND-06
SYN-00528,Help needed to prepare beverage station in level two before noon.,Food Services,Support Request,IND-10
SYN-00529,Service needed: authorize camera in reception when available.,Security,Service Request,IND-06
SYN-00530,"The air conditioner issue at reception happened again, please review.",Facilities,Complaint,IND-09
SYN-00531,Complaint: recurring issue with air conditioner at level two.,Facilities,Complaint,IND-09
SYN-00532,"Repair elevator at storage area, as soon as possible.",Facilities,Service Request,IND-01
SYN-00533,"Please inspect the spill at storage area, as soon as possible.",Cleaning,Service Request,IND-05
SYN-00534,"Please collect the shipment at level two, before noon.",Logistics,Service Request,IND-03
SYN-00535,Request to configure user account - reception - when available.,IT Support,Service Request,IND-02
SYN-00536,"Please provide support to schedule the shipment at north wing, today.",Logistics,Support Request,IND-10
SYN-00537,Help needed to clean meeting room in storage area as soon as possible.,Cleaning,Support Request,IND-10
SYN-00539,service needed: prepare meal order in storage area when available,Food Services,Service Request,IND-04
SYN-00540,Service needed: prepare meal order in storage area this afternoon,Food Services,Service Request,IND-04
SYN-00541,Service needed: reset network in north wing today.,IT Support,Service Request,IND-06
SYN-00543,request to adjust lighting - north wing - before noon.,Facilities,Service Request,IND-01
SYN-00544,Help needed to check elevator in storage area today.,Facilities,Support Request,IND-10
SYN-00545,complaint: recurring issue with document box at reception.,Logistics,Complaint,IND-09
SYN-00546,"Please inspect the door at storage area, when available",Facilities,Service Request,IND-01
SYN-00547,"please provide support to inspect the door at level two, before noon.",Facilities,Support Request,IND-10
SYN-00548,"Please review the food tray at storage area, before noon.",Food Services,Service Request,IND-04
SYN-00549,"Please provide support to wash the meeting room at reception, when available.",Cleaning,Support Request,IND-10
SYN-00550,"Please confirm the meal order at storage area, as soon as possible.",Food Services,Service Request,IND-04
SYN-00551,"Transfer delivery cart at main office, this afternoon.",Logistics,Service Request,IND-03
SYN-00552,"update user account at reception, when available",IT Support,Service Request,IND-02
SYN-00553,"please reset the application at level two, before noon.",IT Support,Service Request,IND-02
SYN-00554,"Please replace the office chair at storage area, this afternoon.",Equipment,Service Request,IND-07
SYN-00555,"Please provide support to collect the package at level two, this afternoon",Logistics,Support Request,IND-10
SYN-00556,Request to deliver special meal - main office - before noon.,Food Services,Service Request,IND-04
SYN-00557,Request to prepare meal order - reception - when available.,Food Services,Service Request,IND-04
SYN-00559,Request to transfer document box - level two - before noon.,Logistics,Service Request,IND-03
SYN-00560,Request to clarify information request - reception - this afternoon,Food Services,Service Request,IND-04
SYN-00561,Help needed to inspect door in reception this afternoon.,Facilities,Support Request,IND-10
SYN-00562,Request to adjust water leak - north wing - this afternoon.,Facilities,Service Request,IND-01
SYN-00563,Service needed: inspect office chair in reception as soon as possible.,Equipment,Service Request,IND-07
SYN-00564,Request to collect shipment - storage area - before noon.,Food Services,Service Request,IND-04
SYN-00565,help needed to prepare food tray in north wing when available.,Food Services,Support Request,IND-10
SYN-00566,"adjust lighting at storage area, today.",Facilities,Service Request,IND-01
SYN-00567,"register information request at main office, when available.",Customer Support,Service Request,IND-08
SYN-00568,"Please inspect the projector at main office, when available.",Equipment,Service Request,IND-07
SYN-00569,Service needed: inspect air conditioner in north wing today,Facilities,Service Request,IND-01
SYN-00570,Service needed: prepare special meal in north wing when available.,Food Services,Service Request,IND-04
SYN-00571,"pls provide support to schedule the supply order at north wing, when available",Logistics,Support Request,IND-10
SYN-00572,"the window issue at level two happened again, please review",Cleaning,Complaint,IND-09
SYN-00573,"Please deliver the special meal at storage area, before noon.",Food Services,Service Request,IND-04
SYN-00574,complaint: recurring issue with lighting at level two.,Facilities,Complaint,IND-09
SYN-00576,Help needed to confirm beverage station in main office today,Food Services,Support Request,IND-10
SYN-00577,"Configure laptop at main office, this afternoon.",IT Support,Service Request,IND-04
SYN-00578,"Please verify the visitor entrance at level two, as soon as possible.",Security,Service Request,IND-06
SYN-00579,"Collect supply order at storage area, today.",Logistics,Service Request,IND-03
SYN-00580,Request to reset application - storage area - before noon,IT Support,Service Request,IND-02
SYN-00581,"Please provide support to collect the package at reception, this afternoon.",Logistics,Support Request,IND-10
SYN-00582,"The lighting issue at reception happened again, please review.",Facilities,Complaint,IND-09
SYN-00583,help needed to diagnose application in main office when available.,IT Support,Support Request,IND-10
SYN-00584,Help needed to locate document box in reception today.,Logistics,Support Request,IND-10
SYN-00585,"connect network at north wing, as soon as possible.",IT Support,Service Request,IND-02
SYN-00586,"The window issue at level two happened again, please review.",Cleaning,Complaint,IND-09
SYN-00587,Service needed: restore water leak in main office before noon.,Facilities,Service Request,IND-01
SYN-00588,"please provide support to restore the water leak at reception, today.",Facilities,Support Request,IND-10
SYN-00589,help needed to review camera in storage area when available.,Security,Support Request,IND-10
SYN-00590,"Confirm food tray at reception, before noon.",Food Services,Complaint,IND-09
SYN-00591,Complaint: recurring issue with network at storage area.,IT Support,Complaint,IND-09
SYN-00592,"Adjust lighting at reception, before noon.",Facilities,Service Request,IND-01
SYN-00593,"Please provide support to monitor the lost item at storage area, when available",Security,Support Request,IND-10
SYN-00595,"the waste bin issue at main office happened again, please review.",Cleaning,Complaint,IND-09
SYN-00596,service needed: update user account in north wing before noon.,IT Support,Service Request,IND-02
SYN-00597,"Remove meeting room at storage area, as soon as possible.",Cleaning,Service Request,IND-05
SYN-00598,"Sanitize hallway at reception, today.",Facilities,Service Request,IND-01
SYN-00599,"please locate the access badge at main office, when available.",Security,Service Request,IND-06
SYN-00600,Request to update printer - reception - as soon as possible.,IT Support,Service Request,IND-02
SYN-00601,"Replace tool kit at main office, before noon.",Facilities,Service Request,IND-01
SYN-00602,"Please monitor the access badge at reception, this afternoon.",Security,Service Request,IND-06
SYN-00603,Service needed: transfer shipment in main office as soon as possible.,Logistics,Service Request,IND-04
SYN-00604,"Please provide support to deliver the special meal at reception, as soon as possible.",IT Support,Support Request,IND-10
SYN-00605,"Please remove the waste bin at north wing, when available.",Cleaning,Service Request,IND-05
SYN-00606,Complaint: recurring issue with complaint at main office.,Customer Support,Complaint,IND-09
SYN-00607,"The door issue at main office happened again, please review.",Facilities,Complaint,IND-09
SYN-00608,"Please adjust the water leak at main office, this afternoon.",Facilities,Service Request,IND-01
SYN-00609,"Reset network at reception, as soon as possible.",IT Support,Support Request,IND-10
SYN-00610,complaint: recurring issue with waste bin at reception.,Cleaning,Complaint,IND-09
SYN-00611,"Please provide support to prepare the menu at reception, today.",Food Services,Support Request,IND-10
SYN-00612,"Please provide support to deliver the shipment at storage area, this afternoon.",Logistics,Support Request,IND-10
SYN-00613,"Please provide support to collect the delivery cart at main office, as soon as possible.",Logistics,Support Request,IND-10
SYN-00614,"please inspect the spill at reception, as soon as possible.",Cleaning,Service Request,IND-05
SYN-00615,"Please provide support to remove the spill at reception, today.",Cleaning,Support Request,IND-06
SYN-00616,Request to configure printer - storage area - this afternoon.,IT Support,Service Request,IND-02
SYN-00617,Request to repair office chair - reception - when available.,Equipment,Service Request,IND-07
SYN-00618,Service needed: verify lost item in level two before noon.,Security,Service Request,IND-06
SYN-00619,complaint: recurring issue with tool kit at reception.,Facilities,Complaint,IND-09
SYN-00620,Service needed: monitor visitor entrance in level two today.,Security,Service Request,IND-06
SYN-00621,"connect laptop at reception, as soon as possible",IT Support,Complaint,IND-09
SYN-00622,Help needed to wash hallway in storage area today.,Logistics,Support Request,IND-10
SYN-00623,request to verify access badge - reception - today.,IT Support,Service Request,IND-02
SYN-00624,"Inspect waste bin at storage area, today.",Cleaning,Support Request,IND-10
SYN-00625,"Please provide support to register the feedback at reception, today.",Customer Support,Support Request,IND-10
SYN-00626,"Repair water leak at storage area, this afternoon.",Facilities,Complaint,IND-09
SYN-00627,"Please restore the elevator at main office, before noon",Facilities,Service Request,IND-01
SYN-00628,"Please provide support to calibrate the office chair at level two, today.",Equipment,Support Request,IND-10
SYN-00629,"the user account issue at reception happened again, pls review.",IT Support,Complaint,IND-09
SYN-00630,Service needed: provide tool kit in main office when available.,Equipment,Service Request,IND-01
SYN-00631,"Please inspect the window at storage area, before noon.",Cleaning,Service Request,IND-05
SYN-00632,"the delivery cart issue at north wing happened again, please review.",Logistics,Complaint,IND-09
SYN-00633,"Please provide support to verify the parking gate at main office, before noon.",Security,Support Request,IND-10
SYN-00634,Service needed: clarify feedback in reception when available.,Customer Support,Service Request,IND-08
SYN-00635,Complaint: recurring issue with spill at main office.,Cleaning,Complaint,IND-09
SYN-00636,"please connect the network at level two, this afternoon.",IT Support,Service Request,IND-02
SYN-00637,Request to clarify appointment - storage area - when available.,Equipment,Service Request,IND-07
SYN-00638,service needed: diagnose network in reception today.,IT Support,Service Request,IND-02
SYN-00639,Complaint: recurring issue with power unit at reception.,Equipment,Complaint,IND-09
SYN-00640,"Deliver document box at storage area, this afternoon.",Facilities,Support Request,IND-10
SYN-00641,request to repair elevator - main office - as soon as possible,Facilities,Service Request,IND-01
SYN-00642,Request to reset application - level two - when available.,IT Support,Service Request,IND-02
SYN-00643,"The office chair issue at storage area happened again, please review",Equipment,Complaint,IND-09
SYN-00644,Request to monitor parking gate - main office - before noon.,Security,Service Request,IND-06
SYN-00645,Request to diagnose laptop - north wing - when available.,IT Support,Service Request,IND-02
SYN-00646,Service needed: inspect window in storage area before noon.,Cleaning,Service Request,IND-05
SYN-00647,"the network issue at level two happened again, please review",IT Support,Complaint,IND-09
SYN-00648,Request to clarify information request - storage area - when available.,Customer Support,Service Request,IND-08
SYN-00649,Request to deliver food tray - main office - when available.,Food Services,Service Request,IND-04
SYN-00650,Request to connect printer - reception - this afternoon.,IT Support,Service Request,IND-02
SYN-00651,Help needed to transfer document box in storage area when available.,Logistics,Support Request,IND-10
SYN-00652,"Please inspect the air conditioner at north wing, before noon.",Facilities,Service Request,IND-01
SYN-00653,Complaint: recurring issue with service status at reception.,Customer Support,Complaint,IND-09
SYN-00654,Complaint: recurring issue with spill at storage area.,Cleaning,Complaint,IND-09
SYN-00655,"Please provide support to locate the document box at main office, when available.",Logistics,Support Request,IND-10
SYN-00656,Request to schedule document box - main office - when available,Logistics,Service Request,IND-03
SYN-00657,request to adjust air conditioner - north wing - when available.,Facilities,Service Request,IND-01
SYN-00658,Help needed to inspect water leak in level two before noon,Facilities,Support Request,IND-10
SYN-00659,service needed: collect shipment in reception as soon as possible.,Logistics,Service Request,IND-03
SYN-00660,Help needed to deliver meal order in reception today.,IT Support,Support Request,IND-10
SYN-00661,"Please provide support to replace the portable monitor at north wing, as soon as possible.",Equipment,Support Request,IND-10
SYN-00662,"please provide support to review the complaint at level two, today.",Customer Support,Support Request,IND-10
SYN-00663,request to review visitor entrance - reception - as soon as possible,Security,Service Request,IND-06
SYN-00664,Request to repair water leak - reception - as soon as possible.,Facilities,Service Request,IND-01
SYN-00665,"Please update the laptop at north wing, when available",IT Support,Service Request,IND-02
SYN-00666,"Please authorize the camera at level two, this afternoon.",Facilities,Service Request,IND-01
SYN-00667,Request to remove hallway - level two - this afternoon,Cleaning,Service Request,IND-05
SYN-00668,"Confirm beverage station at main office, today.",Food Services,Service Request,IND-04
SYN-00669,Help needed to confirm menu in storage area when available.,Cleaning,Support Request,IND-10
SYN-00670,Request to remove spill - storage area - as soon as possible,Logistics,Service Request,IND-03
SYN-00671,Complaint: recurring issue with document box at storage area.,Logistics,Complaint,IND-09
SYN-00672,"the shipment issue at main office happened again, please review",Logistics,Complaint,IND-09
SYN-00673,"Verify visitor entrance at main office, this afternoon.",Security,Service Request,IND-06
SYN-00674,"Please provide support to schedule the shipment at level two, as soon as possible.",Logistics,Support Request,IND-10
SYN-00675,Complaint: recurring issue with service status at level two.,Customer Support,Complaint,IND-09
SYN-00676,Help needed to adjust water leak in reception as soon as possible.,Facilities,Support Request,IND-10
SYN-00677,"Locate supply order at main office, as soon as possible.",Food Services,Service Request,IND-04
SYN-00678,Complaint: recurring issue with waste bin at reception,Cleaning,Complaint,IND-09
SYN-00679,"Inspect air conditioner at storage area, when available.",Facilities,Service Request,IND-01
SYN-00680,"Transfer supply order at north wing, as soon as possible.",Logistics,Complaint,IND-09
SYN-00681,request to adjust door - main office - today,Facilities,Service Request,IND-01
SYN-00682,Complaint: recurring issue with portable monitor at level two.,Equipment,Complaint,IND-09
SYN-00683,Request to deliver meal order - level two - today.,Food Services,Service Request,IND-04
SYN-00684,Request to follow up information request - reception - today.,Customer Support,Service Request,IND-08
SYN-00685,Service needed: repair lighting in level two when available.,Facilities,Service Request,IND-01
SYN-00686,Help needed to confirm food tray in storage area this afternoon.,Food Services,Support Request,IND-10
SYN-00687,"pls sanitize the hallway at north wing, before noon.",Cleaning,Service Request,IND-05
SYN-00688,service needed: authorize camera in main office this afternoon.,Security,Service Request,IND-06
SYN-00689,svc needed: inspect portable monitor in storage area as soon as possible,IT Support,Service Request,IND-02
SYN-00690,Request to replace food tray - main office - this afternoon,Food Services,Service Request,IND-04
SYN-00691,"The elevator issue at main office happened again, please review.",Facilities,Complaint,IND-09
SYN-00692,Help needed to collect shipment in north wing this afternoon.,Logistics,Support Request,IND-10
SYN-00693,Service needed: wash waste bin in level two today,Cleaning,Service Request,IND-05
SYN-00694,"Replace menu at main office, this afternoon.",Food Services,Service Request,IND-04
SYN-00695,"Check air conditioner at storage area, today.",Facilities,Complaint,IND-09
SYN-00696,Help needed to transfer delivery cart in north wing when available.,Logistics,Support Request,IND-10
SYN-00697,"Please transfer the delivery cart at main office, today.",Logistics,Service Request,IND-03
SYN-00698,"The window issue at storage area happened again, please review.",Cleaning,Complaint,IND-09
SYN-00699,Request to inspect window - north wing - before noon.,Cleaning,Service Request,IND-05
SYN-00700,"Please review the appointment at reception, when available.",Customer Support,Service Request,IND-08
SYN-00701,"Remove waste bin at main office, as soon as possible",Cleaning,Support Request,IND-10
SYN-00702,Service needed: configure network in reception this afternoon.,IT Support,Service Request,IND-02
SYN-00703,"Please connect the network at level two, today.",IT Support,Service Request,IND-02
SYN-00704,Help needed to deliver package in main office as soon as possible.,Logistics,Support Request,IND-10
SYN-00705,Service needed: wash spill in storage area before noon,Cleaning,Service Request,IND-05
SYN-00706,help needed to monitor access badge in main office as soon as possible.,Security,Support Request,IND-10
SYN-00707,Complaint: recurring issue with hallway at main office.,Cleaning,Complaint,IND-09
SYN-00708,"please locate the shipment at storage area, today",Logistics,Service Request,IND-03
SYN-00709,Service needed: prepare beverage station in reception before noon,Food Services,Service Request,IND-04
SYN-00710,"Please locate the supply order at north wing, as soon as possible.",Logistics,Service Request,IND-03
SYN-00711,"The door issue at level two happened again, please review.",Facilities,Complaint,IND-09
SYN-00713,"Please confirm the meal order at north wing, as soon as possible.",Food Services,Service Request,IND-04
SYN-00714,complaint: recurring issue with door at reception.,Facilities,Complaint,IND-09
SYN-00715,Help needed to clean hallway in main office this afternoon.,Cleaning,Support Request,IND-10
SYN-00716,Request to inspect air conditioner - main office - when available.,Facilities,Service Request,IND-01
SYN-00717,Help needed to clarify feedback in reception before noon,Customer Support,Support Request,IND-10
SYN-00718,"The parking gate issue at storage area happened again, please review",Security,Complaint,IND-09
SYN-00719,service needed: inspect waste bin in north wing before noon.,Cleaning,Service Request,IND-05
SYN-00720,"Please provide support to authorize the access badge at level two, as soon as possible.",Security,Support Request,IND-10
SYN-00721,"pls inspect the air conditioner at reception, when available",Facilities,Service Request,IND-01
SYN-00722,"Please wash the meeting room at main office, when available.",Cleaning,Service Request,IND-05
SYN-00723,"the network issue at main office happened again, pls review.",IT Support,Complaint,IND-09
SYN-00724,"Please verify the parking gate at main office, before noon.",Security,Service Request,IND-06
SYN-00725,Help needed to review special meal in reception before noon.,Food Services,Support Request,IND-10
SYN-00726,Request to wash waste bin - reception - today.,Cleaning,Service Request,IND-05
SYN-00727,Service needed: diagnose printer in north wing this afternoon.,IT Support,Service Request,IND-02
SYN-00728,"please restore the water leak at level two, before noon.",Facilities,Service Request,IND-01
SYN-00729,"The meeting room issue at storage area happened again, please review.",Cleaning,Complaint,IND-09
SYN-00730,Complaint: recurring issue with camera at level two,Security,Complaint,IND-09
SYN-00731,"Please provide support to repair the elevator at north wing, when available.",Facilities,Support Request,IND-10
SYN-00732,"Deliver shipment at north wing, as soon as possible.",Logistics,Complaint,IND-09
SYN-00733,"the food tray issue at level two happened again, please review",Food Services,Complaint,IND-09
SYN-00734,"Please diagnose the printer at main office, as soon as possible.",Facilities,Service Request,IND-01
SYN-00735,Service needed: inspect air conditioner in level two as soon as possible,Facilities,Service Request,IND-01
SYN-00736,Request to schedule document box - reception - as soon as possible.,Logistics,Service Request,IND-03
SYN-00737,Request to reset user account - storage area - before noon.,IT Support,Service Request,IND-02
SYN-00738,"Please provide support to replace the food tray at north wing, when available.",Food Services,Support Request,IND-10
SYN-00739,Service needed: replace beverage station in level two today.,Food Services,Service Request,IND-04
SYN-00740,"Connect laptop at north wing, as soon as possible.",IT Support,Service Request,IND-02
SYN-00741,Request to restore water leak - main office - today.,Facilities,Service Request,IND-01
SYN-00742,request to repair office chair - storage area - when available,Equipment,Service Request,IND-07
SYN-00743,Complaint: recurring issue with water leak at north wing.,Facilities,Complaint,IND-09
SYN-00744,help needed to monitor visitor entrance in main office when available.,Security,Support Request,IND-10
SYN-00745,"Please sanitize the hallway at north wing, before noon",Cleaning,Service Request,IND-05
SYN-00746,"Clarify feedback at level two, today.",Customer Support,Service Request,IND-08
SYN-00747,"The printer issue at north wing happened again, please review.",IT Support,Complaint,IND-09
SYN-00748,"Configure user account at storage area, this afternoon.",IT Support,Service Request,IND-02
SYN-00749,Help needed to prepare beverage station in storage area today.,Food Services,Support Request,IND-10
SYN-00750,Help needed to confirm beverage station in level two when available.,Food Services,Support Request,IND-10
SYN-00751,"Please provide support to diagnose the application at level two, when available.",IT Support,Support Request,IND-10
SYN-00752,"Please review the menu at north wing, when available",Food Services,Service Request,IND-04
SYN-00753,request to configure printer - level two - when available.,IT Support,Service Request,IND-02
SYN-00754,Service needed: adjust water leak in north wing today.,Facilities,Service Request,IND-01
SYN-00755,"please provide the projector at level two, this afternoon",Equipment,Service Request,IND-07
SYN-00756,Complaint: recurring issue with food tray at reception.,Food Services,Complaint,IND-09
SYN-00757,"Please provide support to deliver the supply order at north wing, today",Logistics,Support Request,IND-10
SYN-00758,"Deliver document box at main office, today",Logistics,Service Request,IND-03
SYN-00759,service needed: locate access badge in level two this afternoon.,Security,Service Request,IND-06
SYN-00760,"The meeting room issue at main office happened again, please review.",Cleaning,Complaint,IND-09
SYN-00761,"Please check the air conditioner at main office, before noon.",Facilities,Service Request,IND-01
SYN-00762,complaint: recurring issue with feedback at reception.,Customer Support,Complaint,IND-09
SYN-00763,Help needed to wash hallway in level two as soon as possible.,Cleaning,Support Request,IND-10
SYN-00764,"Check lighting at north wing, this afternoon.",Facilities,Service Request,IND-01
SYN-00765,"Please provide support to adjust the air conditioner at main office, when available.",Facilities,Support Request,IND-10
SYN-00766,Request to remove hallway - reception - as soon as possible.,Cleaning,Service Request,IND-05
SYN-00767,request to confirm special meal - level two - this afternoon.,Food Services,Service Request,IND-04
SYN-00768,Request to collect delivery cart - north wing - before noon,Logistics,Service Request,IND-03
SYN-00769,"The visitor entrance issue at level two happened again, please review.",Security,Complaint,IND-09
SYN-00770,"diagnose application at main office, as soon as possible",IT Support,Service Request,IND-02
SYN-00771,"Please remove the meeting room at storage area, today.",Cleaning,Service Request,IND-05
SYN-00772,"inspect power unit at north wing, before noon.",Facilities,Support Request,IND-10
SYN-00773,"Please provide support to configure the network at main office, when available.",IT Support,Support Request,IND-10
SYN-00774,"The shipment issue at north wing happened again, pls review.",Logistics,Complaint,IND-09
SYN-00775,request to connect laptop - north wing - this afternoon.,IT Support,Service Request,IND-02
SYN-00776,Service needed: follow up appointment in north wing as soon as possible.,Food Services,Service Request,IND-04
SYN-00777,"Confirm food tray at north wing, this afternoon",Facilities,Complaint,IND-09
SYN-00778,"please transfer the delivery cart at level two, today.",Logistics,Service Request,IND-03
SYN-00779,Service needed: inspect air conditioner in north wing before noon.,Logistics,Service Request,IND-03
SYN-00780,"Please prepare the meal order at level two, this afternoon.",Food Services,Service Request,IND-04
SYN-00781,Request to replace power unit - level two - when available.,Equipment,Service Request,IND-07
SYN-00782,complaint: recurring issue with door at storage area.,Facilities,Complaint,IND-09
SYN-00783,help needed to deliver shipment in level two this afternoon,Logistics,Support Request,IND-10
SYN-00784,"Connect laptop at main office, today.",IT Support,Service Request,IND-02
SYN-00785,Request to provide office chair - north wing - when available,Equipment,Service Request,IND-07
SYN-00786,request to check lighting - reception - this afternoon.,Facilities,Service Request,IND-01
SYN-00787,Request to sanitize window - level two - when available.,Facilities,Service Request,IND-01
SYN-00788,"Deliver menu at main office, today.",Food Services,Complaint,IND-01
SYN-00789,Service needed: check elevator in level two as soon as possible.,Facilities,Service Request,IND-01
SYN-00790,Request to repair air conditioner - north wing - before noon.,Facilities,Service Request,IND-01
SYN-00791,"Please follow up the feedback at north wing, this afternoon.",Customer Support,Service Request,IND-08
SYN-00792,"Please provide support to reset the laptop at level two, before noon.",IT Support,Support Request,IND-10
SYN-00793,"Follow up appointment at level two, before noon.",Customer Support,Service Request,IND-08
SYN-00794,Service needed: review special meal in north wing before noon.,Food Services,Service Request,IND-04
SYN-00795,Help needed to respond to appointment in storage area as soon as possible.,Customer Support,Support Request,IND-10
SYN-00796,Request to connect laptop - level two - as soon as possible.,IT Support,Service Request,IND-02
SYN-00797,Complaint: recurring issue with projector at reception.,Equipment,Complaint,IND-09
SYN-00798,"Please clean the waste bin at reception, this afternoon",Cleaning,Service Request,IND-05
SYN-00799,"restore air conditioner at main office, as soon as possible.",Facilities,Complaint,IND-09
SYN-00801,"Please provide support to locate the shipment at reception, before noon",Logistics,Support Request,IND-10
SYN-00802,Help needed to review menu in reception before noon.,Food Services,Support Request,IND-10
SYN-00803,"Please provide support to deliver the menu at reception, when available.",Food Services,Support Request,IND-10
SYN-00804,"Please reset the user account at level two, before noon.",IT Support,Service Request,IND-02
SYN-00805,request to deliver beverage station - north wing - before noon.,Food Services,Service Request,IND-04
SYN-00806,Request to repair door - storage area - today.,Cleaning,Service Request,IND-05
SYN-00808,Complaint: recurring issue with user account at north wing.,IT Support,Complaint,IND-09
SYN-00809,"please repair the water leak at storage area, today.",Facilities,Service Request,IND-01
SYN-00810,"the air conditioner issue at reception happened again, please review.",Facilities,Complaint,IND-09
SYN-00811,Help needed to confirm beverage station in level two before noon.,Food Services,Support Request,IND-10
SYN-00812,Request to restore lighting - level two - before noon.,Facilities,Service Request,IND-01
SYN-00813,Help needed to check lighting in main office as soon as possible.,Facilities,Support Request,IND-10
SYN-00814,Help needed to review food tray in level two as soon as possible.,Food Services,Support Request,IND-10
SYN-00815,request to locate lost item - level two - before noon.,Security,Service Request,IND-06
SYN-00816,Request to reset application - main office - when available.,IT Support,Service Request,IND-02
SYN-00817,"Please provide the office chair at north wing, as soon as possible.",Equipment,Service Request,IND-07
SYN-00818,Request to inspect door - north wing - today.,Facilities,Service Request,IND-01
SYN-00819,"please clean the window at storage area, before noon.",Cleaning,Service Request,IND-05
SYN-00820,Help needed to sanitize spill in level two this afternoon.,Logistics,Support Request,IND-10
SYN-00821,"please provide support to clean the waste bin at reception, when available.",Cleaning,Support Request,IND-10
SYN-00822,"Please inspect the air conditioner at storage area, before noon.",Facilities,Service Request,IND-01
SYN-00823,service needed: clean waste bin in level two today.,Cleaning,Service Request,IND-05
SYN-00824,Complaint: recurring issue with application at reception,IT Support,Complaint,IND-09
SYN-00825,"Please provide support to repair the air conditioner at main office, this afternoon.",Facilities,Support Request,IND-10
SYN-00826,Complaint: recurring issue with camera at north wing.,Security,Complaint,IND-09
SYN-00827,Request to configure application - main office - this afternoon.,IT Support,Service Request,IND-02
SYN-00828,Service needed: respond to service status in north wing when available.,Customer Support,Service Request,IND-08
SYN-00829,"Inspect elevator at reception, this afternoon.",Facilities,Service Request,IND-01
SYN-00830,Help needed to update user account in level two this afternoon,IT Support,Support Request,IND-10
SYN-00831,"The water leak issue at storage area happened again, please review.",Facilities,Complaint,IND-09
SYN-00832,Request to prepare beverage station - main office - as soon as possible,Food Services,Service Request,IND-04
SYN-00833,"Please provide support to transfer the shipment at storage area, as soon as possible.",Logistics,Support Request,IND-10
SYN-00834,Request to collect shipment - main office - today.,Logistics,Service Request,IND-03
SYN-00835,"Please provide support to adjust the lighting at main office, this afternoon.",Facilities,Support Request,IND-10
SYN-00836,Request to adjust door - storage area - as soon as possible.,Facilities,Service Request,IND-01
SYN-00837,Help needed to check lighting in reception before noon.,IT Support,Support Request,IND-10
SYN-00838,"Please sanitize the spill at reception, as soon as possible.",Cleaning,Service Request,IND-05
SYN-00839,"Deliver beverage station at storage area, when available.",Food Services,Service Request,IND-04
SYN-00840,Service needed: clean meeting room in reception as soon as possible.,Cleaning,Service Request,IND-05
SYN-00841,Request to configure laptop - storage area - as soon as possible.,IT Support,Service Request,IND-02
SYN-00842,Request to collect shipment - reception - as soon as possible.,Food Services,Service Request,IND-04
SYN-00843,Help needed to remove meeting room in level two before noon.,Cleaning,Support Request,IND-10
SYN-00844,"Authorize parking gate at storage area, today.",Logistics,Complaint,IND-09
SYN-00845,Request to connect user account - storage area - this afternoon,IT Support,Service Request,IND-02
SYN-00846,Service needed: restore water leak in reception this afternoon.,Facilities,Service Request,IND-01
SYN-00847,help needed to calibrate tool kit in north wing before noon.,Security,Support Request,IND-10
SYN-00848,help needed to review beverage station in level two when available.,Food Services,Support Request,IND-10
SYN-00849,"Please provide support to calibrate the power unit at reception, this afternoon.",Equipment,Support Request,IND-10
SYN-00850,Service needed: replace tool kit in north wing as soon as possible.,Equipment,Service Request,IND-07
SYN-00851,"Inspect water leak at main office, before noon.",Facilities,Service Request,IND-01
SYN-00852,"please provide support to connect the laptop at reception, today.",IT Support,Support Request,IND-10
SYN-00853,Help needed to provide projector in storage area as soon as possible.,Equipment,Support Request,IND-10
SYN-00854,request to update application - reception - as soon as possible.,IT Support,Service Request,IND-02
SYN-00855,Service needed: restore lighting in north wing when available.,Facilities,Service Request,IND-01
SYN-00856,Help needed to clean meeting room in level two before noon.,Cleaning,Support Request,IND-07
SYN-00857,"Check door at reception, when available",Facilities,Support Request,IND-10
SYN-00858,"the water leak issue at storage area happened again, please review",Facilities,Complaint,IND-09
SYN-00859,help needed to deliver menu in north wing this afternoon.,Food Services,Support Request,IND-10
SYN-00860,"Please replace the portable monitor at storage area, as soon as possible.",IT Support,Service Request,IND-02
SYN-00861,"The laptop issue at north wing happened again, please review.",IT Support,Complaint,IND-09
SYN-00862,"please provide support to wash the spill at main office, when available.",Customer Support,Support Request,IND-10
SYN-00863,"Please deliver the shipment at storage area, today.",Logistics,Service Request,IND-03
SYN-00864,"Please deliver the meal order at reception, before noon.",Food Services,Service Request,IND-04
SYN-00865,Request to repair air conditioner - storage area - when available.,Facilities,Service Request,IND-01
SYN-00866,request to authorize camera - main office - today.,Equipment,Service Request,IND-07
SYN-00867,"The appointment issue at main office happened again, please review.",Food Services,Complaint,IND-09
SYN-00868,"Please provide support to prepare the menu at storage area, today.",Food Services,Support Request,IND-10
SYN-00869,Service needed: repair water leak in reception this afternoon.,Facilities,Service Request,IND-01
SYN-00870,"Please confirm the special meal at storage area, today.",Food Services,Service Request,IND-04
SYN-00871,"The lighting issue at main office happened again, please review.",Facilities,Complaint,IND-09
SYN-00872,Service needed: confirm special meal in reception as soon as possible,Food Services,Service Request,IND-04
SYN-00873,help needed to confirm special meal in main office before noon.,Food Services,Support Request,IND-10
SYN-00874,Request to update laptop - reception - before noon,IT Support,Service Request,IND-02
SYN-00875,"Replace food tray at north wing, as soon as possible",Food Services,Service Request,IND-04
SYN-00876,"The supply order issue at storage area happened again, please review.",Logistics,Complaint,IND-09
SYN-00877,Complaint: recurring issue with laptop at north wing.,IT Support,Complaint,IND-09
SYN-00878,Service needed: review beverage station in level two as soon as possible.,Food Services,Service Request,IND-04
SYN-00879,"Please provide support to configure the application at level two, this afternoon.",IT Support,Support Request,IND-10
SYN-00880,Request to update user account - reception - today.,IT Support,Service Request,IND-02
SYN-00881,"The beverage station issue at storage area happened again, please review.",Food Services,Complaint,IND-09
SYN-00882,"the complaint issue at storage area happened again, please review.",Customer Support,Complaint,IND-09
SYN-00883,"Please repair the door at main office, before noon.",Facilities,Service Request,IND-01
SYN-00885,Help needed to check elevator in main office before noon.,Logistics,Support Request,IND-10
SYN-00886,Request to check door - north wing - before noon.,Facilities,Service Request,IND-01
SYN-00887,"please provide support to prepare the special meal at north wing, when available.",Food Services,Support Request,IND-10
SYN-00889,Service needed: transfer supply order in main office when available.,Logistics,Service Request,IND-03
SYN-00890,complaint: recurring issue with lighting at main office.,Facilities,Complaint,IND-09
SYN-00891,service needed: monitor visitor entrance in level two this afternoon.,Security,Service Request,IND-06
SYN-00892,Help needed to repair water leak in storage area before noon.,Facilities,Support Request,IND-10
SYN-00893,Request to calibrate office chair - level two - when available.,Equipment,Service Request,IND-07
SYN-00894,"Please provide support to remove the meeting room at reception, when available",Cleaning,Support Request,IND-10
SYN-00895,"The delivery cart issue at main office happened again, please review.",Logistics,Complaint,IND-09
SYN-00896,request to locate document box - main office - when available.,Logistics,Service Request,IND-03
SYN-00897,request to configure laptop - main office - before noon.,IT Support,Service Request,IND-02
SYN-00898,Service needed: reset printer in north wing when available.,IT Support,Service Request,IND-02
SYN-00899,"Please configure the application at north wing, before noon",IT Support,Service Request,IND-02
SYN-00900,"the appointment issue at storage area happened again, pls review.",Customer Support,Complaint,IND-09
SYN-00901,Complaint: recurring issue with elevator at reception.,Facilities,Complaint,IND-09
SYN-00902,Request to sanitize window - level two - today.,Cleaning,Service Request,IND-05
SYN-00903,Service needed: replace menu in reception before noon.,Food Services,Service Request,IND-04
SYN-00904,"The visitor entrance issue at main office happened again, please review.",Security,Complaint,IND-01
SYN-00905,Service needed: connect user account in main office today.,IT Support,Service Request,IND-02
SYN-00906,Service needed: restore water leak in reception as soon as possible.,Facilities,Service Request,IND-01
SYN-00907,"The delivery cart issue at main office happened again, please review",Logistics,Complaint,IND-09
SYN-00908,"The document box issue at north wing happened again, please review.",Logistics,Complaint,IND-09
SYN-00909,"Please collect the package at reception, today.",Logistics,Service Request,IND-03
SYN-00910,Request to replace food tray - north wing - as soon as possible.,Food Services,Service Request,IND-04
SYN-00911,"Please repair the door at north wing, before noon.",Facilities,Service Request,IND-01
SYN-00912,help needed to clean meeting room in reception as soon as possible.,Cleaning,Support Request,IND-10
SYN-00913,"Please provide support to review the feedback at reception, before noon.",Logistics,Support Request,IND-10
SYN-00914,"please provide support to review the special meal at main office, before noon.",Food Services,Support Request,IND-10
SYN-00915,Service needed: connect user account in main office when available.,IT Support,Service Request,IND-02
SYN-00916,"replace power unit at north wing, today.",Equipment,Service Request,IND-07
SYN-00917,"The lighting issue at level two happened again, please review.",Facilities,Complaint,IND-09
SYN-00918,Request to sanitize hallway - level two - today.,Cleaning,Service Request,IND-05
SYN-00919,Request to collect document box - north wing - as soon as possible.,Logistics,Service Request,IND-03
SYN-00920,Request to review feedback - main office - before noon.,Customer Support,Service Request,IND-06
SYN-00921,"Repair elevator at main office, when available.",Facilities,Complaint,IND-09
SYN-00922,"The water leak issue at level two happened again, please review",Facilities,Complaint,IND-09
SYN-00923,"remove meeting room at storage area, this afternoon.",Equipment,Complaint,IND-09
SYN-00924,"Please repair the projector at storage area, before noon",Equipment,Service Request,IND-07
SYN-00925,"Sanitize waste bin at main office, when available.",Cleaning,Service Request,IND-05
SYN-00926,"Please confirm the special meal at reception, before noon",Food Services,Service Request,IND-04
SYN-00927,Help needed to review lost item in main office today.,Security,Support Request,IND-10
SYN-00928,Help needed to review access badge in north wing when available.,Security,Support Request,IND-10
SYN-00929,Help needed to repair elevator in reception before noon.,Facilities,Support Request,IND-10
SYN-00930,"Please provide support to reset the application at north wing, this afternoon.",IT Support,Support Request,IND-10
SYN-00931,"Transfer document box at reception, this afternoon.",Logistics,Service Request,IND-03
SYN-00932,Request to inspect door - reception - as soon as possible.,Facilities,Service Request,IND-01
SYN-00933,Request to diagnose user account - main office - before noon.,IT Support,Service Request,IND-02
SYN-00934,Service needed: authorize lost item in storage area before noon.,Security,Service Request,IND-06
SYN-00935,Service needed: restore door in level two today.,Facilities,Service Request,IND-01
SYN-00936,Complaint: recurring issue with meeting room at reception.,Cleaning,Complaint,IND-09
SYN-00937,"Please provide support to sanitize the waste bin at north wing, when available.",Cleaning,Support Request,IND-10
SYN-00938,"repair water leak at reception, before noon.",Facilities,Service Request,IND-01
SYN-00939,Help needed to replace special meal in storage area today.,Food Services,Support Request,IND-10
SYN-00940,Service needed: provide tool kit in north wing before noon.,Equipment,Service Request,IND-07
SYN-00941,"Please provide support to inspect the hallway at north wing, this afternoon.",Cleaning,Support Request,IND-10
SYN-00942,"please provide support to respond to the service status at north wing, before noon",Food Services,Support Request,IND-10
SYN-00943,"The spill issue at storage area happened again, please review.",Cleaning,Complaint,IND-09
SYN-00944,"the food tray issue at main office happened again, please review.",Food Services,Complaint,IND-09
SYN-00945,"Replace office chair at storage area, before noon.",Facilities,Service Request,IND-01
SYN-00946,"Wash waste bin at main office, when available.",Cleaning,Support Request,IND-10
SYN-00947,"Transfer document box at north wing, this afternoon.",Logistics,Service Request,IND-03
SYN-00948,Request to follow up service status - level two - as soon as possible.,Customer Support,Service Request,IND-08
SYN-00949,service needed: check door in storage area before noon,Facilities,Service Request,IND-01
SYN-00950,Request to adjust door - north wing - when available.,Facilities,Service Request,IND-01
SYN-00951,Complaint: recurring issue with projector at north wing.,Equipment,Complaint,IND-09
SYN-00952,Help needed to update network in storage area as soon as possible.,IT Support,Support Request,IND-10
SYN-00953,"Configure laptop at reception, today.",IT Support,Service Request,IND-02
SYN-00954,Service needed: inspect spill in main office as soon as possible,Cleaning,Service Request,IND-05
SYN-00955,help needed to repair door in storage area as soon as possible.,Facilities,Support Request,IND-10
SYN-00956,"please adjust the air conditioner at main office, today",Facilities,Service Request,IND-01
SYN-00957,"Connect laptop at main office, when available.",IT Support,Service Request,IND-02
SYN-00958,Service needed: replace menu in reception as soon as possible.,Food Services,Service Request,IND-04
SYN-00959,"Restore water leak at main office, as soon as possible.",Facilities,Service Request,IND-01
SYN-00960,"Remove window at level two, when available.",Cleaning,Support Request,IND-10
SYN-00961,"locate document box at north wing, as soon as possible.",Logistics,Service Request,IND-03
SYN-00962,"please provide support to update the network at storage area, before noon.",IT Support,Support Request,IND-10
SYN-00963,"restore lighting at main office, when available.",Facilities,Service Request,IND-01
SYN-00964,"Adjust elevator at main office, before noon.",Facilities,Complaint,IND-09
SYN-00965,"Please inspect the office chair at north wing, today.",Equipment,Service Request,IND-07
SYN-00966,"The complaint issue at storage area happened again, please review.",Food Services,Complaint,IND-09
SYN-00967,Help needed to schedule shipment in main office before noon.,Logistics,Support Request,IND-10
SYN-00968,"Please inspect the lighting at reception, this afternoon.",Facilities,Service Request,IND-01
SYN-00969,"Locate shipment at level two, when available.",Logistics,Support Request,IND-10
SYN-00970,Request to wash window - reception - when available.,Cleaning,Service Request,IND-05
SYN-00971,"Please provide support to inspect the office chair at main office, when available.",Equipment,Support Request,IND-10
SYN-00972,Complaint: recurring issue with food tray at storage area.,Food Services,Complaint,IND-09
SYN-00973,"Please inspect the portable monitor at north wing, as soon as possible.",Equipment,Service Request,IND-07
SYN-00974,Request to clean hallway - storage area - when available.,Cleaning,Service Request,IND-05
SYN-00975,Service needed: restore air conditioner in storage area this afternoon.,Facilities,Service Request,IND-01
SYN-00976,Service needed: review appointment in north wing before noon.,Customer Support,Service Request,IND-08
SYN-00977,help needed to deliver document box in storage area when available.,Logistics,Support Request,IND-10
SYN-00979,Complaint: recurring issue with laptop at level two.,IT Support,Complaint,IND-09
SYN-00980,"Follow up feedback at north wing, before noon.",Customer Support,Service Request,IND-08
SYN-00981,Help needed to remove hallway in storage area today.,Cleaning,Support Request,IND-10
SYN-00982,"please adjust the elevator at north wing, as soon as possible.",Facilities,Service Request,IND-01
SYN-00983,"Please clean the hallway at storage area, as soon as possible.",Cleaning,Service Request,IND-05
SYN-00984,"Please deliver the delivery cart at north wing, as soon as possible.",Food Services,Service Request,IND-04
SYN-00985,"please provide support to check the water leak at reception, when available.",Facilities,Support Request,IND-10
SYN-00986,"Please prepare the beverage station at main office, when available.",Food Services,Service Request,IND-04
SYN-00987,"Schedule package at level two, when available.",Logistics,Service Request,IND-03
SYN-00988,Help needed to inspect air conditioner in level two this afternoon.,Facilities,Support Request,IND-10
SYN-00989,Request to diagnose user account - reception - when available.,IT Support,Service Request,IND-02
SYN-00990,"Please provide support to locate the document box at reception, before noon.",Logistics,Support Request,IND-10
SYN-00991,request to verify camera - main office - before noon.,Security,Service Request,IND-06
SYN-00992,"the delivery cart issue at main office happened again, please review.",Logistics,Complaint,IND-09
SYN-00993,help needed to check door in main office before noon.,Facilities,Support Request,IND-10
SYN-00994,Service needed: inspect meeting room in storage area when available,Cleaning,Service Request,IND-05
SYN-00995,Service needed: transfer delivery cart in level two today.,Logistics,Service Request,IND-03
SYN-00996,Service needed: confirm special meal in main office before noon,Food Services,Service Request,IND-04
SYN-00997,Help needed to update user account in north wing today,IT Support,Support Request,IND-10
SYN-00998,"Please configure the application at reception, this afternoon.",IT Support,Service Request,IND-02
SYN-00999,Complaint: recurring issue with access badge at level two.,Security,Complaint,IND-09
SYN-01000,service needed: reset network in reception as soon as possible.,IT Support,Service Request,IND-02
SYN-01001,Service needed: wash hallway in main office this afternoon.,Cleaning,Service Request,IND-05
SYN-01002,Help needed to schedule package in reception when available.,Logistics,Support Request,IND-10
SYN-01003,"Restore air conditioner at north wing, before noon.",Facilities,Service Request,IND-01
SYN-01004,Request to restore lighting - storage area - as soon as possible.,Facilities,Service Request,IND-01
SYN-01005,"Repair water leak at north wing, this afternoon.",Facilities,Service Request,IND-01
SYN-01006,complaint: recurring issue with door at reception,Facilities,Complaint,IND-09
SYN-01007,"The meal order issue at level two happened again, please review.",Facilities,Complaint,IND-09
SYN-01008,Request to confirm food tray - main office - before noon.,Food Services,Service Request,IND-04
SYN-01009,Complaint: recurring issue with delivery cart at main office.,Logistics,Complaint,IND-09
SYN-01010,"Please update the user account at level two, today",IT Support,Service Request,IND-02
SYN-01011,service needed: repair lighting in reception when available.,Facilities,Service Request,IND-01
SYN-01012,"Please clarify the feedback at north wing, as soon as possible.",Customer Support,Service Request,IND-08
SYN-01013,Request to deliver beverage station - main office - today.,Food Services,Service Request,IND-04
SYN-01014,"Reset network at reception, before noon.",IT Support,Service Request,IND-02
SYN-01015,Request to repair water leak - north wing - today,Facilities,Service Request,IND-01
SYN-01016,"please calibrate the projector at main office, when available.",Equipment,Service Request,IND-07
SYN-01018,Request to configure user account - reception - before noon.,IT Support,Service Request,IND-02
SYN-01019,"Please locate the package at storage area, when available.",Logistics,Service Request,IND-03
SYN-01020,"Check door at storage area, before noon.",Facilities,Service Request,IND-01
SYN-01021,service needed: check air conditioner in storage area as soon as possible.,Facilities,Service Request,IND-01
SYN-01022,"Please check the lighting at storage area, today.",Facilities,Service Request,IND-01
SYN-01023,"Please inspect the elevator at north wing, today.",Facilities,Service Request,IND-01
SYN-01024,"Please prepare the meal order at north wing, when available",Food Services,Service Request,IND-04
SYN-01025,Service needed: provide tool kit in level two today,Equipment,Service Request,IND-07
SYN-01026,Request to verify parking gate - reception - today.,Logistics,Service Request,IND-03
SYN-01027,"Clarify service status at level two, this afternoon.",Customer Support,Support Request,IND-10
SYN-01028,"Please configure the user account at storage area, today",IT Support,Service Request,IND-02
SYN-01029,"Please provide support to transfer the supply order at reception, this afternoon.",Logistics,Support Request,IND-10
SYN-01030,Help needed to inspect water leak in north wing before noon.,Facilities,Support Request,IND-03
SYN-01031,"Wash spill at north wing, before noon.",Cleaning,Service Request,IND-05
SYN-01032,"Please schedule the package at reception, today.",Logistics,Service Request,IND-03
SYN-01033,"Please connect the network at north wing, before noon.",IT Support,Service Request,IND-02
SYN-01034,"please check the lighting at north wing, this afternoon",Facilities,Service Request,IND-01
SYN-01035,"Please inspect the window at north wing, when available.",Cleaning,Service Request,IND-05
SYN-01036,Complaint: recurring issue with air conditioner at main office.,Facilities,Complaint,IND-09
SYN-01037,"Sanitize hallway at reception, as soon as possible.",Cleaning,Service Request,IND-05
SYN-01038,service needed: collect document box in storage area this afternoon.,Logistics,Service Request,IND-03
SYN-01039,"The printer issue at north wing happened again, please review.",Logistics,Complaint,IND-09
SYN-01040,"Please provide support to update the laptop at reception, this afternoon.",IT Support,Support Request,IND-10
SYN-01041,Service needed: configure application in storage area before noon.,IT Support,Service Request,IND-02
SYN-01042,Request to configure application - reception - before noon.,IT Support,Service Request,IND-02
SYN-01043,Help needed to schedule supply order in main office as soon as possible.,Logistics,Support Request,IND-10
SYN-01044,Help needed to transfer supply order in reception this afternoon.,Logistics,Support Request,IND-10
SYN-01046,service needed: inspect water leak in main office as soon as possible.,Facilities,Service Request,IND-01
SYN-01047,"Please inspect the power unit at north wing, as soon as possible.",Facilities,Service Request,IND-01
SYN-01048,"The beverage station issue at main office happened again, please review",Food Services,Complaint,IND-09
SYN-01049,Complaint: recurring issue with lighting at north wing.,Facilities,Complaint,IND-09
SYN-01050,service needed: restore elevator in storage area today.,Facilities,Service Request,IND-01
SYN-01051,Help needed to reset application in level two before noon.,IT Support,Support Request,IND-10
SYN-01052,Service needed: deliver supply order in reception before noon.,Logistics,Service Request,IND-03
SYN-01053,Request to confirm beverage station - north wing - today.,Food Services,Service Request,IND-04
SYN-01054,Service needed: sanitize hallway in level two when available.,Equipment,Service Request,IND-07
SYN-01055,request to repair air conditioner - main office - as soon as possible.,Facilities,Service Request,IND-01
SYN-01056,"Monitor camera at level two, before noon.",Security,Service Request,IND-06
SYN-01057,"Locate camera at reception, before noon.",Security,Service Request,IND-06
SYN-01058,"Please provide support to inspect the hallway at main office, before noon.",Cleaning,Support Request,IND-03
SYN-01059,Request to restore water leak - main office - before noon,Facilities,Service Request,IND-01
SYN-01060,Service needed: reset laptop in main office as soon as possible.,IT Support,Service Request,IND-02
SYN-01062,service needed: prepare special meal in reception today.,Food Services,Service Request,IND-08
SYN-01063,"Please adjust the lighting at main office, before noon.",Facilities,Service Request,IND-01
SYN-01064,"Repair water leak at north wing, when available.",Facilities,Service Request,IND-01
SYN-01065,help needed to reset laptop in north wing when available.,IT Support,Support Request,IND-10
SYN-01066,"The meal order issue at reception happened again, please review.",IT Support,Complaint,IND-09
SYN-01067,"Please provide support to restore the elevator at north wing, this afternoon.",Facilities,Support Request,IND-10
SYN-01068,service needed: prepare special meal in reception when available.,Food Services,Service Request,IND-04
SYN-01069,"please provide support to inspect the window at level two, before noon.",Cleaning,Support Request,IND-10
SYN-01070,Help needed to inspect portable monitor in reception when available.,Equipment,Support Request,IND-10
SYN-01071,Complaint: recurring issue with application at storage area.,IT Support,Complaint,IND-08
SYN-01072,"Please clean the meeting room at storage area, before noon.",Customer Support,Service Request,IND-08
SYN-01073,Complaint: recurring issue with shipment at north wing,Logistics,Complaint,IND-09
SYN-01074,"Please provide support to locate the package at level two, when available.",Logistics,Support Request,IND-10
SYN-01075,request to schedule delivery cart - level two - before noon,Logistics,Service Request,IND-03
SYN-01076,"Collect package at north wing, today.",Logistics,Service Request,IND-03
SYN-01077,"Please transfer the package at north wing, this afternoon.",Food Services,Service Request,IND-04
SYN-01078,"Follow up feedback at storage area, as soon as possible.",Customer Support,Complaint,IND-09
SYN-01079,Request to deliver document box - level two - before noon.,Logistics,Service Request,IND-03
SYN-01080,"please transfer the delivery cart at main office, today.",Logistics,Service Request,IND-03
SYN-01081,Request to adjust door - storage area - before noon.,Facilities,Service Request,IND-01
SYN-01082,"Please provide support to reset the user account at main office, today.",IT Support,Support Request,IND-10
SYN-01083,Request to locate delivery cart - level two - today.,Logistics,Service Request,IND-03
SYN-01084,"Please provide support to calibrate the office chair at north wing, before noon",Equipment,Support Request,IND-10
SYN-01085,"Please check the door at level two, as soon as possible.",Facilities,Service Request,IND-01
SYN-01086,Complaint: recurring issue with window at storage area.,Cleaning,Complaint,IND-09
SYN-01087,Request to transfer shipment - north wing - today.,Logistics,Service Request,IND-03
SYN-01088,Service needed: confirm beverage station in reception when available.,Food Services,Service Request,IND-04
SYN-01089,"Restore water leak at reception, as soon as possible.",Facilities,Service Request,IND-01
SYN-01090,"Please check the air conditioner at reception, this afternoon.",Facilities,Service Request,IND-01
SYN-01091,request to clean waste bin - north wing - when available.,Cleaning,Service Request,IND-05
SYN-01092,"Please diagnose the printer at main office, when available",IT Support,Service Request,IND-02
SYN-01093,"Please repair the air conditioner at level two, before noon.",Facilities,Service Request,IND-01
SYN-01094,Service needed: transfer package in level two before noon.,Logistics,Service Request,IND-03
SYN-01095,Request to connect user account - main office - this afternoon.,Cleaning,Service Request,IND-05
SYN-01096,"the meeting room issue at main office happened again, please review.",Cleaning,Complaint,IND-09
SYN-01097,"Repair tool kit at level two, before noon.",Equipment,Support Request,IND-10
SYN-01098,"please configure the laptop at north wing, before noon.",IT Support,Service Request,IND-02
SYN-01099,"the hallway issue at main office happened again, please review",Cleaning,Complaint,IND-09
SYN-01100,Request to configure user account - reception - as soon as possible.,IT Support,Service Request,IND-02
SYN-01101,"Schedule supply order at north wing, when available.",Facilities,Complaint,IND-09
SYN-01102,Request to authorize lost item - storage area - as soon as possible.,Security,Service Request,IND-06
SYN-01103,svc needed: calibrate projector in north wing when available.,Equipment,Service Request,IND-07
SYN-01104,"Check air conditioner at level two, before noon.",Facilities,Support Request,IND-10
SYN-01105,"Please repair the elevator at main office, today.",Facilities,Service Request,IND-01
SYN-01106,"Diagnose printer at storage area, when available.",IT Support,Complaint,IND-09
SYN-01107,Service needed: locate camera in north wing as soon as possible.,Security,Service Request,IND-06
SYN-01108,Request to register information request - north wing - as soon as possible.,Customer Support,Service Request,IND-08
SYN-01109,"please provide support to inspect the door at main office, today.",Facilities,Support Request,IND-10
SYN-01110,"Please collect the delivery cart at reception, when available.",Logistics,Service Request,IND-03
SYN-01111,Service needed: reset network in reception this afternoon.,IT Support,Service Request,IND-02
SYN-01112,Request to schedule document box - level two - when available.,Logistics,Service Request,IND-03
SYN-01113,"Please deliver the delivery cart at reception, today.",Logistics,Service Request,IND-03
SYN-01114,"Please provide support to clean the spill at storage area, as soon as possible.",IT Support,Support Request,IND-10
SYN-01115,"Please review the special meal at north wing, before noon.",Food Services,Service Request,IND-04
SYN-01116,Help needed to adjust door in storage area before noon.,Facilities,Support Request,IND-10
SYN-01117,Service needed: calibrate projector in main office this afternoon.,Equipment,Service Request,IND-07
SYN-01118,"Please diagnose the laptop at storage area, as soon as possible.",IT Support,Service Request,IND-02
SYN-01119,"The air conditioner issue at level two happened again, please review.",Facilities,Complaint,IND-09
SYN-01120,"please prepare the food tray at level two, this afternoon.",Food Services,Service Request,IND-04
SYN-01121,"Schedule supply order at main office, this afternoon.",Logistics,Service Request,IND-03
SYN-01122,complaint: recurring issue with hallway at main office.,Cleaning,Complaint,IND-09
SYN-01123,"The air conditioner issue at north wing happened again, please review",Facilities,Complaint,IND-09
SYN-01124,"please replace the tool kit at north wing, this afternoon.",Equipment,Service Request,IND-07
SYN-01125,Request to adjust elevator - storage area - this afternoon.,Facilities,Service Request,IND-01
SYN-01126,Help needed to locate delivery cart in storage area today.,Logistics,Support Request,IND-10
SYN-01127,"Please provide support to reset the application at north wing, before noon.",IT Support,Support Request,IND-10
SYN-01128,"please prepare the special meal at main office, this afternoon",Food Services,Service Request,IND-04
SYN-01129,"Configure user account at storage area, before noon.",Logistics,Service Request,IND-03
SYN-01130,Help needed to inspect lighting in storage area as soon as possible,Facilities,Support Request,IND-10
SYN-01131,request to inspect air conditioner - level two - before noon,Facilities,Service Request,IND-01
SYN-01132,Service needed: clean window in north wing before noon.,Cleaning,Service Request,IND-05
SYN-01133,service needed: check elevator in storage area today.,Facilities,Service Request,IND-01
SYN-01134,"Clean window at reception, today.",Cleaning,Support Request,IND-10
SYN-01135,"Check water leak at reception, today.",Facilities,Service Request,IND-01
SYN-01137,"Schedule supply order at main office, before noon.",Logistics,Service Request,IND-03
SYN-01138,Service needed: calibrate tool kit in main office this afternoon.,Equipment,Service Request,IND-07
SYN-01139,Request to inspect water leak - reception - this afternoon.,Facilities,Service Request,IND-01
SYN-01140,"Repair door at storage area, today.",Facilities,Support Request,IND-10
SYN-01141,"Please calibrate the tool kit at level two, as soon as possible.",Equipment,Service Request,IND-07
SYN-01142,Service needed: inspect projector in reception when available.,Equipment,Service Request,IND-07
SYN-01143,Request to adjust water leak - storage area - this afternoon.,Facilities,Service Request,IND-01
SYN-01144,"Please adjust the air conditioner at level two, before noon.",Facilities,Service Request,IND-01
SYN-01145,"Please provide support to connect the printer at north wing, as soon as possible",IT Support,Support Request,IND-10
SYN-01146,svc needed: register svc status in main office before noon,Customer Support,Service Request,IND-08
SYN-01147,"The door issue at reception happened again, please review",Facilities,Complaint,IND-09
SYN-01148,"Inspect power unit at north wing, when available.",Equipment,Service Request,IND-07
SYN-01149,"Please transfer the supply order at north wing, today.",Logistics,Service Request,IND-03
SYN-01150,Request to check elevator - level two - as soon as possible,Facilities,Service Request,IND-01
SYN-01151,"Register feedback at storage area, this afternoon.",Customer Support,Service Request,IND-08
SYN-01152,"sanitize window at storage area, today.",Cleaning,Service Request,IND-05
SYN-01153,Service needed: schedule package in north wing before noon.,Logistics,Service Request,IND-01
SYN-01154,"Reset network at reception, before noon.",IT Support,Complaint,IND-09
SYN-01155,Complaint: recurring issue with office chair at reception.,IT Support,Complaint,IND-09
SYN-01156,"Clarify appointment at main office, when available.",Customer Support,Service Request,IND-08
SYN-01157,complaint: recurring issue with food tray at north wing.,Food Services,Complaint,IND-09
SYN-01158,"the elevator issue at storage area happened again, please review.",Facilities,Complaint,IND-09
SYN-01159,"The lighting issue at storage area happened again, please review.",Facilities,Complaint,IND-09
SYN-01160,Help needed to prepare special meal in level two before noon.,Food Services,Support Request,IND-10
SYN-01162,Service needed: locate supply order in north wing this afternoon.,Logistics,Service Request,IND-03
SYN-01163,"The elevator issue at storage area happened again, please review",Facilities,Complaint,IND-09
SYN-01164,"Please inspect the tool kit at reception, as soon as possible.",Equipment,Service Request,IND-07
SYN-01165,"The document box issue at level two happened again, please review.",Logistics,Complaint,IND-09
SYN-01166,"Please schedule the shipment at storage area, when available.",Security,Service Request,IND-06
SYN-01167,"Reset printer at reception, before noon",IT Support,Service Request,IND-02
SYN-01168,"Please provide support to check the water leak at north wing, as soon as possible",Facilities,Support Request,IND-10
SYN-01169,Request to deliver shipment - storage area - as soon as possible.,Logistics,Service Request,IND-03
SYN-01170,"Inspect tool kit at main office, when available.",Equipment,Service Request,IND-07
SYN-01171,"Locate delivery cart at storage area, before noon.",Logistics,Support Request,IND-10
SYN-01172,"The package issue at level two happened again, please review.",IT Support,Complaint,IND-09
SYN-01173,"adjust water leak at main office, when available.",Facilities,Service Request,IND-01
SYN-01175,Request to replace beverage station - reception - as soon as possible.,Food Services,Service Request,IND-04
SYN-01176,Service needed: check air conditioner in north wing today.,Facilities,Service Request,IND-01
SYN-01177,"locate supply order at main office, before noon.",Logistics,Support Request,IND-10
SYN-01178,Request to check lighting - main office - this afternoon.,Facilities,Service Request,IND-01
SYN-01179,"The access badge issue at storage area happened again, please review.",Security,Complaint,IND-09
SYN-01180,"Please provide support to wash the spill at reception, today",Cleaning,Support Request,IND-10
SYN-01181,Request to wash window - main office - as soon as possible.,Cleaning,Service Request,IND-05
SYN-01182,Request to deliver special meal - reception - as soon as possible.,Food Services,Service Request,IND-04
SYN-01183,"The service status issue at storage area happened again, please review.",Customer Support,Complaint,IND-09
SYN-01184,Service needed: inspect elevator in main office this afternoon,Facilities,Service Request,IND-01
SYN-01185,"The lost item issue at north wing happened again, please review",Security,Complaint,IND-09
SYN-01186,Service needed: schedule document box in reception today.,Food Services,Service Request,IND-04
SYN-01187,Service needed: wash waste bin in storage area this afternoon.,Cleaning,Service Request,IND-05
SYN-01188,"Check elevator at main office, today.",Facilities,Service Request,IND-01
SYN-01189,Service needed: deliver meal order in level two today.,Food Services,Service Request,IND-04
SYN-01190,request to calibrate tool kit - level two - before noon.,Equipment,Service Request,IND-07
SYN-01191,"Please confirm the special meal at level two, today.",Food Services,Service Request,IND-04
SYN-01192,service needed: locate parking gate in reception before noon.,Facilities,Service Request,IND-01
SYN-01193,request to reset printer - storage area - as soon as possible.,IT Support,Service Request,IND-02
SYN-01194,Service needed: provide tool kit in reception when available.,Equipment,Service Request,IND-07
SYN-01195,"Please review the special meal at reception, before noon",Food Services,Service Request,IND-04
SYN-01196,Service needed: configure user account in reception as soon as possible.,IT Support,Service Request,IND-02
SYN-01197,"Deliver delivery cart at reception, today.",Logistics,Complaint,IND-09
SYN-01198,service needed: inspect door in main office today,Facilities,Service Request,IND-01
SYN-01199,"Please provide support to clean the hallway at level two, before noon",Cleaning,Support Request,IND-10
SYN-01200,Help needed to diagnose network in level two this afternoon.,IT Support,Support Request,IND-10
SYN-01201,Service needed: update user account in storage area today,IT Support,Service Request,IND-02
SYN-01202,"Please repair the tool kit at north wing, before noon.",Equipment,Service Request,IND-07
SYN-01203,"reset user account at level two, as soon as possible.",IT Support,Service Request,IND-02
SYN-01204,Service needed: adjust elevator in storage area this afternoon.,Facilities,Service Request,IND-01
SYN-01205,"Please provide support to calibrate the projector at main office, as soon as possible.",Equipment,Support Request,IND-10
SYN-01206,"Provide portable monitor at main office, before noon.",Equipment,Service Request,IND-07
SYN-01207,Service needed: check water leak in reception when available.,Facilities,Service Request,IND-01
SYN-01208,Service needed: register complaint in reception today.,Logistics,Service Request,IND-03
SYN-01209,Complaint: recurring issue with supply order at reception,Food Services,Complaint,IND-09
SYN-01210,"Please review the beverage station at storage area, this afternoon.",Logistics,Service Request,IND-03
SYN-01211,"Please prepare the food tray at level two, this afternoon.",Food Services,Service Request,IND-04
SYN-01212,"The meeting room issue at level two happened again, please review.",Cleaning,Complaint,IND-09
SYN-01213,Service needed: inspect elevator in level two when available.,Facilities,Service Request,IND-01
SYN-01214,Complaint: recurring issue with meal order at main office.,Food Services,Complaint,IND-09
SYN-01215,request to repair tool kit - main office - this afternoon.,Equipment,Service Request,IND-07
SYN-01216,"Please check the water leak at main office, as soon as possible.",Facilities,Service Request,IND-01
SYN-01217,"Please collect the shipment at storage area, when available.",Logistics,Service Request,IND-03
SYN-01218,request to adjust water leak - reception - as soon as possible.,Security,Service Request,IND-06
SYN-01219,Request to inspect water leak - storage area - before noon.,Facilities,Service Request,IND-01
SYN-01220,Service needed: locate visitor entrance in north wing this afternoon,Security,Service Request,IND-06
SYN-01221,Request to reset printer - main office - as soon as possible,IT Support,Service Request,IND-02
SYN-01222,"Please clean the waste bin at reception, as soon as possible.",Cleaning,Service Request,IND-05
SYN-01223,"Please provide support to sanitize the meeting room at storage area, before noon.",Cleaning,Support Request,IND-10
SYN-01224,"Confirm meal order at main office, when available",Food Services,Service Request,IND-04
SYN-01225,"monitor lost item at level two, today.",IT Support,Service Request,IND-02
SYN-01226,"Please connect the application at storage area, when available.",IT Support,Service Request,IND-02
SYN-01227,Service needed: check door in storage area when available.,Facilities,Service Request,IND-01
SYN-01228,"Please review the appointment at level two, this afternoon.",Cleaning,Service Request,IND-05
SYN-01229,Complaint: recurring issue with projector at main office.,Cleaning,Complaint,IND-09
SYN-01230,"Repair door at north wing, before noon.",Facilities,Service Request,IND-01
SYN-01231,Request to confirm meal order - level two - today.,Food Services,Service Request,IND-04
SYN-01232,"Please locate the document box at north wing, as soon as possible",Logistics,Service Request,IND-03
SYN-01233,"the portable monitor issue at reception happened again, please review.",Equipment,Complaint,IND-09
SYN-01234,"Please provide support to verify the visitor entrance at storage area, as soon as possible.",Security,Support Request,IND-10
SYN-01235,Service needed: configure network in north wing when available,IT Support,Service Request,IND-02
SYN-01236,Service needed: calibrate power unit in storage area when available,Facilities,Service Request,IND-01
SYN-01237,Service needed: check lighting in main office today,Facilities,Service Request,IND-01
SYN-01238,Help needed to reset network in north wing when available,IT Support,Support Request,IND-10
SYN-01239,"Please provide support to restore the air conditioner at level two, as soon as possible.",Facilities,Support Request,IND-10
SYN-01240,Request to confirm meal order - level two - before noon.,Food Services,Service Request,IND-04
SYN-01241,"the camera issue at storage area happened again, please review.",Security,Complaint,IND-09
SYN-01242,"please reset the laptop at reception, as soon as possible.",IT Support,Service Request,IND-02
SYN-01243,Service needed: repair elevator in storage area this afternoon.,Facilities,Service Request,IND-01
SYN-01244,"Please provide support to replace the portable monitor at main office, today",Equipment,Support Request,IND-10
SYN-01245,"Please adjust the air conditioner at storage area, as soon as possible.",Facilities,Service Request,IND-01
SYN-01246,Request to prepare food tray - north wing - this afternoon.,Food Services,Service Request,IND-04
SYN-01247,"Please follow up the feedback at main office, before noon.",Customer Support,Service Request,IND-08
SYN-01248,"Please provide support to deliver the supply order at main office, as soon as possible.",Logistics,Support Request,IND-10
SYN-01249,Request to authorize lost item - reception - as soon as possible.,Security,Service Request,IND-06
SYN-01250,"the water leak issue at reception happened again, please review.",Facilities,Complaint,IND-09
SYN-01251,help needed to clean hallway in reception as soon as possible.,Cleaning,Support Request,IND-10
SYN-01252,Help needed to deliver meal order in reception this afternoon.,Food Services,Support Request,IND-10
SYN-01253,service needed: deliver special meal in reception as soon as possible,Food Services,Service Request,IND-04
SYN-01254,Request to check water leak - reception - when available.,Facilities,Service Request,IND-04
SYN-01255,svc needed: restore lighting in main office this afternoon,Facilities,Service Request,IND-01
SYN-01256,Request to follow up feedback - main office - before noon.,Customer Support,Service Request,IND-08
SYN-01257,Service needed: update application in north wing today.,IT Support,Service Request,IND-02
SYN-01259,request to inspect meeting room - level two - this afternoon,Cleaning,Service Request,IND-05
SYN-01260,service needed: deliver shipment in north wing today.,Logistics,Service Request,IND-03
SYN-01261,Request to update laptop - storage area - this afternoon.,IT Support,Service Request,IND-02
SYN-01262,service needed: inspect tool kit in level two this afternoon.,Equipment,Service Request,IND-07
SYN-01263,"Adjust water leak at reception, as soon as possible.",Facilities,Support Request,IND-10
SYN-01264,help needed to sanitize waste bin in level two before noon.,Cleaning,Support Request,IND-10
SYN-01265,"The door issue at main office happened again, please review.",IT Support,Complaint,IND-09
SYN-01266,help needed to wash waste bin in reception as soon as possible.,Cleaning,Support Request,IND-10
SYN-01267,service needed: update network in storage area today.,IT Support,Service Request,IND-02
SYN-01268,service needed: diagnose laptop in main office before noon.,IT Support,Service Request,IND-02
SYN-01269,Service needed: replace portable monitor in main office before noon.,Equipment,Service Request,IND-07
SYN-01270,"Update network at reception, as soon as possible.",IT Support,Service Request,IND-02
SYN-01271,"Review access badge at north wing, this afternoon.",Security,Complaint,IND-09
SYN-01272,Help needed to verify parking gate in reception before noon,Facilities,Support Request,IND-10
SYN-01273,Service needed: repair lighting in level two before noon.,Facilities,Service Request,IND-01
SYN-01274,"Follow up feedback at main office, when available.",Customer Support,Service Request,IND-08
SYN-01275,Request to clean waste bin - level two - when available.,Cleaning,Service Request,IND-05
SYN-01276,Request to restore door - storage area - this afternoon.,Facilities,Service Request,IND-01
SYN-01277,"Replace tool kit at main office, today",Equipment,Service Request,IND-07
SYN-01278,Complaint: recurring issue with package at storage area.,Logistics,Complaint,IND-09
SYN-01279,Complaint: recurring issue with information request at level two.,Customer Support,Complaint,IND-09
SYN-01280,Service needed: review food tray in reception this afternoon.,Food Services,Service Request,IND-04
SYN-01281,Request to review meal order - storage area - before noon.,Food Services,Service Request,IND-04
SYN-01282,Request to repair elevator - north wing - before noon.,Facilities,Service Request,IND-01
SYN-01283,Complaint: recurring issue with special meal at main office,Food Services,Complaint,IND-09
SYN-01284,Request to review visitor entrance - north wing - as soon as possible,Security,Service Request,IND-06
SYN-01285,"pls check the lighting at main office, this afternoon.",Facilities,Service Request,IND-01
SYN-01286,Request to check water leak - main office - this afternoon,Facilities,Service Request,IND-01
SYN-01287,service needed: inspect air conditioner in north wing this afternoon.,Facilities,Service Request,IND-01
SYN-01288,"Please provide support to review the access badge at north wing, this afternoon.",Security,Support Request,IND-10
SYN-01289,"Please replace the portable monitor at storage area, this afternoon",Equipment,Service Request,IND-07
SYN-01290,Complaint: recurring issue with network at north wing,IT Support,Complaint,IND-09
SYN-01291,"Locate camera at reception, as soon as possible.",Security,Service Request,IND-06
SYN-01292,"Calibrate portable monitor at north wing, before noon.",Facilities,Service Request,IND-01
SYN-01293,Request to update application - north wing - when available.,IT Support,Service Request,IND-02
SYN-01294,Request to review special meal - reception - as soon as possible.,Food Services,Service Request,IND-04
SYN-01295,Help needed to respond to appointment in level two as soon as possible.,Customer Support,Support Request,IND-10
SYN-01296,Request to inspect air conditioner - main office - today.,Facilities,Service Request,IND-01
SYN-01297,Complaint: recurring issue with application at level two.,Facilities,Complaint,IND-09
SYN-01298,"Transfer document box at storage area, before noon.",IT Support,Support Request,IND-10
SYN-01299,Help needed to deliver beverage station in main office before noon.,Food Services,Support Request,IND-10
SYN-01300,Request to connect network - storage area - when available,IT Support,Service Request,IND-02
SYN-01301,"Review access badge at storage area, as soon as possible.",Security,Service Request,IND-06
SYN-01302,"Please adjust the lighting at main office, this afternoon",Facilities,Service Request,IND-01
SYN-01303,"collect delivery cart at level two, today.",Logistics,Complaint,IND-09
SYN-01304,"Please configure the application at north wing, as soon as possible",Cleaning,Service Request,IND-05
SYN-01305,"deliver package at level two, before noon.",Security,Support Request,IND-10
SYN-01306,Request to clarify feedback - storage area - when available.,IT Support,Service Request,IND-02
SYN-01307,svc needed: locate shipment in main office this afternoon.,Logistics,Service Request,IND-03
SYN-01308,"please provide support to sanitize the hallway at storage area, as soon as possible.",Cleaning,Support Request,IND-10
SYN-01309,"Please replace the meal order at reception, when available.",Food Services,Service Request,IND-04
SYN-01310,Service needed: diagnose application in north wing today.,IT Support,Service Request,IND-02
SYN-01311,Service needed: inspect window in main office this afternoon.,Cleaning,Service Request,IND-05
SYN-01312,"Please locate the access badge at level two, when available.",Security,Service Request,IND-06
SYN-01313,"Please provide support to connect the printer at storage area, before noon.",IT Support,Support Request,IND-10
SYN-01314,Complaint: recurring issue with meeting room at north wing,Cleaning,Complaint,IND-09
SYN-01315,"Please provide support to review the access badge at main office, before noon.",Security,Support Request,IND-10
SYN-01316,Service needed: inspect office chair in main office today.,Equipment,Service Request,IND-07
SYN-01317,"Please clean the hallway at north wing, when available.",Cleaning,Service Request,IND-05
SYN-01318,Complaint: recurring issue with meal order at reception.,Food Services,Complaint,IND-09
SYN-01319,"Deliver meal order at main office, as soon as possible.",Food Services,Complaint,IND-09
SYN-01322,Request to inspect air conditioner - reception - today.,Facilities,Service Request,IND-01
SYN-01323,help needed to restore door in north wing before noon.,Facilities,Support Request,IND-10
SYN-01324,Service needed: monitor access badge in north wing today.,Security,Service Request,IND-06
SYN-01325,Service needed: review complaint in level two before noon.,IT Support,Service Request,IND-02
SYN-01326,"replace office chair at level two, when available.",Equipment,Service Request,IND-07
SYN-01327,Service needed: confirm special meal in reception this afternoon.,Food Services,Service Request,IND-04
SYN-01328,Request to adjust lighting - level two - this afternoon.,Facilities,Service Request,IND-01
SYN-01329,"pls sanitize the waste bin at north wing, before noon.",Cleaning,Service Request,IND-05
SYN-01330,"diagnose laptop at north wing, this afternoon.",IT Support,Service Request,IND-02
SYN-01331,"Please provide support to replace the meal order at storage area, before noon.",Food Services,Support Request,IND-10
SYN-01332,"Please provide support to clean the spill at storage area, today.",Cleaning,Support Request,IND-10
SYN-01334,request to inspect waste bin - storage area - before noon.,Cleaning,Service Request,IND-05
SYN-01335,"Monitor visitor entrance at reception, before noon.",Security,Complaint,IND-09
SYN-01336,Service needed: reset user account in north wing when available.,IT Support,Service Request,IND-02
SYN-01337,"check elevator at main office, as soon as possible",Facilities,Service Request,IND-01
SYN-01338,Service needed: replace office chair in reception today,Equipment,Service Request,IND-07
SYN-01339,Service needed: wash hallway in north wing today.,Cleaning,Service Request,IND-01
SYN-01340,Complaint: recurring issue with supply order at storage area.,Logistics,Complaint,IND-09
SYN-01341,"Please review the parking gate at reception, this afternoon.",Security,Service Request,IND-06
SYN-01342,"The network issue at storage area happened again, please review.",IT Support,Complaint,IND-09
SYN-01343,Complaint: recurring issue with document box at reception.,Logistics,Complaint,IND-09
SYN-01344,Service needed: configure user account in north wing today.,IT Support,Service Request,IND-02
SYN-01346,Request to configure application - level two - when available.,IT Support,Service Request,IND-02
SYN-01347,Complaint: recurring issue with supply order at reception.,Logistics,Complaint,IND-09
SYN-01348,Service needed: connect user account in reception before noon.,IT Support,Service Request,IND-02
SYN-01349,"Inspect door at storage area, today.",Facilities,Service Request,IND-01
SYN-01350,Help needed to remove waste bin in reception this afternoon.,Cleaning,Support Request,IND-10
SYN-01351,Service needed: locate document box in storage area this afternoon.,Logistics,Service Request,IND-03
SYN-01352,"Update user account at storage area, when available.",IT Support,Service Request,IND-02
SYN-01353,Help needed to replace meal order in main office as soon as possible,Food Services,Support Request,IND-10
SYN-01354,"Please inspect the door at storage area, this afternoon.",Facilities,Service Request,IND-01
SYN-01355,Request to diagnose application - reception - before noon.,IT Support,Service Request,IND-02
SYN-01356,complaint: recurring issue with meeting room at main office.,Cleaning,Complaint,IND-09
SYN-01357,Service needed: connect laptop in storage area today.,IT Support,Service Request,IND-02
SYN-01358,"please respond to the service status at level two, before noon.",Customer Support,Service Request,IND-08
SYN-01359,"Clean hallway at main office, today",Facilities,Service Request,IND-01
SYN-01360,service needed: repair air conditioner in level two before noon.,Facilities,Service Request,IND-01
SYN-01361,"please review the special meal at north wing, today.",Food Services,Service Request,IND-04
SYN-01362,"Please inspect the meeting room at storage area, today.",Cleaning,Service Request,IND-05
SYN-01363,"please repair the lighting at main office, this afternoon.",Facilities,Service Request,IND-01
SYN-01364,Service needed: authorize visitor entrance in main office before noon,Security,Service Request,IND-06
SYN-01365,"pls provide support to schedule the document box at north wing, this afternoon.",Customer Support,Support Request,IND-10
SYN-01367,"Locate delivery cart at level two, today.",Logistics,Support Request,IND-10
SYN-01368,"The portable monitor issue at storage area happened again, please review.",Equipment,Complaint,IND-09
SYN-01369,Service needed: replace menu in reception as soon as possible,Food Services,Service Request,IND-04
SYN-01370,"Please provide support to connect the network at north wing, this afternoon.",IT Support,Support Request,IND-10
SYN-01371,"Please reset the application at level two, before noon.",IT Support,Service Request,IND-02
SYN-01372,"the user account issue at reception happened again, please review.",IT Support,Complaint,IND-09
SYN-01373,"Please inspect the projector at level two, as soon as possible.",Equipment,Service Request,IND-07
SYN-01374,"The elevator issue at level two happened again, pls review.",Facilities,Complaint,IND-09
SYN-01375,"Please deliver the supply order at reception, as soon as possible.",Logistics,Service Request,IND-03
SYN-01376,"Locate supply order at storage area, today.",Logistics,Support Request,IND-10
SYN-01377,Service needed: connect laptop in reception as soon as possible.,IT Support,Service Request,IND-02
SYN-01378,"Update user account at main office, as soon as possible.",IT Support,Service Request,IND-02
SYN-01379,"Sanitize spill at main office, as soon as possible.",Cleaning,Service Request,IND-05
SYN-01380,"Please provide support to follow up the service status at north wing, as soon as possible.",Customer Support,Support Request,IND-10
SYN-01381,Help needed to schedule document box in level two as soon as possible.,Logistics,Support Request,IND-10
SYN-01382,"Please adjust the water leak at reception, before noon.",Facilities,Service Request,IND-01
SYN-01383,Complaint: recurring issue with water leak at storage area.,Facilities,Complaint,IND-09
SYN-01384,"Please provide support to restore the water leak at reception, when available.",Facilities,Support Request,IND-10
SYN-01385,"Please provide support to deliver the menu at reception, today.",Food Services,Support Request,IND-10
SYN-01386,Request to configure application - north wing - today.,IT Support,Service Request,IND-02
SYN-01387,"Please update the user account at reception, when available",IT Support,Service Request,IND-02
SYN-01388,"Diagnose printer at storage area, this afternoon.",IT Support,Complaint,IND-09
SYN-01389,Help needed to inspect lighting in level two when available.,Facilities,Support Request,IND-10
SYN-01390,Request to verify access badge - level two - when available.,Security,Service Request,IND-06
SYN-01391,Request to verify visitor entrance - north wing - before noon.,Security,Service Request,IND-06
SYN-01392,"Please provide support to reset the application at reception, as soon as possible.",IT Support,Support Request,IND-10
SYN-01393,"The menu issue at north wing happened again, please review",IT Support,Complaint,IND-09
SYN-01394,"Connect user account at reception, before noon.",IT Support,Service Request,IND-02
SYN-01395,Complaint: recurring issue with meal order at storage area.,Food Services,Complaint,IND-09
SYN-01396,Help needed to restore door in north wing today.,Facilities,Support Request,IND-10
SYN-01397,Service needed: sanitize meeting room in storage area this afternoon.,Cleaning,Service Request,IND-05
SYN-01398,"Repair elevator at main office, as soon as possible",Facilities,Complaint,IND-09
SYN-01399,Help needed to restore lighting in north wing as soon as possible.,Facilities,Support Request,IND-10
SYN-01400,Request to replace meal order - main office - when available.,Food Services,Service Request,IND-04
SYN-01401,request to sanitize spill - main office - when available.,Cleaning,Service Request,IND-05
SYN-01402,Request to clean waste bin - main office - before noon.,Cleaning,Service Request,IND-05
SYN-01403,"The portable monitor issue at reception happened again, please review.",Equipment,Complaint,IND-09
SYN-01404,"The application issue at reception happened again, pls review.",IT Support,Complaint,IND-09
SYN-01405,Request to review camera - storage area - when available.,Security,Service Request,IND-06
SYN-01406,"Please collect the package at main office, as soon as possible.",Logistics,Service Request,IND-03
SYN-01407,"The spill issue at reception happened again, please review",Cleaning,Complaint,IND-09
SYN-01408,"Register feedback at level two, as soon as possible.",Customer Support,Service Request,IND-08
SYN-01409,"Please deliver the menu at main office, before noon.",Food Services,Service Request,IND-04
SYN-01410,Service needed: verify lost item in main office before noon.,Security,Service Request,IND-06
SYN-01411,"Deliver shipment at reception, as soon as possible",Logistics,Service Request,IND-03
SYN-01412,help needed to wash hallway in storage area before noon.,Cleaning,Support Request,IND-10
SYN-01413,Help needed to diagnose user account in main office before noon.,IT Support,Support Request,IND-02
SYN-01414,"Repair water leak at storage area, when available.",Facilities,Complaint,IND-09
SYN-01415,"The printer issue at reception happened again, please review.",IT Support,Complaint,IND-09
SYN-01416,"please provide support to wash the spill at level two, when available.",Cleaning,Support Request,IND-10
SYN-01418,Request to transfer supply order - main office - today.,Logistics,Service Request,IND-03
SYN-01419,complaint: recurring issue with document box at level two.,Logistics,Complaint,IND-09
SYN-01421,"Please provide support to sanitize the meeting room at level two, before noon.",Cleaning,Support Request,IND-10
SYN-01422,"Please inspect the hallway at storage area, before noon.",IT Support,Service Request,IND-02
SYN-01423,"The water leak issue at reception happened again, please review.",Facilities,Complaint,IND-09
SYN-01424,"restore lighting at north wing, before noon.",Facilities,Support Request,IND-10
SYN-01425,request to authorize visitor entrance - level two - before noon.,Facilities,Service Request,IND-01
SYN-01426,"The access badge issue at north wing happened again, please review.",Security,Complaint,IND-09
SYN-01427,"Please check the elevator at reception, before noon.",Facilities,Service Request,IND-01
SYN-01428,"Please provide support to register the svc status at reception, as soon as possible.",Customer Support,Support Request,IND-10
SYN-01429,Request to schedule delivery cart - north wing - this afternoon.,Logistics,Service Request,IND-03
SYN-01430,"Please locate the document box at reception, today",Logistics,Service Request,IND-03
SYN-01431,"Please calibrate the office chair at north wing, this afternoon",Equipment,Service Request,IND-07
SYN-01432,"The feedback issue at level two happened again, please review.",Customer Support,Complaint,IND-09
SYN-01433,Help needed to update laptop in main office this afternoon.,IT Support,Support Request,IND-10
SYN-01434,Request to replace power unit - level two - today.,Equipment,Service Request,IND-07
SYN-01435,"Schedule document box at reception, this afternoon.",Logistics,Service Request,IND-03
SYN-01436,Help needed to deliver special meal in level two this afternoon.,Food Services,Support Request,IND-10
SYN-01437,Service needed: restore elevator in level two before noon.,Facilities,Service Request,IND-01
SYN-01438,"Please check the water leak at storage area, today",Facilities,Service Request,IND-01
SYN-01439,Request to schedule supply order - north wing - as soon as possible,Logistics,Service Request,IND-03
SYN-01440,Request to verify parking gate - reception - when available.,Security,Service Request,IND-06
SYN-01441,Help needed to register appointment in main office today.,Customer Support,Support Request,IND-10
SYN-01442,"The delivery cart issue at north wing happened again, please review.",Logistics,Complaint,IND-09
SYN-01443,Help needed to review lost item in north wing this afternoon.,Security,Support Request,IND-10
SYN-01444,Help needed to deliver meal order in north wing before noon,Security,Support Request,IND-10
SYN-01445,Help needed to schedule document box in level two before noon.,Logistics,Support Request,IND-10
SYN-01446,"Deliver food tray at main office, before noon.",Food Services,Service Request,IND-04
SYN-01447,Help needed to restore door in storage area when available.,Facilities,Support Request,IND-10
SYN-01448,Help needed to deliver delivery cart in level two when available.,Logistics,Support Request,IND-10
SYN-01449,Request to reset laptop - main office - before noon.,IT Support,Service Request,IND-02
SYN-01450,Request to confirm menu - main office - before noon,Food Services,Service Request,IND-04
SYN-01451,"Adjust elevator at north wing, today.",Facilities,Support Request,IND-10
SYN-01452,Service needed: diagnose printer in level two before noon.,IT Support,Service Request,IND-02
SYN-01453,Service needed: authorize lost item in level two this afternoon.,Security,Service Request,IND-06
SYN-01454,"Please schedule the delivery cart at reception, as soon as possible.",Logistics,Service Request,IND-03
SYN-01455,complaint: recurring issue with elevator at north wing.,Facilities,Complaint,IND-09
SYN-01456,Help needed to adjust lighting in level two before noon.,Facilities,Support Request,IND-10
SYN-01457,"Repair door at level two, today.",Facilities,Support Request,IND-10
SYN-01458,Request to replace projector - main office - this afternoon.,Equipment,Service Request,IND-07
SYN-01459,Request to prepare meal order - north wing - this afternoon.,Food Services,Service Request,IND-04
SYN-01460,Service needed: inspect window in reception this afternoon.,Cleaning,Service Request,IND-05
SYN-01461,Complaint: recurring issue with application at level two.,IT Support,Complaint,IND-09
SYN-01462,"Reset application at north wing, before noon.",IT Support,Complaint,IND-09
SYN-01463,Service needed: schedule supply order in main office this afternoon.,Food Services,Service Request,IND-04
SYN-01464,"Please configure the printer at reception, today.",IT Support,Service Request,IND-02
SYN-01465,"Please provide support to check the air conditioner at north wing, this afternoon.",Facilities,Support Request,IND-10
SYN-01466,"the water leak issue at north wing happened again, please review.",Facilities,Complaint,IND-09
SYN-01467,Request to configure application - storage area - as soon as possible.,IT Support,Service Request,IND-02
SYN-01468,"please check the water leak at storage area, as soon as possible",Facilities,Service Request,IND-01
SYN-01469,Request to review access badge - storage area - as soon as possible,Security,Service Request,IND-06
SYN-01470,"Please connect the laptop at main office, today.",IT Support,Service Request,IND-02
SYN-01471,Request to adjust elevator - storage area - today.,Facilities,Service Request,IND-01
SYN-01472,"Reset user account at level two, today.",IT Support,Support Request,IND-10
SYN-01473,Service needed: reset laptop in level two before noon.,IT Support,Service Request,IND-02
SYN-01474,complaint: recurring issue with document box at reception.,Facilities,Complaint,IND-09
SYN-01475,Service needed: verify access badge in storage area today.,Security,Service Request,IND-06
SYN-01476,"reset printer at storage area, this afternoon.",IT Support,Service Request,IND-02
SYN-01477,"Please calibrate the tool kit at level two, today.",Equipment,Service Request,IND-07
SYN-01478,"Please provide support to follow up the feedback at north wing, this afternoon.",Food Services,Support Request,IND-10
SYN-01479,Request to verify visitor entrance - level two - this afternoon,Security,Service Request,IND-06
SYN-01480,Complaint: recurring issue with appointment at reception.,Customer Support,Complaint,IND-09
SYN-01481,service needed: check water leak in main office before noon,Facilities,Service Request,IND-01
SYN-01483,service needed: inspect elevator in north wing when available.,Facilities,Service Request,IND-05
SYN-01484,complaint: recurring issue with visitor entrance at level two,Security,Complaint,IND-09
SYN-01485,Request to confirm food tray - north wing - this afternoon.,Food Services,Service Request,IND-04
SYN-01486,"Restore door at main office, before noon",Facilities,Service Request,IND-01
SYN-01487,"collect shipment at reception, this afternoon.",Logistics,Service Request,IND-03
SYN-01488,service needed: deliver supply order in level two before noon.,Food Services,Service Request,IND-04
SYN-01489,"Please provide support to respond to the complaint at north wing, as soon as possible.",Food Services,Support Request,IND-10
SYN-01490,"Inspect lighting at main office, before noon.",Facilities,Service Request,IND-01
SYN-01491,Request to prepare meal order - level two - when available.,Food Services,Service Request,IND-04
SYN-01492,"please provide support to verify the camera at level two, when available.",Security,Support Request,IND-10
SYN-01493,"Please replace the portable monitor at reception, as soon as possible.",Equipment,Service Request,IND-07
SYN-01494,Complaint: recurring issue with tool kit at reception.,Equipment,Complaint,IND-03
SYN-01495,"Please provide support to check the door at storage area, as soon as possible.",Facilities,Support Request,IND-10
SYN-01496,"Please adjust the elevator at storage area, as soon as possible.",Facilities,Service Request,IND-01
SYN-01497,"pls provide support to schedule the document box at storage area, today.",Logistics,Support Request,IND-10
SYN-01498,"Please diagnose the application at north wing, this afternoon.",IT Support,Service Request,IND-02
SYN-01499,Complaint: recurring issue with lighting at storage area.,Facilities,Complaint,IND-09
SYN-01500,Service needed: replace power unit in storage area today.,Equipment,Service Request,IND-07
SYN-01501,"please clean the hallway at level two, as soon as possible.",Cleaning,Service Request,IND-01
SYN-01502,"Please inspect the spill at storage area, as soon as possible",Cleaning,Service Request,IND-05
SYN-01503,Help needed to update printer in main office before noon.,Cleaning,Support Request,IND-10
SYN-01504,service needed: locate package in storage area when available.,Logistics,Service Request,IND-03
SYN-01505,Request to clarify appointment - storage area - this afternoon.,Customer Support,Service Request,IND-08
SYN-01506,"the shipment issue at north wing happened again, please review.",Logistics,Complaint,IND-09
SYN-01507,"Please inspect the door at main office, when available.",Facilities,Service Request,IND-01
SYN-01508,"diagnose laptop at reception, before noon.",IT Support,Service Request,IND-02
SYN-01509,Request to inspect meeting room - main office - before noon.,Cleaning,Service Request,IND-05
SYN-01510,Service needed: restore door in level two before noon.,Facilities,Service Request,IND-01
SYN-01511,"Reset user account at north wing, before noon.",IT Support,Service Request,IND-02
SYN-01512,service needed: remove hallway in storage area as soon as possible.,Cleaning,Service Request,IND-05
SYN-01513,"please inspect the air conditioner at main office, this afternoon.",Facilities,Service Request,IND-01
SYN-01514,"Please provide support to clarify the complaint at north wing, before noon.",Customer Support,Support Request,IND-10
SYN-01515,Request to remove waste bin - north wing - when available.,Cleaning,Service Request,IND-05
SYN-01516,Request to connect network - level two - today,Security,Service Request,IND-06
SYN-01517,"please provide support to reset the laptop at reception, this afternoon.",IT Support,Support Request,IND-10
SYN-01518,Service needed: check lighting in reception today,Facilities,Service Request,IND-01
SYN-01519,Help needed to provide projector in storage area when available.,Equipment,Support Request,IND-10
SYN-01520,service needed: check door in storage area this afternoon.,Facilities,Service Request,IND-01
SYN-01521,"Please provide support to check the water leak at north wing, before noon.",Facilities,Support Request,IND-10
SYN-01522,"Diagnose user account at level two, as soon as possible.",IT Support,Service Request,IND-02
SYN-01523,Service needed: calibrate office chair in level two this afternoon.,Logistics,Service Request,IND-03
SYN-01524,"please provide support to review the parking gate at north wing, when available.",Security,Support Request,IND-10
SYN-01525,"Please replace the meal order at north wing, today.",Food Services,Service Request,IND-04
SYN-01526,"restore air conditioner at north wing, before noon.",Facilities,Complaint,IND-09
SYN-01527,Service needed: reset network in main office when available.,Equipment,Service Request,IND-07
SYN-01528,Request to clean waste bin - main office - when available.,Cleaning,Service Request,IND-05
SYN-01529,"Update user account at level two, as soon as possible",IT Support,Support Request,IND-10
SYN-01530,complaint: recurring issue with supply order at north wing.,Logistics,Complaint,IND-09
SYN-01532,service needed: locate shipment in main office as soon as possible.,Logistics,Service Request,IND-03
SYN-01533,"Adjust door at reception, this afternoon",Facilities,Complaint,IND-09
SYN-01534,Service needed: verify camera in storage area as soon as possible.,Security,Service Request,IND-06
SYN-01535,"Please inspect the lighting at storage area, as soon as possible.",Facilities,Service Request,IND-01
SYN-01536,"Please provide support to configure the printer at reception, as soon as possible.",Facilities,Support Request,IND-04
SYN-01537,Request to remove meeting room - north wing - this afternoon.,Cleaning,Service Request,IND-05
SYN-01538,"Check air conditioner at north wing, when available.",Facilities,Support Request,IND-10
SYN-01539,service needed: wash meeting room in main office this afternoon.,Cleaning,Service Request,IND-05
SYN-01540,Service needed: connect laptop in storage area this afternoon.,IT Support,Service Request,IND-02
SYN-01541,"Please review the camera at level two, as soon as possible.",Security,Service Request,IND-06
SYN-01542,Request to update laptop - main office - before noon.,IT Support,Service Request,IND-02
SYN-01543,"please provide support to wash the meeting room at north wing, when available.",Cleaning,Support Request,IND-04
SYN-01545,Complaint: recurring issue with camera at main office.,Security,Complaint,IND-09
SYN-01546,"The door issue at north wing happened again, please review",Facilities,Complaint,IND-09
SYN-01547,Service needed: calibrate office chair in storage area today.,Equipment,Service Request,IND-07
SYN-01548,help needed to verify parking gate in storage area this afternoon.,Security,Support Request,IND-10
SYN-01550,Request to restore lighting - north wing - today.,Facilities,Service Request,IND-01
SYN-01551,Service needed: confirm menu in main office before noon,Food Services,Service Request,IND-04
SYN-01552,Service needed: restore air conditioner in north wing as soon as possible,Facilities,Service Request,IND-01
SYN-01554,"Please monitor the lost item at main office, before noon",Security,Service Request,IND-06
SYN-01555,"Please review the complaint at reception, as soon as possible.",Customer Support,Service Request,IND-02
SYN-01556,Help needed to prepare menu in north wing as soon as possible.,Security,Support Request,IND-10
SYN-01557,help needed to replace special meal in level two today.,Food Services,Support Request,IND-10
SYN-01558,Request to sanitize hallway - storage area - this afternoon.,Cleaning,Service Request,IND-05
SYN-01559,"The information request issue at storage area happened again, please review",Customer Support,Complaint,IND-09
SYN-01560,"Please provide support to review the parking gate at main office, today.",Security,Support Request,IND-10
SYN-01561,"The lighting issue at level two happened again, please review",Food Services,Complaint,IND-09
SYN-01562,"Please check the water leak at storage area, as soon as possible.",Facilities,Service Request,IND-01
SYN-01563,complaint: recurring issue with meal order at storage area.,Food Services,Complaint,IND-09
SYN-01564,Request to authorize access badge - north wing - this afternoon.,IT Support,Service Request,IND-02
SYN-01565,Complaint: recurring issue with shipment at main office.,Logistics,Complaint,IND-09
SYN-01566,"Prepare menu at storage area, this afternoon.",Food Services,Complaint,IND-09
SYN-01567,Complaint: recurring issue with door at storage area.,Facilities,Complaint,IND-09
SYN-01568,request to reset network - reception - before noon.,IT Support,Service Request,IND-02
SYN-01569,"Please wash the waste bin at north wing, before noon.",Cleaning,Service Request,IND-05
SYN-01570,Complaint: recurring issue with user account at reception,IT Support,Complaint,IND-09
SYN-01571,complaint: recurring issue with menu at main office.,Food Services,Complaint,IND-09
SYN-01572,"Please reset the application at north wing, when available.",IT Support,Service Request,IND-02
SYN-01573,"Please configure the user account at main office, before noon.",IT Support,Service Request,IND-02
SYN-01574,"Deliver shipment at storage area, today.",Logistics,Service Request,IND-03
SYN-01575,Complaint: recurring issue with hallway at north wing,Cleaning,Complaint,IND-09
SYN-01576,"Please schedule the supply order at main office, this afternoon.",Logistics,Service Request,IND-03
SYN-01577,Help needed to restore water leak in storage area before noon,Facilities,Support Request,IND-10
SYN-01578,"Please replace the beverage station at level two, as soon as possible.",Food Services,Service Request,IND-04
SYN-01579,Complaint: recurring issue with information request at storage area.,Customer Support,Complaint,IND-09
SYN-01580,"the network issue at storage area happened again, please review.",IT Support,Complaint,IND-09
SYN-01581,"Provide tool kit at reception, before noon",Equipment,Service Request,IND-07
SYN-01582,"Deliver beverage station at storage area, this afternoon.",Cleaning,Service Request,IND-05
SYN-01583,"The lighting issue at reception happened again, please review",Facilities,Complaint,IND-09
SYN-01584,"Follow up information request at storage area, when available.",Customer Support,Support Request,IND-10
SYN-01585,"Deliver delivery cart at main office, today.",Logistics,Service Request,IND-03
SYN-01586,"please restore the door at level two, when available.",Facilities,Service Request,IND-01
SYN-01587,Service needed: locate delivery cart in level two this afternoon.,Logistics,Service Request,IND-03
SYN-01588,complaint: recurring issue with access badge at north wing.,Security,Complaint,IND-09
SYN-01589,Help needed to connect printer in level two when available.,IT Support,Support Request,IND-10
SYN-01590,"Please respond to the complaint at main office, today.",Customer Support,Service Request,IND-08
SYN-01591,Service needed: check door in main office this afternoon.,Cleaning,Service Request,IND-05
SYN-01593,"Please provide support to inspect the window at level two, when available.",Cleaning,Support Request,IND-10
SYN-01594,"Please review the camera at main office, today.",Security,Service Request,IND-06
SYN-01595,complaint: recurring issue with window at north wing.,Cleaning,Complaint,IND-09
SYN-01596,"the network issue at level two happened again, please review.",IT Support,Complaint,IND-09
SYN-01597,"the printer issue at north wing happened again, please review.",IT Support,Complaint,IND-09
SYN-01598,Request to repair lighting - reception - today.,Facilities,Service Request,IND-01
SYN-01600,help needed to verify parking gate in level two as soon as possible.,Security,Support Request,IND-10
SYN-01601,service needed: schedule document box in reception as soon as possible.,Logistics,Service Request,IND-03
SYN-01602,"Please review the information request at storage area, this afternoon.",Customer Support,Service Request,IND-08
SYN-01603,"Restore door at main office, before noon.",Facilities,Service Request,IND-01
SYN-01604,Request to connect network - main office - this afternoon.,IT Support,Service Request,IND-02
SYN-01605,"The network issue at level two happened again, pls review.",IT Support,Complaint,IND-09
SYN-01606,"the water leak issue at level two happened again, please review.",Facilities,Complaint,IND-09
SYN-01607,Complaint: recurring issue with waste bin at reception.,Cleaning,Complaint,IND-09
SYN-01608,Request to prepare food tray - level two - this afternoon.,Food Services,Service Request,IND-04
SYN-01609,"please inspect the meeting room at reception, when available.",Cleaning,Service Request,IND-05
SYN-01610,"please provide support to monitor the camera at main office, this afternoon.",Security,Support Request,IND-10
SYN-01611,Request to deliver document box - main office - this afternoon.,Logistics,Service Request,IND-03
SYN-01612,Service needed: restore elevator in north wing this afternoon,Facilities,Service Request,IND-01
SYN-01613,Help needed to reset printer in reception before noon.,Facilities,Support Request,IND-10
SYN-01614,help needed to reset network in main office as soon as possible.,IT Support,Support Request,IND-10
SYN-01615,"Please replace the food tray at level two, before noon.",Food Services,Service Request,IND-04
SYN-01616,Help needed to reset printer in level two before noon.,IT Support,Support Request,IND-10
SYN-01617,"Inspect waste bin at level two, when available.",Cleaning,Service Request,IND-05
SYN-01618,"The document box issue at main office happened again, please review.",Logistics,Complaint,IND-09
SYN-01620,Request to verify parking gate - main office - this afternoon.,Security,Service Request,IND-06
SYN-01623,"Inspect office chair at level two, this afternoon",Equipment,Service Request,IND-07
SYN-01624,"Check air conditioner at main office, before noon.",Facilities,Service Request,IND-02
SYN-01625,"The tool kit issue at main office happened again, pls review.",Equipment,Complaint,IND-09
SYN-01627,"please check the water leak at north wing, this afternoon.",Facilities,Service Request,IND-01
SYN-01628,Request to provide power unit - reception - before noon.,Equipment,Service Request,IND-07
SYN-01629,"Please verify the access badge at reception, when available.",Security,Service Request,IND-07
SYN-01630,Service needed: deliver shipment in main office when available.,Logistics,Service Request,IND-03
SYN-01631,Service needed: prepare meal order in reception today.,Food Services,Service Request,IND-04
SYN-01632,request to clean meeting room - level two - this afternoon.,Cleaning,Service Request,IND-05
SYN-01633,Service needed: adjust door in level two today.,Facilities,Service Request,IND-05
SYN-01634,"verify access badge at reception, today.",Security,Service Request,IND-06
SYN-01635,Request to prepare food tray - main office - before noon.,Food Services,Service Request,IND-04
SYN-01636,Complaint: recurring issue with door at level two.,Facilities,Complaint,IND-09
SYN-01637,request to confirm meal order - reception - as soon as possible.,Food Services,Service Request,IND-04
SYN-01638,"Please inspect the elevator at level two, as soon as possible",Facilities,Service Request,IND-01
SYN-01639,Request to inspect water leak - storage area - when available.,Facilities,Service Request,IND-01
SYN-01640,Service needed: replace power unit in level two as soon as possible.,Logistics,Service Request,IND-03
SYN-01641,"please schedule the document box at level two, when available",Logistics,Service Request,IND-03
SYN-01642,"Please provide support to clean the window at main office, as soon as possible.",Cleaning,Support Request,IND-10
SYN-01643,"Connect printer at reception, today.",IT Support,Service Request,IND-02
SYN-01644,service needed: update laptop in north wing when available.,IT Support,Service Request,IND-02
SYN-01645,Request to deliver menu - level two - today,Food Services,Service Request,IND-04
SYN-01646,Help needed to prepare menu in reception as soon as possible.,Food Services,Support Request,IND-10
SYN-01647,svc needed: adjust elevator in reception as soon as possible.,Facilities,Service Request,IND-07
SYN-01648,"Please monitor the camera at storage area, today.",Security,Service Request,IND-06
SYN-01649,"configure network at storage area, this afternoon.",Facilities,Support Request,IND-10
SYN-01650,"Please verify the lost item at level two, when available.",IT Support,Service Request,IND-02
SYN-01651,Request to diagnose network - north wing - this afternoon.,IT Support,Service Request,IND-02
SYN-01652,Service needed: calibrate power unit in main office as soon as possible.,Equipment,Service Request,IND-07
SYN-01653,"The elevator issue at storage area happened again, please review.",Facilities,Complaint,IND-09
SYN-01654,Service needed: respond to complaint in main office as soon as possible.,Customer Support,Service Request,IND-08
SYN-01655,"Adjust elevator at reception, as soon as possible.",Facilities,Service Request,IND-01
SYN-01656,"please adjust the elevator at level two, as soon as possible.",Facilities,Service Request,IND-01
SYN-01657,request to adjust lighting - north wing - when available.,Facilities,Service Request,IND-01
SYN-01658,"Reset laptop at level two, when available",IT Support,Service Request,IND-02
SYN-01659,Service needed: inspect window in storage area today.,Cleaning,Service Request,IND-05
SYN-01660,Request to authorize lost item - reception - when available,Security,Service Request,IND-06
SYN-01661,"please provide support to restore the air conditioner at storage area, when available.",Facilities,Support Request,IND-10
SYN-01662,"Please schedule the document box at main office, before noon.",Logistics,Service Request,IND-03
SYN-01663,"Please provide support to diagnose the laptop at storage area, this afternoon.",IT Support,Support Request,IND-10
SYN-01664,"Please deliver the delivery cart at main office, before noon.",Logistics,Service Request,IND-03
SYN-01665,"sanitize meeting room at level two, today.",Cleaning,Service Request,IND-05
SYN-01666,"Please authorize the parking gate at main office, today.",Security,Service Request,IND-06
SYN-01667,Request to repair tool kit - main office - before noon.,Equipment,Service Request,IND-07
SYN-01668,Request to collect package - reception - this afternoon.,Logistics,Service Request,IND-03
SYN-01669,Service needed: deliver delivery cart in reception as soon as possible,Logistics,Service Request,IND-03
SYN-01670,"Please verify the visitor entrance at reception, when available.",Security,Service Request,IND-06
SYN-01671,"Please locate the delivery cart at north wing, as soon as possible.",Logistics,Service Request,IND-03
SYN-01672,Service needed: repair portable monitor in level two this afternoon.,Equipment,Service Request,IND-07
SYN-01673,"Please provide support to confirm the special meal at level two, this afternoon.",Food Services,Support Request,IND-10
SYN-01674,"The meeting room issue at reception happened again, please review",Security,Complaint,IND-09
SYN-01675,"The air conditioner issue at north wing happened again, pls review.",Facilities,Complaint,IND-09
SYN-01676,Request to collect delivery cart - storage area - this afternoon.,Logistics,Service Request,IND-03
SYN-01677,Complaint: recurring issue with network at storage area,IT Support,Complaint,IND-09
SYN-01678,service needed: prepare food tray in storage area as soon as possible.,Food Services,Service Request,IND-04
SYN-01680,complaint: recurring issue with network at storage area,IT Support,Complaint,IND-09
SYN-01681,Service needed: inspect lighting in level two when available.,Facilities,Service Request,IND-01
SYN-01682,service needed: repair tool kit in north wing before noon.,Equipment,Service Request,IND-07
SYN-01683,service needed: authorize access badge in level two as soon as possible.,Security,Service Request,IND-06
SYN-01684,Complaint: recurring issue with door at north wing.,Facilities,Complaint,IND-09
SYN-01685,Service needed: reset laptop in north wing before noon.,IT Support,Service Request,IND-02
SYN-01686,"Inspect elevator at storage area, this afternoon.",Food Services,Service Request,IND-04
SYN-01687,Request to check lighting - storage area - today,Facilities,Service Request,IND-01
SYN-01688,"The user account issue at level two happened again, please review.",IT Support,Complaint,IND-09
SYN-01689,Help needed to register feedback in level two as soon as possible,Customer Support,Support Request,IND-10
SYN-01690,Request to clean meeting room - north wing - when available,Cleaning,Service Request,IND-05
SYN-01691,Request to repair air conditioner - storage area - today.,Facilities,Service Request,IND-01
SYN-01692,Request to provide office chair - main office - as soon as possible.,Food Services,Service Request,IND-04
SYN-01693,"Please clean the window at reception, before noon.",Cleaning,Service Request,IND-05
SYN-01694,Service needed: collect document box in reception today.,Logistics,Service Request,IND-03
SYN-01695,Service needed: adjust air conditioner in storage area as soon as possible.,Facilities,Service Request,IND-01
SYN-01696,"Confirm meal order at reception, before noon.",Food Services,Complaint,IND-09
SYN-01697,"Please replace the food tray at storage area, as soon as possible.",Food Services,Service Request,IND-04
SYN-01698,Request to schedule shipment - reception - today.,Logistics,Service Request,IND-03
SYN-01699,Help needed to repair lighting in storage area as soon as possible.,Food Services,Support Request,IND-10
SYN-01700,Help needed to replace food tray in storage area before noon,Food Services,Support Request,IND-10
SYN-01701,complaint: recurring issue with meal order at main office.,Logistics,Complaint,IND-09
SYN-01703,"Please provide support to check the water leak at main office, today.",Facilities,Support Request,IND-10
SYN-01704,"Please provide support to transfer the supply order at reception, as soon as possible.",Logistics,Support Request,IND-10
SYN-01705,Service needed: remove hallway in reception as soon as possible.,Cleaning,Service Request,IND-05
SYN-01706,"Please adjust the lighting at north wing, when available.",Facilities,Service Request,IND-01
SYN-01707,"remove hallway at storage area, this afternoon.",Cleaning,Service Request,IND-05
SYN-01708,Request to remove spill - main office - today.,Cleaning,Service Request,IND-05
SYN-01709,"Please provide support to respond to the service status at storage area, as soon as possible.",Facilities,Support Request,IND-10
SYN-01710,"the network issue at main office happened again, please review.",IT Support,Complaint,IND-09
SYN-01711,Service needed: inspect door in storage area today.,Facilities,Service Request,IND-01
SYN-01713,Help needed to configure network in storage area when available.,IT Support,Support Request,IND-10
SYN-01714,Help needed to configure laptop in main office as soon as possible.,IT Support,Support Request,IND-10
SYN-01715,Complaint: recurring issue with waste bin at north wing.,Cleaning,Complaint,IND-09
SYN-01716,request to prepare beverage station - level two - when available.,Food Services,Service Request,IND-04
SYN-01718,Request to deliver supply order - storage area - today,Logistics,Service Request,IND-03
SYN-01719,Help needed to wash spill in north wing before noon,Cleaning,Support Request,IND-10
SYN-01720,"Authorize lost item at storage area, this afternoon.",Security,Service Request,IND-06
SYN-01721,"Please deliver the document box at reception, this afternoon",Logistics,Service Request,IND-03
SYN-01722,Service needed: inspect lighting in level two today.,Facilities,Service Request,IND-01
SYN-01723,Help needed to connect network in storage area this afternoon.,IT Support,Support Request,IND-10
SYN-01724,"Review menu at north wing, when available",Food Services,Support Request,IND-10
SYN-01725,Request to inspect water leak - level two - when available.,Facilities,Service Request,IND-01
SYN-01726,service needed: repair air conditioner in level two when available.,Facilities,Service Request,IND-01
SYN-01727,"The window issue at storage area happened again, please review.",Facilities,Complaint,IND-09
SYN-01728,Help needed to deliver supply order in main office as soon as possible,Logistics,Support Request,IND-10
SYN-01729,Request to configure printer - reception - today,Facilities,Service Request,IND-01
SYN-01730,"The projector issue at level two happened again, please review",Logistics,Complaint,IND-09
SYN-01731,"Please collect the package at level two, when available.",Logistics,Service Request,IND-03
SYN-01732,Service needed: deliver shipment in main office before noon,Logistics,Service Request,IND-03
SYN-01734,"please locate the visitor entrance at main office, before noon.",IT Support,Service Request,IND-02
SYN-01735,"Please authorize the lost item at level two, before noon.",Security,Service Request,IND-06
SYN-01736,Request to check door - level two - today.,Facilities,Service Request,IND-01
SYN-01737,Service needed: replace menu in storage area this afternoon.,Food Services,Service Request,IND-04
SYN-01738,Help needed to collect shipment in storage area this afternoon.,Logistics,Support Request,IND-10
SYN-01739,Help needed to adjust door in storage area as soon as possible.,Facilities,Support Request,IND-10
SYN-01740,Help needed to adjust air conditioner in level two today.,Facilities,Support Request,IND-10
SYN-01741,"Please provide support to review the complaint at main office, when available.",Customer Support,Support Request,IND-10
SYN-01742,service needed: replace menu in main office today.,Food Services,Service Request,IND-04
SYN-01743,"Please confirm the beverage station at level two, when available.",Food Services,Service Request,IND-04
SYN-01744,Help needed to check water leak in level two this afternoon.,Facilities,Support Request,IND-10
SYN-01745,request to schedule package - north wing - today.,Logistics,Service Request,IND-03
SYN-01746,Service needed: deliver shipment in storage area this afternoon.,Facilities,Service Request,IND-01
SYN-01747,Request to reset user account - reception - before noon.,IT Support,Service Request,IND-02
SYN-01748,"please wash the hallway at level two, today.",Cleaning,Service Request,IND-05
SYN-01749,Request to replace food tray - storage area - when available.,Food Services,Service Request,IND-04
SYN-01750,Service needed: inspect waste bin in reception as soon as possible,Cleaning,Service Request,IND-05
SYN-01751,"the network issue at reception happened again, please review.",IT Support,Complaint,IND-02
SYN-01752,"Replace tool kit at storage area, as soon as possible.",Equipment,Support Request,IND-10
SYN-01753,"Verify access badge at level two, this afternoon",Security,Service Request,IND-05
SYN-01754,Service needed: inspect water leak in storage area this afternoon.,Facilities,Service Request,IND-01
SYN-01755,Service needed: authorize visitor entrance in north wing before noon.,Security,Service Request,IND-06
SYN-01756,help needed to inspect lighting in storage area as soon as possible,Facilities,Support Request,IND-10
SYN-01757,Help needed to reset printer in main office as soon as possible.,Cleaning,Support Request,IND-10
SYN-01759,service needed: restore lighting in storage area when available.,Facilities,Service Request,IND-01
SYN-01760,Request to check air conditioner - reception - as soon as possible,Facilities,Service Request,IND-01
SYN-01761,Request to authorize access badge - reception - this afternoon.,Cleaning,Service Request,IND-05
SYN-01762,help needed to adjust air conditioner in north wing before noon.,Facilities,Support Request,IND-10
SYN-01763,Request to review food tray - storage area - when available.,Food Services,Service Request,IND-04
SYN-01765,"Please provide support to repair the door at reception, when available.",Facilities,Support Request,IND-10
SYN-01766,"Please prepare the food tray at storage area, today",Food Services,Service Request,IND-04
SYN-01767,help needed to review feedback in storage area as soon as possible.,Customer Support,Support Request,IND-10
SYN-01768,"please inspect the door at main office, before noon.",Facilities,Service Request,IND-01
SYN-01769,"configure application at storage area, this afternoon.",IT Support,Service Request,IND-02
SYN-01770,Service needed: inspect water leak in level two as soon as possible.,Facilities,Service Request,IND-01
SYN-01771,Service needed: review menu in north wing when available.,Food Services,Service Request,IND-04
SYN-01772,"Inspect hallway at level two, before noon.",Facilities,Service Request,IND-01
SYN-01773,"Please provide support to provide the projector at reception, when available.",Equipment,Support Request,IND-10
SYN-01774,"Please provide support to update the network at main office, today.",IT Support,Support Request,IND-10
SYN-01775,Help needed to provide power unit in north wing when available.,Equipment,Support Request,IND-10
SYN-01776,request to sanitize window - north wing - today.,Cleaning,Service Request,IND-05
SYN-01777,Help needed to verify access badge in reception when available,Security,Support Request,IND-10
SYN-01778,svc needed: connect laptop in storage area as soon as possible.,IT Support,Service Request,IND-02
SYN-01779,"The supply order issue at reception happened again, please review.",Logistics,Complaint,IND-09
SYN-01780,"Please repair the water leak at level two, before noon",Facilities,Service Request,IND-01
SYN-01781,Help needed to update network in level two this afternoon.,IT Support,Support Request,IND-10
SYN-01782,"Please deliver the beverage station at level two, today.",Food Services,Service Request,IND-04
SYN-01783,request to reset user account - storage area - before noon.,IT Support,Service Request,IND-02
SYN-01784,"the projector issue at main office happened again, please review.",Equipment,Complaint,IND-09
SYN-01785,Service needed: transfer delivery cart in storage area before noon.,Logistics,Service Request,IND-03
SYN-01786,"Verify visitor entrance at storage area, before noon",Security,Service Request,IND-06
SYN-01787,Service needed: check water leak in main office before noon.,Facilities,Service Request,IND-01
SYN-01788,"Please restore the air conditioner at reception, before noon.",Facilities,Service Request,IND-01
SYN-01789,"Please reset the laptop at storage area, this afternoon",IT Support,Service Request,IND-02
SYN-01790,Help needed to diagnose application in north wing when available.,IT Support,Support Request,IND-10
SYN-01791,Request to replace special meal - north wing - as soon as possible.,Food Services,Service Request,IND-04
SYN-01792,"Please provide support to prepare the beverage station at north wing, this afternoon.",Food Services,Support Request,IND-10
SYN-01793,Service needed: sanitize meeting room in north wing as soon as possible.,Cleaning,Service Request,IND-05
SYN-01794,Request to collect delivery cart - reception - as soon as possible.,Logistics,Service Request,IND-03
SYN-01795,"please review the meal order at north wing, when available.",Food Services,Service Request,IND-04
SYN-01798,Service needed: inspect tool kit in north wing today.,Equipment,Service Request,IND-07
SYN-01799,Service needed: review visitor entrance in level two when available.,Security,Service Request,IND-06
SYN-01800,Help needed to repair tool kit in storage area today.,Equipment,Support Request,IND-10
SYN-01801,"Please adjust the air conditioner at reception, this afternoon",Facilities,Service Request,IND-01
SYN-01802,Request to review food tray - reception - before noon.,Food Services,Service Request,IND-04
SYN-01803,Service needed: clean meeting room in storage area as soon as possible.,Cleaning,Service Request,IND-05
SYN-01804,service needed: calibrate tool kit in reception this afternoon,Equipment,Service Request,IND-07
SYN-01805,"The water leak issue at north wing happened again, please review.",Facilities,Complaint,IND-09
SYN-01806,Request to confirm menu - level two - as soon as possible.,Food Services,Service Request,IND-04
SYN-01807,Complaint: recurring issue with water leak at north wing,Facilities,Complaint,IND-09
SYN-01808,Service needed: locate parking gate in main office today.,Security,Service Request,IND-06
SYN-01809,"The special meal issue at storage area happened again, please review.",Food Services,Complaint,IND-09
SYN-01810,Help needed to update printer in north wing this afternoon,IT Support,Support Request,IND-10
SYN-01811,request to confirm beverage station - level two - as soon as possible,Food Services,Service Request,IND-04
SYN-01812,Request to update network - main office - this afternoon,IT Support,Service Request,IND-02
SYN-01813,"Configure laptop at reception, this afternoon.",IT Support,Service Request,IND-02
SYN-01814,"deliver menu at storage area, as soon as possible.",Food Services,Support Request,IND-10
SYN-01815,"Please provide support to schedule the shipment at north wing, as soon as possible.",Logistics,Support Request,IND-10
SYN-01816,Help needed to prepare food tray in north wing as soon as possible,Food Services,Support Request,IND-10
SYN-01817,"please provide support to review the menu at storage area, this afternoon.",Food Services,Support Request,IND-10
SYN-01818,Request to configure printer - level two - when available.,IT Support,Service Request,IND-02
SYN-01819,service needed: update application in storage area before noon.,IT Support,Service Request,IND-02
SYN-01820,"The camera issue at reception happened again, please review.",Food Services,Complaint,IND-09
SYN-01821,"Please provide support to connect the laptop at reception, today.",IT Support,Support Request,IND-10
SYN-01822,Request to review access badge - main office - as soon as possible.,Security,Service Request,IND-06
SYN-01823,Help needed to monitor lost item in main office today.,Security,Support Request,IND-10
SYN-01824,"check lighting at main office, as soon as possible.",Facilities,Support Request,IND-10
SYN-01825,Request to restore water leak - north wing - when available.,Facilities,Service Request,IND-01
SYN-01826,"Please provide support to verify the lost item at storage area, today.",Security,Support Request,IND-10
SYN-01827,"Update printer at main office, when available.",IT Support,Support Request,IND-10
SYN-01828,Request to repair lighting - storage area - before noon.,Facilities,Service Request,IND-01
SYN-01829,help needed to sanitize waste bin in north wing as soon as possible.,Facilities,Support Request,IND-10
SYN-01830,"Please provide support to deliver the package at storage area, as soon as possible.",Facilities,Support Request,IND-10
SYN-01831,Request to replace menu - level two - this afternoon.,Food Services,Service Request,IND-04
SYN-01832,help needed to sanitize window in reception today.,Logistics,Support Request,IND-10
SYN-01833,"Please provide support to locate the shipment at main office, this afternoon.",Logistics,Support Request,IND-10
SYN-01834,Request to deliver package - main office - as soon as possible.,Logistics,Service Request,IND-03
SYN-01835,"Please deliver the beverage station at main office, today.",Food Services,Service Request,IND-04
SYN-01836,"pls diagnose the application at main office, as soon as possible.",IT Support,Service Request,IND-02
SYN-01837,"Please inspect the door at storage area, as soon as possible.",Facilities,Service Request,IND-01
SYN-01838,"Please locate the access badge at storage area, before noon.",Security,Service Request,IND-06
SYN-01839,Request to update network - main office - before noon.,IT Support,Service Request,IND-02
SYN-01840,"please locate the package at level two, before noon.",Logistics,Service Request,IND-03
SYN-01841,Request to confirm food tray - reception - before noon,Food Services,Service Request,IND-04
SYN-01842,Complaint: recurring issue with laptop at reception,IT Support,Complaint,IND-09
SYN-01843,"Please schedule the supply order at main office, today.",Logistics,Service Request,IND-03
SYN-01844,"Please review the camera at main office, this afternoon.",Security,Service Request,IND-06
SYN-01845,"Please provide support to clean the waste bin at level two, before noon",Cleaning,Support Request,IND-10
SYN-01846,Service needed: update application in north wing before noon.,IT Support,Service Request,IND-02
SYN-01847,Complaint: recurring issue with special meal at north wing,IT Support,Complaint,IND-09
SYN-01848,"Please provide support to provide the power unit at main office, this afternoon.",Equipment,Support Request,IND-10
SYN-01850,"The special meal issue at reception happened again, please review",Food Services,Complaint,IND-09
SYN-01851,"Inspect air conditioner at storage area, today.",Facilities,Service Request,IND-01
SYN-01852,"please connect the printer at reception, this afternoon.",IT Support,Service Request,IND-02
SYN-01853,"Please transfer the delivery cart at reception, today.",Logistics,Service Request,IND-03
SYN-01854,Help needed to verify parking gate in level two today.,IT Support,Support Request,IND-10
SYN-01855,Service needed: transfer shipment in main office when available.,Logistics,Service Request,IND-03
SYN-01857,Help needed to replace food tray in reception when available.,Food Services,Support Request,IND-08
SYN-01858,Help needed to confirm special meal in main office when available.,Food Services,Support Request,IND-10
SYN-01859,Request to configure network - level two - as soon as possible.,IT Support,Service Request,IND-02
SYN-01860,"The application issue at north wing happened again, please review.",IT Support,Complaint,IND-09
SYN-01861,"Sanitize window at north wing, as soon as possible.",Cleaning,Service Request,IND-05
SYN-01862,service needed: prepare beverage station in storage area as soon as possible.,Food Services,Service Request,IND-04
SYN-01863,"please wash the window at level two, before noon.",Cleaning,Service Request,IND-05
SYN-01864,"Please provide support to configure the printer at reception, when available",IT Support,Support Request,IND-10
SYN-01865,Service needed: check water leak in storage area when available.,Facilities,Service Request,IND-01
SYN-01866,"The parking gate issue at north wing happened again, please review.",Security,Complaint,IND-09
SYN-01867,Service needed: repair office chair in storage area as soon as possible.,Logistics,Service Request,IND-03
SYN-01868,"Please review the beverage station at reception, when available.",Food Services,Service Request,IND-04
SYN-01869,"Schedule package at reception, this afternoon.",Logistics,Complaint,IND-09
SYN-01870,request to follow up complaint - north wing - when available.,IT Support,Service Request,IND-02
SYN-01871,request to collect delivery cart - level two - before noon,Logistics,Service Request,IND-03
SYN-01872,service needed: configure application in main office today,IT Support,Service Request,IND-02
SYN-01873,Request to diagnose laptop - reception - before noon.,IT Support,Service Request,IND-02
SYN-01874,"please replace the food tray at storage area, when available.",Facilities,Service Request,IND-01
SYN-01875,Request to transfer package - reception - before noon.,Logistics,Service Request,IND-03
SYN-01876,"please register the feedback at north wing, today.",IT Support,Service Request,IND-02
SYN-01877,Service needed: restore elevator in north wing when available,Facilities,Service Request,IND-01
SYN-01878,Request to locate shipment - level two - this afternoon.,Logistics,Service Request,IND-03
SYN-01880,complaint: recurring issue with lighting at reception.,Facilities,Complaint,IND-09
SYN-01881,"pls remove the spill at storage area, before noon.",Cleaning,Service Request,IND-05
SYN-01882,Service needed: adjust air conditioner in main office before noon.,Facilities,Service Request,IND-01
SYN-01883,Request to collect package - storage area - before noon.,Logistics,Service Request,IND-03
SYN-01884,"Please update the application at north wing, today.",IT Support,Service Request,IND-02
SYN-01885,svc needed: deliver shipment in main office as soon as possible,Logistics,Service Request,IND-03
SYN-01886,"pls update the application at level two, as soon as possible.",IT Support,Service Request,IND-06
SYN-01887,Request to deliver menu - level two - today.,Food Services,Service Request,IND-04
SYN-01888,"Please provide support to clarify the feedback at storage area, today.",Logistics,Support Request,IND-10
SYN-01890,Service needed: register complaint in reception as soon as possible.,Customer Support,Service Request,IND-08
SYN-01891,"please diagnose the laptop at north wing, when available.",IT Support,Service Request,IND-02
SYN-01892,Help needed to transfer document box in north wing when available.,Logistics,Support Request,IND-10
SYN-01893,"Please inspect the air conditioner at level two, this afternoon.",Facilities,Service Request,IND-01
SYN-01894,Service needed: sanitize window in north wing before noon.,Cleaning,Service Request,IND-05
SYN-01895,Service needed: update network in north wing this afternoon,IT Support,Service Request,IND-02
SYN-01896,Help needed to inspect lighting in level two today,Facilities,Support Request,IND-10
SYN-01897,Request to restore air conditioner - north wing - when available.,Facilities,Service Request,IND-01
SYN-01898,Request to locate package - reception - before noon,Logistics,Service Request,IND-03
SYN-01899,Service needed: schedule document box in level two when available.,Logistics,Service Request,IND-03
SYN-01900,complaint: recurring issue with air conditioner at storage area.,Facilities,Complaint,IND-09
SYN-01901,"Please register the information request at north wing, today",Facilities,Service Request,IND-01
SYN-01902,Request to confirm meal order - north wing - when available.,Food Services,Service Request,IND-04
SYN-01903,request to transfer document box - main office - this afternoon.,Logistics,Service Request,IND-03
SYN-01904,"please deliver the meal order at reception, when available.",Food Services,Service Request,IND-04
SYN-01905,Request to review camera - main office - as soon as possible.,Security,Service Request,IND-06
SYN-01906,Service needed: prepare beverage station in storage area when available.,Food Services,Service Request,IND-04
SYN-01907,"The lost item issue at north wing happened again, please review.",Security,Complaint,IND-09
SYN-01908,Request to locate document box - main office - when available.,Equipment,Service Request,IND-07
SYN-01909,"Please provide support to review the appointment at reception, before noon.",Customer Support,Support Request,IND-10
SYN-01910,"please prepare the special meal at storage area, before noon.",Food Services,Service Request,IND-04
SYN-01911,Request to adjust door - main office - when available.,Facilities,Service Request,IND-01
SYN-01912,service needed: locate parking gate in reception today,Security,Service Request,IND-06
SYN-01913,Service needed: update application in level two as soon as possible.,IT Support,Service Request,IND-02
SYN-01914,"Please configure the user account at north wing, this afternoon.",IT Support,Service Request,IND-02
SYN-01915,"Adjust elevator at level two, before noon.",Facilities,Support Request,IND-10
SYN-01916,"Please replace the power unit at level two, before noon.",Equipment,Service Request,IND-07
SYN-01917,Service needed: inspect meeting room in level two before noon.,Cleaning,Service Request,IND-05
SYN-01918,"Please adjust the elevator at storage area, this afternoon.",Facilities,Service Request,IND-01
SYN-01919,"please schedule the document box at level two, when available.",Logistics,Service Request,IND-03
SYN-01920,"Please configure the network at storage area, when available.",IT Support,Service Request,IND-02
SYN-01923,help needed to inspect waste bin in reception today,Cleaning,Support Request,IND-10
SYN-01924,"The access badge issue at level two happened again, please review.",Security,Complaint,IND-09
SYN-01925,help needed to inspect tool kit in reception today.,Equipment,Support Request,IND-10
SYN-01926,"Please provide support to repair the tool kit at level two, this afternoon.",Equipment,Support Request,IND-10
SYN-01927,Service needed: deliver meal order in level two today,Food Services,Service Request,IND-04
SYN-01928,Request to inspect waste bin - north wing - today,Cleaning,Service Request,IND-05
SYN-01929,"The food tray issue at reception happened again, pls review.",Facilities,Complaint,IND-09
SYN-01930,"please locate the supply order at north wing, today",Logistics,Service Request,IND-03
SYN-01931,"Wash window at level two, as soon as possible.",Cleaning,Complaint,IND-09
SYN-01933,request to diagnose application - storage area - today.,IT Support,Service Request,IND-02
SYN-01934,"Please diagnose the network at reception, before noon.",IT Support,Service Request,IND-02
SYN-01935,"Locate document box at storage area, when available.",Logistics,Service Request,IND-03
SYN-01936,service needed: update user account in level two before noon.,IT Support,Service Request,IND-02
SYN-01937,Service needed: sanitize waste bin in reception today.,Cleaning,Service Request,IND-05
SYN-01938,Service needed: register complaint in north wing as soon as possible,Logistics,Service Request,IND-03
SYN-01940,"Please provide support to follow up the information request at level two, before noon.",Customer Support,Support Request,IND-10
SYN-01941,"Restore air conditioner at storage area, as soon as possible.",Food Services,Service Request,IND-04
SYN-01943,Help needed to locate package in level two when available.,Logistics,Support Request,IND-10
SYN-01944,Complaint: recurring issue with lighting at reception.,Facilities,Complaint,IND-06
SYN-01945,"Reset user account at main office, before noon.",IT Support,Complaint,IND-09
SYN-01946,"update application at reception, before noon.",IT Support,Service Request,IND-02
SYN-01947,Service needed: connect application in storage area as soon as possible.,IT Support,Service Request,IND-02
SYN-01949,"Locate shipment at reception, today.",Logistics,Support Request,IND-10
SYN-01950,"Please adjust the lighting at level two, this afternoon.",Facilities,Service Request,IND-01
SYN-01951,Request to adjust elevator - storage area - as soon as possible.,Facilities,Service Request,IND-01
SYN-01952,Service needed: confirm meal order in reception today.,Food Services,Service Request,IND-04
SYN-01953,"Schedule package at north wing, before noon.",Logistics,Service Request,IND-03
SYN-01954,Request to check door - storage area - today,Facilities,Service Request,IND-01
SYN-01955,Help needed to repair door in north wing as soon as possible.,Facilities,Support Request,IND-10
SYN-01956,Service needed: monitor access badge in main office as soon as possible,Security,Service Request,IND-06
SYN-01957,Service needed: respond to feedback in level two when available.,Customer Support,Service Request,IND-08
SYN-01958,Complaint: recurring issue with lost item at storage area.,Security,Complaint,IND-09
SYN-01959,request to clean waste bin - north wing - today.,Cleaning,Service Request,IND-05
SYN-01960,Request to remove meeting room - north wing - today.,Cleaning,Service Request,IND-05
SYN-01961,"Diagnose application at storage area, today",IT Support,Service Request,IND-02
SYN-01962,"Please repair the door at reception, before noon.",Facilities,Service Request,IND-01
SYN-01963,"Confirm menu at storage area, today.",Food Services,Service Request,IND-04
SYN-01964,Request to configure application - north wing - before noon.,IT Support,Service Request,IND-02
SYN-01965,Service needed: repair tool kit in level two today.,Equipment,Service Request,IND-07
SYN-01966,"the elevator issue at level two happened again, please review.",Facilities,Complaint,IND-09
SYN-01967,"The document box issue at storage area happened again, please review.",Logistics,Complaint,IND-09
SYN-01968,"Please diagnose the printer at main office, this afternoon",IT Support,Service Request,IND-02
SYN-01969,"please diagnose the network at storage area, this afternoon.",IT Support,Service Request,IND-06
SYN-01970,Service needed: replace special meal in main office this afternoon.,Food Services,Service Request,IND-04
SYN-01971,Help needed to replace power unit in main office this afternoon.,Equipment,Support Request,IND-10
SYN-01972,Help needed to wash spill in storage area when available.,Cleaning,Support Request,IND-10
SYN-01973,"Please check the water leak at main office, this afternoon.",Facilities,Service Request,IND-01
SYN-01975,"the projector issue at level two happened again, please review",Equipment,Complaint,IND-09
SYN-01976,Service needed: schedule delivery cart in storage area this afternoon.,Logistics,Service Request,IND-03
SYN-01977,Request to diagnose laptop - level two - as soon as possible.,IT Support,Service Request,IND-02
SYN-01978,Request to transfer document box - level two - as soon as possible.,Logistics,Service Request,IND-03
SYN-01979,Complaint: recurring issue with meal order at north wing.,Food Services,Complaint,IND-09
SYN-01980,complaint: recurring issue with power unit at main office.,Equipment,Complaint,IND-09
SYN-01981,complaint: recurring issue with hallway at north wing.,Cleaning,Complaint,IND-09
SYN-01982,"The laptop issue at reception happened again, please review.",IT Support,Complaint,IND-09
SYN-01983,"Adjust lighting at main office, today.",Facilities,Support Request,IND-10
SYN-01984,Request to confirm menu - reception - today.,Food Services,Service Request,IND-04
SYN-01985,Request to monitor lost item - main office - as soon as possible.,Security,Service Request,IND-06
SYN-01986,"The document box issue at reception happened again, please review.",Logistics,Complaint,IND-09
SYN-01987,"The network issue at reception happened again, please review.",Security,Complaint,IND-09
SYN-01988,"Please wash the hallway at storage area, this afternoon.",Cleaning,Service Request,IND-05
SYN-01989,"Diagnose user account at storage area, as soon as possible.",IT Support,Service Request,IND-02
SYN-01990,help needed to locate camera in reception as soon as possible.,Security,Support Request,IND-10
SYN-01991,"Please wash the waste bin at main office, when available",Cleaning,Service Request,IND-05
SYN-01992,request to restore lighting - main office - when available.,Facilities,Service Request,IND-01
SYN-01993,"Restore elevator at level two, today",Facilities,Service Request,IND-01
SYN-01994,"Please locate the delivery cart at storage area, when available.",Logistics,Service Request,IND-03
SYN-01995,Service needed: review special meal in level two today.,Food Services,Service Request,IND-04
SYN-01996,"Please sanitize the waste bin at main office, before noon",Cleaning,Service Request,IND-05
SYN-01999,Complaint: recurring issue with air conditioner at north wing.,Facilities,Complaint,IND-09
SYN-02000,"Remove hallway at north wing, today.",Cleaning,Complaint,IND-09
SYN-02001,Help needed to replace tool kit in main office today.,Equipment,Support Request,IND-10
SYN-02002,"Please schedule the supply order at main office, when available",Logistics,Service Request,IND-03
SYN-02003,"Please register the service status at level two, this afternoon.",IT Support,Service Request,IND-02
SYN-02004,Request to transfer supply order - north wing - before noon.,Logistics,Service Request,IND-03
SYN-02005,"Please provide support to configure the application at main office, today.",IT Support,Support Request,IND-10
SYN-02006,service needed: clean meeting room in storage area this afternoon.,Cleaning,Service Request,IND-05
SYN-02007,Request to collect document box - north wing - as soon as possible.,Security,Service Request,IND-06
SYN-02008,Service needed: review parking gate in level two today,Security,Service Request,IND-06
SYN-02010,"The food tray issue at reception happened again, please review.",Food Services,Complaint,IND-09
SYN-02011,"Please deliver the special meal at main office, before noon.",Food Services,Service Request,IND-04
SYN-02012,"Restore lighting at level two, today",Equipment,Complaint,IND-09
SYN-02013,Help needed to collect supply order in level two as soon as possible,Logistics,Support Request,IND-10
SYN-02014,"Check lighting at storage area, as soon as possible.",Facilities,Complaint,IND-09
SYN-02015,service needed: diagnose user account in storage area today.,IT Support,Service Request,IND-02
SYN-02016,help needed to configure application in north wing this afternoon.,IT Support,Support Request,IND-10
SYN-02017,"Confirm meal order at level two, this afternoon",Food Services,Service Request,IND-04
SYN-02018,Request to connect network - storage area - before noon.,IT Support,Service Request,IND-02
SYN-02021,"Calibrate portable monitor at north wing, before noon.",Equipment,Service Request,IND-07
SYN-02023,Request to repair air conditioner - level two - today.,Facilities,Service Request,IND-01
SYN-02024,Help needed to configure application in main office this afternoon.,IT Support,Support Request,IND-10
SYN-02025,"Please provide support to deliver the package at reception, when available.",Logistics,Support Request,IND-10
SYN-02026,"Please prepare the food tray at main office, as soon as possible.",Food Services,Service Request,IND-04
SYN-02027,request to calibrate portable monitor - north wing - when available.,Equipment,Service Request,IND-07
SYN-02028,"the parking gate issue at reception happened again, please review.",Security,Complaint,IND-09
SYN-02029,"Diagnose laptop at north wing, as soon as possible.",IT Support,Service Request,IND-02
SYN-02030,Service needed: review beverage station in storage area this afternoon.,Food Services,Service Request,IND-04
SYN-02032,Help needed to prepare beverage station in storage area before noon.,Food Services,Support Request,IND-10
SYN-02033,"Please collect the supply order at storage area, today.",Logistics,Service Request,IND-03
SYN-02034,"please restore the water leak at level two, as soon as possible.",Facilities,Service Request,IND-01
SYN-02035,"Please replace the beverage station at main office, before noon",Food Services,Service Request,IND-04
SYN-02036,Request to locate supply order - level two - before noon.,Logistics,Service Request,IND-03
SYN-02038,"Transfer supply order at reception, when available",Logistics,Service Request,IND-03
SYN-02039,"Please repair the elevator at north wing, when available.",Facilities,Service Request,IND-01
SYN-02040,"Schedule supply order at reception, this afternoon",Logistics,Support Request,IND-10
SYN-02041,Service needed: verify lost item in level two this afternoon.,Security,Service Request,IND-06
SYN-02042,"Please provide support to collect the supply order at reception, before noon.",Logistics,Support Request,IND-10
SYN-02043,"restore door at level two, as soon as possible",Facilities,Complaint,IND-09
SYN-02044,"update laptop at level two, when available.",IT Support,Service Request,IND-02
SYN-02045,svc needed: adjust door in level two as soon as possible.,Facilities,Service Request,IND-01
SYN-02046,"Please provide support to configure the network at north wing, when available.",IT Support,Support Request,IND-10
SYN-02047,Request to locate visitor entrance - main office - as soon as possible.,Cleaning,Service Request,IND-05
SYN-02048,help needed to deliver package in level two when available.,Logistics,Support Request,IND-10
SYN-02049,Complaint: recurring issue with network at north wing.,IT Support,Complaint,IND-09
SYN-02050,Request to check water leak - north wing - as soon as possible.,Facilities,Service Request,IND-01
SYN-02051,Complaint: recurring issue with waste bin at storage area.,Logistics,Complaint,IND-09
SYN-02052,Complaint: recurring issue with meal order at level two.,Security,Complaint,IND-09
SYN-02053,"please repair the door at storage area, today.",Facilities,Service Request,IND-01
SYN-02054,"The waste bin issue at main office happened again, please review.",Cleaning,Complaint,IND-09
SYN-02056,"please collect the supply order at storage area, as soon as possible.",Logistics,Service Request,IND-03
SYN-02057,"Please check the door at north wing, this afternoon.",Logistics,Service Request,IND-03
SYN-02058,"Please connect the user account at level two, this afternoon",IT Support,Service Request,IND-02
SYN-02059,"Inspect tool kit at main office, today.",Equipment,Service Request,IND-07
SYN-02060,"Restore elevator at north wing, as soon as possible.",Facilities,Service Request,IND-01
SYN-02061,"Please provide support to transfer the delivery cart at main office, this afternoon.",Logistics,Support Request,IND-10
SYN-02062,"please remove the meeting room at storage area, as soon as possible.",Cleaning,Service Request,IND-05
SYN-02063,"Please confirm the special meal at north wing, this afternoon.",IT Support,Service Request,IND-02
SYN-02064,Help needed to confirm food tray in main office when available,Food Services,Support Request,IND-10
SYN-02065,Request to review food tray - level two - when available,Food Services,Service Request,IND-04
SYN-02066,"The user account issue at main office happened again, please review.",IT Support,Complaint,IND-09
SYN-02067,"Replace tool kit at level two, before noon.",Equipment,Support Request,IND-10
SYN-02068,"schedule shipment at main office, today",Logistics,Complaint,IND-09
SYN-02069,Service needed: review access badge in level two when available.,Security,Service Request,IND-06
SYN-02070,"Please adjust the lighting at level two, as soon as possible.",Facilities,Service Request,IND-01
SYN-02071,"The feedback issue at north wing happened again, please review.",Security,Complaint,IND-09
SYN-02072,"The portable monitor issue at level two happened again, please review.",Equipment,Complaint,IND-09
SYN-02073,"Please locate the delivery cart at north wing, today.",Logistics,Service Request,IND-03
SYN-02074,service needed: calibrate office chair in north wing as soon as possible.,Equipment,Service Request,IND-07
SYN-02075,Help needed to update laptop in reception as soon as possible,IT Support,Support Request,IND-10
SYN-02076,Request to adjust lighting - north wing - as soon as possible.,Cleaning,Service Request,IND-05
SYN-02077,"Please provide support to inspect the lighting at main office, this afternoon.",Facilities,Support Request,IND-10
SYN-02078,"The user account issue at north wing happened again, please review.",IT Support,Complaint,IND-09
SYN-02079,"Please restore the water leak at north wing, this afternoon.",Facilities,Service Request,IND-01
SYN-02080,Request to confirm beverage station - north wing - today.,Logistics,Service Request,IND-03
SYN-02081,Service needed: confirm special meal in main office today.,Food Services,Service Request,IND-04
SYN-02082,"Deliver supply order at level two, today.",Logistics,Service Request,IND-03
SYN-02083,"Please deliver the supply order at north wing, today.",Logistics,Service Request,IND-03
SYN-02084,"Collect document box at reception, today.",Logistics,Service Request,IND-03
SYN-02085,"Please adjust the elevator at reception, before noon.",Facilities,Service Request,IND-01
SYN-02086,Request to adjust elevator - north wing - this afternoon.,IT Support,Service Request,IND-02
SYN-02087,"Schedule document box at main office, when available.",Logistics,Complaint,IND-09
SYN-02088,Complaint: recurring issue with door at main office.,Cleaning,Complaint,IND-09
SYN-02090,"Adjust lighting at north wing, as soon as possible.",Facilities,Support Request,IND-10
SYN-02091,Request to collect shipment - north wing - when available.,Logistics,Service Request,IND-03
SYN-02092,"authorize access badge at reception, today.",Security,Service Request,IND-06
SYN-02093,Help needed to confirm meal order in storage area this afternoon.,Food Services,Support Request,IND-10
SYN-02094,"Please authorize the parking gate at main office, as soon as possible.",Security,Service Request,IND-06
SYN-02095,"Please review the appointment at level two, when available.",Facilities,Service Request,IND-01
SYN-02097,Request to inspect elevator - storage area - before noon.,Facilities,Service Request,IND-01
SYN-02098,"Transfer package at north wing, before noon.",Logistics,Service Request,IND-03
SYN-02099,"Please verify the parking gate at north wing, before noon.",Security,Service Request,IND-06
SYN-02100,Complaint: recurring issue with package at reception,Logistics,Complaint,IND-09
SYN-02101,"Please provide support to authorize the parking gate at reception, before noon.",Security,Support Request,IND-10
SYN-02102,"Adjust door at storage area, this afternoon.",Facilities,Support Request,IND-10
SYN-02103,"Review complaint at north wing, as soon as possible",Customer Support,Service Request,IND-08
SYN-02104,"Please provide support to register the appointment at north wing, as soon as possible.",Food Services,Support Request,IND-10
SYN-02105,Request to clean hallway - reception - when available.,IT Support,Service Request,IND-02
SYN-02106,request to schedule package - reception - as soon as possible.,Logistics,Service Request,IND-03
SYN-02107,Request to review complaint - storage area - when available,Facilities,Service Request,IND-01
SYN-02108,Complaint: recurring issue with access badge at north wing.,Security,Complaint,IND-09
SYN-02109,Service needed: monitor visitor entrance in main office this afternoon.,Security,Service Request,IND-06
SYN-02110,"Please replace the beverage station at level two, before noon.",Food Services,Service Request,IND-04
SYN-02111,Request to review meal order - storage area - today.,Food Services,Service Request,IND-04
SYN-02112,Request to schedule document box - main office - before noon.,Logistics,Service Request,IND-03
SYN-02113,Help needed to review lost item in reception as soon as possible,Security,Support Request,IND-10
SYN-02114,Help needed to wash spill in reception as soon as possible.,Cleaning,Support Request,IND-10
SYN-02115,"Please provide support to repair the door at north wing, today.",Facilities,Support Request,IND-10
SYN-02116,"Please remove the hallway at level two, today.",Cleaning,Service Request,IND-05
SYN-02117,"Review feedback at main office, when available.",Customer Support,Support Request,IND-10
SYN-02118,"Please reset the network at level two, today.",Customer Support,Service Request,IND-08
SYN-02119,"please sanitize the spill at main office, as soon as possible.",Cleaning,Service Request,IND-05
SYN-02120,complaint: recurring issue with feedback at reception,Customer Support,Complaint,IND-09
SYN-02121,"Replace food tray at level two, when available",Food Services,Support Request,IND-10
SYN-02122,Service needed: check lighting in level two as soon as possible.,Facilities,Service Request,IND-01
SYN-02123,"Please provide support to schedule the delivery cart at reception, this afternoon.",Logistics,Support Request,IND-10
SYN-02124,"verify lost item at main office, before noon.",Security,Complaint,IND-09
SYN-02125,"the projector issue at storage area happened again, please review.",Equipment,Complaint,IND-09
SYN-02127,Service needed: check lighting in reception as soon as possible.,Logistics,Service Request,IND-03
SYN-02128,"Please provide support to update the laptop at storage area, as soon as possible.",IT Support,Support Request,IND-10
SYN-02129,"Repair office chair at reception, today",Equipment,Service Request,IND-07
SYN-02130,Complaint: recurring issue with special meal at reception.,Food Services,Complaint,IND-09
SYN-02131,request to verify lost item - main office - when available.,Security,Service Request,IND-06
SYN-02132,"Calibrate projector at reception, today.",Equipment,Service Request,IND-07
SYN-02133,Request to wash meeting room - north wing - this afternoon.,Cleaning,Service Request,IND-05
SYN-02134,Request to reset network - reception - this afternoon.,IT Support,Service Request,IND-02
SYN-02135,"Please reset the laptop at main office, as soon as possible.",IT Support,Service Request,IND-02
SYN-02136,Request to restore elevator - reception - before noon,Facilities,Service Request,IND-01
SYN-02137,Service needed: verify lost item in north wing this afternoon.,Cleaning,Service Request,IND-05
SYN-02138,"Restore water leak at main office, before noon.",Facilities,Service Request,IND-01
SYN-02139,"Sanitize waste bin at level two, before noon.",Cleaning,Service Request,IND-05
SYN-02140,Help needed to repair air conditioner in reception today,Facilities,Support Request,IND-10
SYN-02141,service needed: reset laptop in north wing today.,IT Support,Service Request,IND-02
SYN-02142,help needed to diagnose user account in main office this afternoon.,Food Services,Support Request,IND-10
SYN-02143,Complaint: recurring issue with projector at north wing.,IT Support,Complaint,IND-09
SYN-02144,Service needed: deliver special meal in storage area before noon.,Food Services,Service Request,IND-04
SYN-02145,"monitor parking gate at main office, this afternoon.",Security,Support Request,IND-10
SYN-02146,request to locate document box - storage area - this afternoon,Logistics,Service Request,IND-03
SYN-02147,"update application at north wing, this afternoon.",IT Support,Service Request,IND-02
SYN-02148,Request to adjust door - level two - when available.,Facilities,Service Request,IND-01
SYN-02149,Request to deliver delivery cart - reception - this afternoon.,Logistics,Service Request,IND-03
SYN-02150,Request to reset laptop - north wing - this afternoon,IT Support,Service Request,IND-02
SYN-02151,Service needed: sanitize spill in main office before noon.,Cleaning,Service Request,IND-05
SYN-02152,Request to schedule supply order - storage area - this afternoon.,Logistics,Service Request,IND-08
SYN-02153,"Please provide support to inspect the window at main office, today.",Cleaning,Support Request,IND-10
SYN-02154,Help needed to update application in level two before noon.,IT Support,Support Request,IND-10
SYN-02155,"pls schedule the document box at reception, before noon.",Logistics,Service Request,IND-03
SYN-02156,service needed: deliver menu in reception when available.,Food Services,Service Request,IND-04
SYN-02158,"Confirm special meal at level two, this afternoon.",Food Services,Service Request,IND-04
SYN-02159,"Please diagnose the user account at reception, this afternoon",IT Support,Service Request,IND-02
SYN-02160,"Review access badge at reception, today.",Security,Service Request,IND-06
SYN-02161,"Please restore the elevator at main office, before noon.",Facilities,Service Request,IND-01
SYN-02163,"please deliver the shipment at storage area, today.",Logistics,Service Request,IND-03
SYN-02164,"The air conditioner issue at storage area happened again, please review",Facilities,Complaint,IND-09
SYN-02165,Service needed: inspect water leak in reception when available,Facilities,Service Request,IND-01
SYN-02166,Request to check air conditioner - main office - today.,Facilities,Service Request,IND-01
SYN-02167,Service needed: provide office chair in north wing when available.,Equipment,Service Request,IND-07
SYN-02169,"Please replace the beverage station at reception, today.",Food Services,Service Request,IND-04
SYN-02170,"please provide support to inspect the waste bin at main office, today.",Cleaning,Support Request,IND-10
SYN-02172,complaint: recurring issue with office chair at north wing.,IT Support,Complaint,IND-09
SYN-02173,Request to inspect meeting room - storage area - today.,Cleaning,Service Request,IND-05
SYN-02174,"The water leak issue at storage area happened again, pls review.",Equipment,Complaint,IND-09
SYN-02175,Help needed to collect supply order in main office as soon as possible,Logistics,Support Request,IND-10
SYN-02176,Help needed to check elevator in north wing when available.,Facilities,Support Request,IND-10
SYN-02177,"Please provide support to deliver the document box at level two, today.",Logistics,Support Request,IND-10
SYN-02178,"Please provide support to review the special meal at storage area, when available.",Food Services,Support Request,IND-10
SYN-02179,Request to replace power unit - storage area - this afternoon.,Cleaning,Service Request,IND-05
SYN-02180,"Please restore the air conditioner at reception, when available.",Facilities,Service Request,IND-04
SYN-02181,"Please provide support to update the application at north wing, before noon.",IT Support,Support Request,IND-10
SYN-02182,"Please review the lost item at storage area, before noon.",Security,Service Request,IND-06
SYN-02183,"Diagnose network at north wing, this afternoon",IT Support,Service Request,IND-02
SYN-02184,"wash waste bin at north wing, when available.",Cleaning,Complaint,IND-09
SYN-02185,"The user account issue at reception happened again, please review.",IT Support,Complaint,IND-09
SYN-02186,request to restore air conditioner - north wing - today.,Facilities,Service Request,IND-03
SYN-02187,"Please schedule the delivery cart at north wing, as soon as possible.",Logistics,Service Request,IND-03
SYN-02188,Request to collect supply order - reception - when available.,Logistics,Service Request,IND-03
SYN-02189,Complaint: recurring issue with printer at north wing.,IT Support,Complaint,IND-09
SYN-02190,"Please sanitize the meeting room at reception, this afternoon.",Cleaning,Service Request,IND-05
SYN-02191,Service needed: review meal order in storage area when available.,Food Services,Service Request,IND-04
SYN-02192,Help needed to schedule supply order in north wing when available.,Logistics,Support Request,IND-01
SYN-02193,Help needed to authorize parking gate in level two as soon as possible.,IT Support,Support Request,IND-10
SYN-02194,Request to inspect elevator - level two - as soon as possible.,Facilities,Service Request,IND-01
SYN-02195,"Please replace the menu at storage area, today.",Food Services,Service Request,IND-04
SYN-02196,Service needed: clean meeting room in main office today.,Cleaning,Service Request,IND-05
SYN-02197,"please update the application at reception, this afternoon.",IT Support,Service Request,IND-02
SYN-02198,Service needed: diagnose user account in reception as soon as possible.,IT Support,Service Request,IND-02
SYN-02199,service needed: clean hallway in reception as soon as possible.,Cleaning,Service Request,IND-05
SYN-02200,Help needed to provide power unit in storage area this afternoon.,Equipment,Support Request,IND-10
SYN-02201,"please reset the printer at level two, as soon as possible.",IT Support,Service Request,IND-02
SYN-02202,request to transfer supply order - reception - before noon.,Logistics,Service Request,IND-03
SYN-02203,Service needed: connect user account in storage area when available.,IT Support,Service Request,IND-02
SYN-02204,complaint: recurring issue with water leak at main office.,Facilities,Complaint,IND-09
SYN-02205,Service needed: review access badge in main office before noon.,Security,Service Request,IND-06
SYN-02206,Help needed to verify lost item in reception before noon.,Security,Support Request,IND-10
SYN-02207,"Please provide support to check the water leak at storage area, today.",Facilities,Support Request,IND-10
SYN-02208,"Please configure the laptop at level two, when available.",IT Support,Service Request,IND-03
SYN-02210,"Please review the appointment at level two, before noon.",Customer Support,Service Request,IND-08
SYN-02211,service needed: collect package in main office today.,Equipment,Service Request,IND-07
SYN-02213,"Please locate the package at north wing, today.",Logistics,Service Request,IND-03
SYN-02214,"Please wash the meeting room at level two, today.",Cleaning,Service Request,IND-05
SYN-02215,Service needed: authorize lost item in level two this afternoon.,Cleaning,Service Request,IND-05
SYN-02216,"Please provide support to inspect the door at main office, when available.",Facilities,Support Request,IND-10
SYN-02217,"Inspect waste bin at reception, as soon as possible.",Cleaning,Service Request,IND-05
SYN-02218,Service needed: review food tray in main office this afternoon.,Food Services,Service Request,IND-04
SYN-02219,"please locate the document box at main office, before noon.",Logistics,Service Request,IND-03
SYN-02220,"Please provide support to reset the network at reception, before noon.",IT Support,Support Request,IND-10
SYN-02221,Help needed to restore air conditioner in storage area this afternoon.,Facilities,Support Request,IND-10
SYN-02222,"Please schedule the document box at north wing, today.",Logistics,Service Request,IND-03
SYN-02223,Service needed: adjust water leak in main office today.,Cleaning,Service Request,IND-05
SYN-02224,Service needed: adjust lighting in level two this afternoon.,Facilities,Service Request,IND-01
SYN-02225,"The shipment issue at level two happened again, please review.",Logistics,Complaint,IND-09
SYN-02226,Request to transfer package - storage area - before noon.,Logistics,Service Request,IND-03
SYN-02227,"Respond to information request at north wing, today.",Security,Complaint,IND-09
SYN-02228,"Collect package at main office, as soon as possible",Logistics,Service Request,IND-03
SYN-02229,"please clean the meeting room at level two, before noon.",Cleaning,Service Request,IND-05
SYN-02230,Request to wash meeting room - level two - as soon as possible.,Cleaning,Service Request,IND-05
SYN-02231,"Please provide support to locate the parking gate at storage area, this afternoon",Security,Support Request,IND-10
SYN-02232,"Please calibrate the tool kit at reception, as soon as possible.",Equipment,Service Request,IND-07
SYN-02233,"Please respond to the complaint at reception, as soon as possible.",Customer Support,Service Request,IND-08
SYN-02234,"transfer delivery cart at north wing, as soon as possible",Logistics,Service Request,IND-03
SYN-02235,Complaint: recurring issue with meeting room at storage area.,IT Support,Complaint,IND-09
SYN-02236,"Reset application at storage area, as soon as possible.",IT Support,Complaint,IND-09
SYN-02237,Service needed: restore lighting in reception as soon as possible,Facilities,Service Request,IND-01
SYN-02238,"The special meal issue at north wing happened again, pls review.",Food Services,Complaint,IND-09
SYN-02239,"Adjust door at storage area, when available.",Facilities,Service Request,IND-01
SYN-02240,"Monitor parking gate at reception, before noon.",Security,Service Request,IND-06
SYN-02241,"Please deliver the package at level two, today",Logistics,Service Request,IND-03
SYN-02242,Service needed: configure application in storage area when available.,IT Support,Service Request,IND-02
SYN-02243,"Please restore the air conditioner at north wing, today.",Facilities,Service Request,IND-01
SYN-02245,Complaint: recurring issue with application at main office,IT Support,Complaint,IND-09
SYN-02246,"the parking gate issue at storage area happened again, please review.",Security,Complaint,IND-09
SYN-02247,Service needed: confirm beverage station in main office today.,Logistics,Service Request,IND-03
SYN-02249,"deliver document box at main office, today.",Logistics,Service Request,IND-03
SYN-02250,"Inspect hallway at north wing, this afternoon.",Logistics,Service Request,IND-03
SYN-02251,"Clean spill at reception, this afternoon",Cleaning,Support Request,IND-10
SYN-02252,service needed: transfer shipment in level two when available.,Logistics,Service Request,IND-03
SYN-02253,"Please wash the waste bin at north wing, when available.",Cleaning,Service Request,IND-05
SYN-02254,"Please provide support to review the access badge at north wing, before noon.",Security,Support Request,IND-10
SYN-02256,"configure network at storage area, when available.",IT Support,Complaint,IND-09
SYN-02257,"Please deliver the supply order at north wing, as soon as possible",Logistics,Service Request,IND-03
SYN-02258,"update user account at main office, today.",IT Support,Service Request,IND-02
SYN-02259,Service needed: deliver beverage station in storage area when available,Food Services,Service Request,IND-04
SYN-02260,"please wash the meeting room at reception, when available.",Cleaning,Service Request,IND-05
SYN-02261,help needed to replace tool kit in level two today.,Equipment,Support Request,IND-10
SYN-02262,Service needed: restore door in storage area this afternoon,Facilities,Service Request,IND-01
SYN-02263,Service needed: confirm menu in level two today.,Food Services,Service Request,IND-04
SYN-02264,Service needed: inspect tool kit in main office before noon.,Equipment,Service Request,IND-07
SYN-02266,Request to calibrate power unit - storage area - before noon,Equipment,Service Request,IND-07
SYN-02267,"inspect portable monitor at reception, this afternoon.",Equipment,Service Request,IND-07
SYN-02269,"The hallway issue at main office happened again, please review.",Cleaning,Complaint,IND-09
SYN-02270,"Please configure the printer at main office, when available.",Logistics,Service Request,IND-03
SYN-02272,service needed: review access badge in reception when available.,Security,Service Request,IND-06
SYN-02273,"Please provide support to inspect the elevator at north wing, today.",Facilities,Support Request,IND-10
SYN-02274,Help needed to provide office chair in main office as soon as possible.,Equipment,Support Request,IND-10
SYN-02275,svc needed: diagnose laptop in level two this afternoon.,IT Support,Service Request,IND-02
SYN-02276,Service needed: diagnose user account in reception before noon.,IT Support,Service Request,IND-02
SYN-02277,"please provide support to locate the supply order at level two, as soon as possible.",Logistics,Support Request,IND-10
SYN-02278,request to reset printer - main office - today.,IT Support,Service Request,IND-02
SYN-02279,"Please restore the door at north wing, today.",Facilities,Service Request,IND-01
SYN-02280,Request to schedule delivery cart - reception - this afternoon.,Logistics,Service Request,IND-03
SYN-02281,"please replace the office chair at reception, today.",Equipment,Service Request,IND-07
SYN-02282,"please provide support to replace the office chair at reception, before noon.",Equipment,Support Request,IND-10
SYN-02283,"Please clean the window at storage area, when available.",Cleaning,Service Request,IND-05
SYN-02285,Request to locate delivery cart - reception - as soon as possible,Logistics,Service Request,IND-03
SYN-02286,Help needed to provide portable monitor in reception when available.,Equipment,Support Request,IND-10
SYN-02287,"review special meal at main office, today.",Food Services,Service Request,IND-04
SYN-02288,Complaint: recurring issue with feedback at main office.,Customer Support,Complaint,IND-09
SYN-02289,Complaint: recurring issue with office chair at north wing.,Equipment,Complaint,IND-09
SYN-02290,Service needed: reset printer in level two as soon as possible.,IT Support,Service Request,IND-02
SYN-02291,Service needed: locate document box in reception as soon as possible.,Logistics,Service Request,IND-03
SYN-02292,service needed: replace special meal in level two before noon.,Food Services,Service Request,IND-04
SYN-02293,Request to connect application - reception - before noon.,IT Support,Service Request,IND-02
SYN-02294,"Please provide support to configure the laptop at level two, before noon",IT Support,Support Request,IND-10
SYN-02295,"Please provide support to replace the food tray at reception, before noon.",Food Services,Support Request,IND-10
SYN-02296,Complaint: recurring issue with tool kit at storage area,Equipment,Complaint,IND-09
SYN-02297,Service needed: locate delivery cart in main office today.,Logistics,Service Request,IND-03
SYN-02298,"The menu issue at north wing happened again, pls review",Food Services,Complaint,IND-09
SYN-02299,Service needed: schedule package in north wing when available.,Logistics,Service Request,IND-03
SYN-02300,"Please connect the application at reception, this afternoon.",IT Support,Service Request,IND-02
SYN-02302,Request to collect shipment - level two - as soon as possible.,Logistics,Service Request,IND-03
SYN-02303,"the elevator issue at reception happened again, please review.",Facilities,Complaint,IND-09
SYN-02305,"Restore elevator at level two, today.",Facilities,Service Request,IND-01
SYN-02306,complaint: recurring issue with package at reception.,Logistics,Complaint,IND-09
SYN-02307,request to schedule document box - storage area - as soon as possible.,Logistics,Service Request,IND-03
SYN-02308,"Please update the laptop at reception, as soon as possible.",IT Support,Service Request,IND-02
SYN-02309,"Please update the network at north wing, as soon as possible",IT Support,Service Request,IND-02
SYN-02311,"Replace special meal at reception, this afternoon",Food Services,Complaint,IND-09
SYN-02312,complaint: recurring issue with printer at storage area.,IT Support,Complaint,IND-09
SYN-02313,"Adjust elevator at level two, before noon",Facilities,Service Request,IND-01
SYN-02314,Request to review service status - level two - this afternoon,Customer Support,Service Request,IND-08
SYN-02315,"Please wash the meeting room at north wing, before noon.",Cleaning,Service Request,IND-05
SYN-02316,complaint: recurring issue with air conditioner at north wing.,Facilities,Complaint,IND-09
SYN-02317,Service needed: replace meal order in main office when available,Food Services,Service Request,IND-04
SYN-02318,Request to remove window - reception - this afternoon.,Cleaning,Service Request,IND-05
SYN-02319,"wash window at north wing, when available.",Cleaning,Complaint,IND-09
SYN-02320,Service needed: inspect elevator in north wing when available.,Facilities,Service Request,IND-01
SYN-02321,Request to schedule delivery cart - level two - today.,Logistics,Service Request,IND-03
SYN-02322,"The camera issue at main office happened again, please review.",Security,Complaint,IND-09
SYN-02323,"Please provide support to configure the printer at storage area, when available.",IT Support,Support Request,IND-10
SYN-02324,Help needed to register complaint in main office this afternoon.,Customer Support,Support Request,IND-10
SYN-02325,"Please restore the water leak at storage area, today.",Facilities,Service Request,IND-01
SYN-02326,"repair elevator at reception, today",Facilities,Support Request,IND-10
SYN-02327,Request to adjust lighting - storage area - this afternoon.,Facilities,Service Request,IND-01
SYN-02328,Service needed: verify visitor entrance in north wing when available.,Security,Service Request,IND-06
SYN-02329,Help needed to inspect air conditioner in storage area when available,Facilities,Support Request,IND-10
SYN-02330,"Authorize visitor entrance at north wing, before noon.",Cleaning,Service Request,IND-05
SYN-02331,"Connect printer at north wing, as soon as possible.",IT Support,Service Request,IND-02
SYN-02332,Service needed: clean hallway in north wing this afternoon.,Cleaning,Service Request,IND-05
SYN-02333,Complaint: recurring issue with parking gate at north wing.,Security,Complaint,IND-09
SYN-02334,complaint: recurring issue with special meal at north wing.,Food Services,Complaint,IND-09
SYN-02335,Help needed to collect shipment in level two this afternoon.,Logistics,Support Request,IND-10
SYN-02336,"the meeting room issue at reception happened again, please review",Cleaning,Complaint,IND-09
SYN-02338,Help needed to wash waste bin in reception today.,Logistics,Support Request,IND-10
SYN-02339,"Please verify the camera at level two, before noon.",Security,Service Request,IND-06
SYN-02340,Service needed: diagnose printer in north wing as soon as possible.,IT Support,Service Request,IND-02
SYN-02341,"Please provide support to prepare the menu at level two, when available.",Food Services,Support Request,IND-10
SYN-02342,"The projector issue at north wing happened again, please review.",Equipment,Complaint,IND-09
SYN-02343,Request to deliver package - north wing - before noon.,Logistics,Service Request,IND-03
SYN-02344,"Please provide support to reset the application at storage area, this afternoon.",IT Support,Support Request,IND-10
SYN-02346,"Please inspect the water leak at main office, before noon.",Facilities,Service Request,IND-01
SYN-02347,Service needed: check water leak in reception this afternoon.,Facilities,Service Request,IND-01
SYN-02348,Service needed: diagnose network in north wing today.,IT Support,Service Request,IND-02
SYN-02351,"Please transfer the supply order at level two, before noon.",Logistics,Service Request,IND-03
SYN-02352,"The network issue at storage area happened again, pls review.",IT Support,Complaint,IND-09
SYN-02353,help needed to deliver shipment in storage area before noon.,Logistics,Support Request,IND-10
SYN-02354,Complaint: recurring issue with power unit at level two.,Equipment,Complaint,IND-09
SYN-02355,Service needed: check lighting in main office today.,Facilities,Service Request,IND-01
SYN-02356,"Please deliver the document box at level two, this afternoon.",Logistics,Service Request,IND-03
SYN-02357,"Please provide support to sanitize the meeting room at main office, this afternoon",Cleaning,Support Request,IND-10
SYN-02358,Service needed: adjust elevator in north wing when available,Facilities,Service Request,IND-01
SYN-02359,Service needed: clarify feedback in reception as soon as possible.,Customer Support,Service Request,IND-08
SYN-02360,Complaint: recurring issue with meal order at level two.,Food Services,Complaint,IND-09
SYN-02361,"Please update the laptop at north wing, as soon as possible.",IT Support,Service Request,IND-02
SYN-02362,"Sanitize hallway at level two, this afternoon.",Cleaning,Support Request,IND-10
SYN-02363,Help needed to inspect air conditioner in north wing when available.,Facilities,Support Request,IND-10
SYN-02364,Service needed: inspect waste bin in storage area when available,Cleaning,Service Request,IND-05
SYN-02366,"Please provide support to calibrate the tool kit at reception, as soon as possible.",Equipment,Support Request,IND-10
SYN-02367,Service needed: authorize lost item in reception today.,Security,Service Request,IND-06
SYN-02368,"Authorize camera at level two, when available.",Security,Service Request,IND-06
SYN-02369,"The waste bin issue at level two happened again, please review.",Food Services,Complaint,IND-08
SYN-02370,"Please remove the meeting room at storage area, before noon",Cleaning,Service Request,IND-05
SYN-02371,Complaint: recurring issue with shipment at north wing.,Logistics,Complaint,IND-09
SYN-02372,Request to reset user account - north wing - as soon as possible.,IT Support,Service Request,IND-02
SYN-02373,Help needed to restore door in reception when available.,Facilities,Support Request,IND-10
SYN-02374,Complaint: recurring issue with door at north wing,Facilities,Complaint,IND-09
SYN-02375,"please provide support to restore the air conditioner at reception, this afternoon.",Facilities,Support Request,IND-10
SYN-02376,"Please provide support to collect the supply order at main office, before noon.",Logistics,Support Request,IND-10
SYN-02377,Complaint: recurring issue with hallway at north wing.,Cleaning,Complaint,IND-09
SYN-02378,"Please provide support to deliver the supply order at north wing, before noon",Logistics,Support Request,IND-10
SYN-02380,"Schedule package at north wing, today.",Logistics,Support Request,IND-07
SYN-02381,"Please wash the window at level two, this afternoon.",Cleaning,Service Request,IND-05
SYN-02382,service needed: authorize parking gate in storage area before noon.,Security,Service Request,IND-06
SYN-02383,Help needed to transfer delivery cart in north wing today.,Logistics,Support Request,IND-10
SYN-02384,complaint: recurring issue with lost item at main office,Security,Complaint,IND-09
SYN-02385,Help needed to inspect window in north wing as soon as possible.,Cleaning,Support Request,IND-10
SYN-02386,Service needed: prepare special meal in main office before noon.,Food Services,Service Request,IND-04
SYN-02387,"Please deliver the meal order at main office, today",Food Services,Service Request,IND-03
SYN-02388,request to follow up information request - main office - as soon as possible.,Customer Support,Service Request,IND-08
SYN-02389,"Please check the air conditioner at north wing, this afternoon.",Facilities,Service Request,IND-01
SYN-02390,"Please provide support to provide the projector at main office, this afternoon",Equipment,Support Request,IND-10
SYN-02391,Help needed to monitor visitor entrance in storage area before noon.,Security,Support Request,IND-10
SYN-02392,Help needed to review lost item in storage area as soon as possible.,Security,Support Request,IND-10
SYN-02393,"remove hallway at storage area, today.",Cleaning,Service Request,IND-05
SYN-02394,Request to prepare special meal - storage area - before noon.,Food Services,Service Request,IND-04
SYN-02395,service needed: authorize parking gate in storage area before noon,Security,Service Request,IND-06
SYN-02396,service needed: adjust lighting in reception today,Facilities,Service Request,IND-01
SYN-02397,Service needed: schedule delivery cart in reception this afternoon.,Logistics,Service Request,IND-01
SYN-02398,"The laptop issue at level two happened again, please review.",IT Support,Complaint,IND-09
SYN-02399,Service needed: adjust air conditioner in main office today.,Facilities,Service Request,IND-01
SYN-02400,"Please wash the waste bin at level two, before noon",Cleaning,Service Request,IND-05
SYN-02401,Service needed: inspect tool kit in level two when available.,Equipment,Service Request,IND-07
SYN-02402,Service needed: repair power unit in main office before noon.,Equipment,Service Request,IND-07
SYN-02403,"Adjust air conditioner at level two, this afternoon",Facilities,Complaint,IND-09
SYN-02404,"The office chair issue at north wing happened again, please review.",Equipment,Complaint,IND-09
SYN-02405,help needed to clarify feedback in storage area this afternoon.,Customer Support,Support Request,IND-02
SYN-02406,"repair air conditioner at main office, today.",Facilities,Service Request,IND-01
SYN-02407,"The beverage station issue at north wing happened again, pls review.",Food Services,Complaint,IND-09
SYN-02408,Help needed to update network in reception today,IT Support,Support Request,IND-10
SYN-02409,Service needed: connect user account in main office today,IT Support,Service Request,IND-02
SYN-02410,"Please locate the supply order at reception, today.",Logistics,Service Request,IND-03
SYN-02412,Service needed: prepare menu in level two today.,Food Services,Service Request,IND-04
SYN-02413,"The waste bin issue at level two happened again, pls review.",Cleaning,Complaint,IND-09
SYN-02416,Request to provide projector - level two - today.,Equipment,Service Request,IND-07
SYN-02417,Service needed: configure user account in north wing before noon.,IT Support,Service Request,IND-02
SYN-02418,"please review the appointment at level two, today",Customer Support,Service Request,IND-08
SYN-02419,"Calibrate projector at north wing, when available.",IT Support,Support Request,IND-10
SYN-02420,help needed to authorize access badge in main office before noon.,Equipment,Support Request,IND-10
SYN-02421,Complaint: recurring issue with lighting at reception,Facilities,Complaint,IND-09
SYN-02422,"Provide power unit at north wing, today.",Facilities,Service Request,IND-01
SYN-02423,"Confirm food tray at level two, this afternoon.",Food Services,Service Request,IND-04
SYN-02424,"Please repair the door at storage area, before noon.",Facilities,Service Request,IND-01
SYN-02425,Service needed: update printer in main office as soon as possible,Facilities,Service Request,IND-01
SYN-02426,"Clarify complaint at main office, as soon as possible.",Customer Support,Service Request,IND-08
SYN-02427,service needed: review access badge in reception when available,Security,Service Request,IND-06
SYN-02428,"please collect the document box at reception, as soon as possible.",Logistics,Service Request,IND-03
SYN-02429,"Please provide support to locate the camera at north wing, today.",Security,Support Request,IND-10
SYN-02430,Complaint: recurring issue with visitor entrance at main office.,Security,Complaint,IND-09
SYN-02431,"please deliver the document box at level two, today.",Logistics,Service Request,IND-03
SYN-02432,"Restore elevator at level two, when available",Facilities,Service Request,IND-01
SYN-02433,"Please remove the spill at north wing, this afternoon.",Cleaning,Service Request,IND-05
SYN-02434,"Please configure the printer at reception, as soon as possible.",IT Support,Service Request,IND-02
SYN-02435,"Locate package at level two, today.",Equipment,Service Request,IND-07
SYN-02436,Request to locate camera - north wing - today.,Security,Service Request,IND-06
SYN-02437,"Please provide support to repair the elevator at main office, as soon as possible.",Facilities,Support Request,IND-10
SYN-02438,Service needed: prepare food tray in storage area before noon.,Food Services,Service Request,IND-04
SYN-02439,"please configure the printer at level two, this afternoon.",IT Support,Service Request,IND-02
SYN-02440,Help needed to connect network in reception this afternoon.,IT Support,Support Request,IND-10
SYN-02441,"Please provide support to deliver the package at storage area, today.",Logistics,Support Request,IND-04
SYN-02442,Help needed to reset network in main office before noon.,Security,Support Request,IND-10
SYN-02443,"wash spill at north wing, when available.",Cleaning,Support Request,IND-10
SYN-02444,"The menu issue at reception happened again, please review.",Food Services,Complaint,IND-09
SYN-02445,"Please repair the air conditioner at level two, as soon as possible.",Facilities,Service Request,IND-01
SYN-02446,"The hallway issue at north wing happened again, please review.",Cleaning,Complaint,IND-09
SYN-02447,Request to schedule delivery cart - north wing - today.,Logistics,Service Request,IND-03
SYN-02448,Complaint: recurring issue with lost item at level two,Security,Complaint,IND-09
SYN-02449,"pls review the menu at reception, this afternoon.",Facilities,Service Request,IND-01
SYN-02450,Service needed: repair air conditioner in main office this afternoon.,Facilities,Service Request,IND-01
SYN-02451,Request to remove hallway - main office - today.,Cleaning,Service Request,IND-05
SYN-02452,Complaint: recurring issue with document box at storage area,Logistics,Complaint,IND-09
SYN-02453,"The complaint issue at north wing happened again, please review",Food Services,Complaint,IND-09
SYN-02454,Help needed to diagnose application in north wing today.,IT Support,Support Request,IND-10
SYN-02455,"Please reset the user account at reception, when available.",IT Support,Service Request,IND-02
SYN-02456,complaint: recurring issue with waste bin at level two.,Cleaning,Complaint,IND-09
SYN-02458,request to inspect door - main office - today,Facilities,Service Request,IND-01
SYN-02459,"The power unit issue at storage area happened again, please review.",Equipment,Complaint,IND-09
SYN-02460,"Deliver beverage station at storage area, when available.",Food Services,Support Request,IND-10
SYN-02461,Service needed: replace projector in main office when available,Facilities,Service Request,IND-01
SYN-02462,"update printer at main office, before noon.",IT Support,Support Request,IND-10
SYN-02464,"Deliver document box at main office, when available.",Logistics,Service Request,IND-03
SYN-02465,"Please diagnose the network at reception, this afternoon.",IT Support,Service Request,IND-02
SYN-02466,Request to connect laptop - reception - when available,IT Support,Service Request,IND-02
SYN-02467,"Please provide the portable monitor at reception, this afternoon.",Equipment,Service Request,IND-07
SYN-02468,Request to verify lost item - north wing - as soon as possible,Security,Service Request,IND-06
SYN-02469,"Please provide support to locate the lost item at main office, this afternoon.",Facilities,Support Request,IND-10
SYN-02470,Request to clean meeting room - north wing - this afternoon.,Cleaning,Service Request,IND-05
SYN-02471,Complaint: recurring issue with supply order at main office.,Logistics,Complaint,IND-09
SYN-02472,help needed to deliver menu in storage area as soon as possible,Food Services,Support Request,IND-10
SYN-02474,"please restore the water leak at reception, today.",Facilities,Service Request,IND-01
SYN-02475,"please register the feedback at reception, today.",Customer Support,Service Request,IND-08
SYN-02477,"Please repair the door at north wing, as soon as possible.",Facilities,Service Request,IND-01
SYN-02478,Help needed to monitor parking gate in reception before noon.,Security,Support Request,IND-10
SYN-02480,"Replace food tray at storage area, today.",Food Services,Service Request,IND-04
SYN-02481,service needed: reset application in storage area this afternoon.,IT Support,Service Request,IND-02
SYN-02482,"Please adjust the lighting at north wing, when available",Facilities,Service Request,IND-01
SYN-02483,Request to confirm menu - storage area - this afternoon.,Food Services,Service Request,IND-04
SYN-02484,"Schedule package at level two, this afternoon.",Logistics,Service Request,IND-03
SYN-02485,"adjust air conditioner at main office, before noon.",Facilities,Service Request,IND-01
SYN-02486,Service needed: clean window in reception today.,Cleaning,Service Request,IND-05
SYN-02487,"please reset the user account at north wing, today.",IT Support,Service Request,IND-02
SYN-02488,"deliver delivery cart at main office, before noon.",Logistics,Support Request,IND-10
SYN-02489,"Remove waste bin at level two, before noon.",Cleaning,Service Request,IND-05
SYN-02490,"please deliver the shipment at storage area, before noon.",Logistics,Service Request,IND-03
SYN-02491,"Please check the door at north wing, as soon as possible.",Facilities,Service Request,IND-01
SYN-02492,"pls inspect the office chair at north wing, this afternoon.",Equipment,Service Request,IND-07
SYN-02493,"The information request issue at main office happened again, please review",Customer Support,Complaint,IND-09
SYN-02494,Service needed: restore door in main office before noon,Facilities,Service Request,IND-01
SYN-02495,Service needed: inspect water leak in north wing before noon.,Security,Service Request,IND-06
SYN-02496,Request to register feedback - level two - today.,Customer Support,Service Request,IND-08
SYN-02497,"The window issue at reception happened again, please review.",Cleaning,Complaint,IND-09
SYN-02498,Complaint: recurring issue with meal order at storage area.,Logistics,Complaint,IND-09
SYN-02499,Request to configure user account - storage area - today.,IT Support,Service Request,IND-02
SYN-02500,Request to locate supply order - reception - when available.,Logistics,Service Request,IND-03
SYN-02501,"The supply order issue at level two happened again, please review.",Logistics,Complaint,IND-05
SYN-02503,"Please review the special meal at level two, before noon.",Food Services,Service Request,IND-04
SYN-02504,Service needed: diagnose application in storage area today.,IT Support,Service Request,IND-02
SYN-02505,"please inspect the air conditioner at north wing, today.",Facilities,Service Request,IND-05
SYN-02506,svc needed: adjust lighting in north wing today.,Facilities,Service Request,IND-01
SYN-02507,"The projector issue at reception happened again, please review.",Equipment,Complaint,IND-09
SYN-02508,Complaint: recurring issue with waste bin at reception.,Customer Support,Complaint,IND-09
SYN-02509,"Configure printer at north wing, today.",IT Support,Service Request,IND-02
SYN-02510,Complaint: recurring issue with delivery cart at north wing.,Logistics,Complaint,IND-09
SYN-02511,"please provide support to confirm the beverage station at level two, today",Food Services,Support Request,IND-10
SYN-02512,service needed: collect delivery cart in north wing when available.,Logistics,Service Request,IND-03
SYN-02513,service needed: inspect water leak in level two before noon.,Facilities,Service Request,IND-01
SYN-02514,"Please repair the lighting at main office, when available",Facilities,Service Request,IND-01
SYN-02515,"Repair air conditioner at reception, as soon as possible.",Facilities,Service Request,IND-01
SYN-02516,Request to sanitize waste bin - reception - before noon.,Facilities,Service Request,IND-01
SYN-02517,Service needed: check elevator in storage area when available.,Facilities,Service Request,IND-01
SYN-02518,"pls check the water leak at reception, this afternoon.",Facilities,Service Request,IND-01
SYN-02519,Service needed: monitor visitor entrance in main office before noon.,Security,Service Request,IND-06
SYN-02520,"please inspect the window at north wing, when available",Cleaning,Service Request,IND-05
SYN-02521,"Please provide support to sanitize the hallway at level two, when available.",Cleaning,Support Request,IND-10
SYN-02523,"Please provide support to repair the lighting at level two, when available.",Facilities,Support Request,IND-10
SYN-02524,"verify lost item at north wing, before noon.",Security,Support Request,IND-10
SYN-02525,"Please provide support to reset the network at reception, as soon as possible.",IT Support,Support Request,IND-10
SYN-02526,request to restore door - main office - as soon as possible.,Facilities,Service Request,IND-01
SYN-02527,Service needed: register feedback in storage area this afternoon.,Customer Support,Service Request,IND-08
SYN-02528,Help needed to schedule shipment in storage area today.,Logistics,Support Request,IND-10
SYN-02529,Service needed: monitor camera in main office as soon as possible.,Security,Service Request,IND-06
SYN-02530,Request to transfer package - main office - before noon.,Logistics,Service Request,IND-03
SYN-02531,service needed: calibrate portable monitor in level two today.,Equipment,Service Request,IND-07
SYN-02532,"Please register the feedback at storage area, before noon.",Customer Support,Service Request,IND-08
SYN-02533,Service needed: repair projector in reception today.,Equipment,Service Request,IND-07
SYN-02534,request to replace food tray - storage area - before noon,Food Services,Service Request,IND-04
SYN-02535,Request to clarify complaint - main office - when available.,Facilities,Service Request,IND-01
SYN-02536,"please configure the user account at reception, before noon.",IT Support,Service Request,IND-02
SYN-02537,Complaint: recurring issue with network at reception,IT Support,Complaint,IND-09
SYN-02538,"Please deliver the shipment at storage area, when available.",Logistics,Service Request,IND-03
SYN-02539,"Confirm beverage station at reception, this afternoon.",Food Services,Service Request,IND-04
SYN-02540,"Please check the elevator at level two, when available",Facilities,Service Request,IND-01
SYN-02542,Help needed to prepare special meal in level two as soon as possible.,Food Services,Support Request,IND-10
SYN-02544,Service needed: check lighting in main office before noon.,Facilities,Service Request,IND-01
SYN-02545,Request to repair air conditioner - level two - before noon.,Facilities,Service Request,IND-01
SYN-02546,"please provide support to transfer the delivery cart at level two, this afternoon.",Logistics,Support Request,IND-10
SYN-02547,Request to review lost item - storage area - today.,Security,Service Request,IND-06
SYN-02548,Request to deliver document box - reception - today.,Logistics,Service Request,IND-03
SYN-02549,"Please collect the document box at reception, as soon as possible.",Logistics,Service Request,IND-03
SYN-02550,"Please deliver the beverage station at reception, this afternoon",Food Services,Service Request,IND-01
SYN-02552,service needed: remove waste bin in north wing before noon,Cleaning,Service Request,IND-05
SYN-02553,"the menu issue at storage area happened again, please review",Food Services,Complaint,IND-09
SYN-02554,Service needed: transfer document box in storage area before noon.,Logistics,Service Request,IND-03
SYN-02555,Help needed to authorize visitor entrance in main office this afternoon.,Security,Support Request,IND-10
SYN-02556,"please review the access badge at reception, as soon as possible.",Security,Service Request,IND-06
SYN-02557,Complaint: recurring issue with waste bin at level two.,Facilities,Complaint,IND-09
SYN-02558,Help needed to collect package in level two today.,Logistics,Support Request,IND-10
SYN-02559,Service needed: schedule document box in level two as soon as possible.,Logistics,Service Request,IND-03
SYN-02560,"Review beverage station at level two, this afternoon.",Food Services,Service Request,IND-04
SYN-02561,"Please deliver the shipment at storage area, as soon as possible",Logistics,Service Request,IND-03
SYN-02562,"Please remove the waste bin at reception, today.",Cleaning,Service Request,IND-05
SYN-02563,"Please provide support to update the application at main office, this afternoon.",IT Support,Support Request,IND-10
SYN-02564,Help needed to repair tool kit in reception today,Equipment,Support Request,IND-10
SYN-02565,Service needed: confirm food tray in level two when available.,Food Services,Service Request,IND-04
SYN-02566,"the delivery cart issue at reception happened again, pls review.",Logistics,Complaint,IND-09
SYN-02567,Request to check elevator - reception - before noon,Facilities,Service Request,IND-01
SYN-02568,"please schedule the package at main office, before noon.",Logistics,Service Request,IND-03
SYN-02569,"Reset network at storage area, when available.",IT Support,Service Request,IND-02
SYN-02570,"Please check the lighting at north wing, when available.",Facilities,Service Request,IND-01
SYN-02571,Complaint: recurring issue with information request at storage area.,Facilities,Complaint,IND-09
SYN-02572,Service needed: locate lost item in level two this afternoon.,Security,Service Request,IND-06
SYN-02573,Complaint: recurring issue with power unit at north wing.,Equipment,Complaint,IND-09
SYN-02574,"The beverage station issue at reception happened again, please review.",Food Services,Complaint,IND-09
SYN-02575,Request to prepare beverage station - reception - as soon as possible.,Food Services,Service Request,IND-04
SYN-02576,"Clarify information request at north wing, when available.",Facilities,Service Request,IND-01
SYN-02577,"Please diagnose the printer at main office, as soon as possible.",IT Support,Service Request,IND-02
SYN-02578,Service needed: connect printer in reception before noon.,IT Support,Service Request,IND-02
SYN-02579,Complaint: recurring issue with network at level two.,IT Support,Complaint,IND-09
SYN-02580,Complaint: recurring issue with printer at main office,IT Support,Complaint,IND-09
SYN-02581,service needed: reset network in storage area as soon as possible.,IT Support,Service Request,IND-02
SYN-02582,help needed to repair office chair in reception today.,Equipment,Support Request,IND-10
SYN-02583,Service needed: configure laptop in north wing before noon.,IT Support,Service Request,IND-02
SYN-02584,"please sanitize the waste bin at north wing, before noon.",Cleaning,Service Request,IND-05
SYN-02585,"Please provide support to schedule the supply order at storage area, when available.",IT Support,Support Request,IND-10
SYN-02586,Complaint: recurring issue with visitor entrance at reception.,Security,Complaint,IND-09
SYN-02587,"Clean spill at reception, before noon.",Food Services,Service Request,IND-04
SYN-02589,"Please prepare the meal order at reception, before noon.",Food Services,Service Request,IND-04
SYN-02590,"Please provide support to check the door at reception, as soon as possible",Facilities,Support Request,IND-10
SYN-02591,Request to replace tool kit - storage area - today.,Facilities,Service Request,IND-01
SYN-02592,Service needed: locate package in main office when available.,Logistics,Service Request,IND-03
SYN-02593,Help needed to inspect hallway in north wing when available.,Cleaning,Support Request,IND-10
SYN-02594,Service needed: review camera in storage area today,Customer Support,Service Request,IND-08
SYN-02595,"Please sanitize the waste bin at level two, before noon",Cleaning,Service Request,IND-05
SYN-02596,Service needed: adjust air conditioner in level two when available,Facilities,Service Request,IND-01
SYN-02597,Service needed: deliver shipment in main office today.,Logistics,Service Request,IND-03
SYN-02598,Service needed: inspect air conditioner in storage area before noon.,Facilities,Service Request,IND-01
SYN-02599,Complaint: recurring issue with meeting room at storage area.,Food Services,Complaint,IND-09
SYN-02600,Request to calibrate projector - reception - today.,Equipment,Service Request,IND-07
SYN-02601,Request to respond to information request - reception - as soon as possible.,Customer Support,Service Request,IND-08
SYN-02602,"The user account issue at storage area happened again, please review.",IT Support,Complaint,IND-09
SYN-02603,"Please authorize the camera at main office, today.",Security,Service Request,IND-06
SYN-02604,Request to remove waste bin - main office - before noon.,Cleaning,Service Request,IND-05
SYN-02605,"Please check the lighting at north wing, this afternoon.",Facilities,Service Request,IND-01
SYN-02606,Help needed to inspect meeting room in level two when available.,Cleaning,Support Request,IND-10
SYN-02607,"Please provide support to update the user account at reception, as soon as possible.",IT Support,Support Request,IND-10
SYN-02608,complaint: recurring issue with access badge at reception.,Security,Complaint,IND-09
SYN-02609,Request to schedule supply order - north wing - as soon as possible.,Logistics,Service Request,IND-03
SYN-02610,"Schedule package at level two, before noon.",IT Support,Service Request,IND-02
SYN-02611,"Check water leak at north wing, before noon",Facilities,Complaint,IND-09
SYN-02612,"The water leak issue at north wing happened again, please review",Facilities,Complaint,IND-09
SYN-02613,"Please restore the lighting at level two, before noon.",Facilities,Service Request,IND-01
SYN-02614,Service needed: inspect tool kit in level two today.,Equipment,Service Request,IND-07
SYN-02615,"Schedule delivery cart at north wing, when available.",Logistics,Service Request,IND-03
SYN-02616,complaint: recurring issue with office chair at main office.,Equipment,Complaint,IND-09
SYN-02617,"please deliver the beverage station at reception, today",IT Support,Service Request,IND-02
SYN-02618,Service needed: collect supply order in main office before noon.,Logistics,Service Request,IND-02
SYN-02619,Complaint: recurring issue with office chair at storage area.,Equipment,Complaint,IND-09
SYN-02620,Service needed: schedule supply order in level two as soon as possible.,IT Support,Service Request,IND-02
SYN-02622,help needed to locate package in main office today.,Logistics,Support Request,IND-10
SYN-02623,"please adjust the air conditioner at level two, this afternoon.",Facilities,Service Request,IND-01
SYN-02624,"Replace special meal at main office, this afternoon",Food Services,Service Request,IND-04
SYN-02625,"Inspect lighting at main office, today",Facilities,Service Request,IND-01
SYN-02626,"Please review the appointment at north wing, today.",IT Support,Service Request,IND-02
SYN-02627,Service needed: deliver delivery cart in level two as soon as possible.,Logistics,Service Request,IND-03
SYN-02628,Service needed: schedule package in north wing as soon as possible.,Logistics,Service Request,IND-03
SYN-02629,"Replace tool kit at storage area, today.",Equipment,Service Request,IND-07
SYN-02630,"Please provide support to inspect the water leak at main office, before noon.",Facilities,Support Request,IND-10
SYN-02631,Request to collect package - storage area - when available.,Logistics,Service Request,IND-03
SYN-02632,"Please diagnose the printer at storage area, this afternoon.",IT Support,Service Request,IND-02
SYN-02633,"The food tray issue at reception happened again, please review.",Equipment,Complaint,IND-09
SYN-02634,"Please provide support to configure the printer at main office, this afternoon.",IT Support,Support Request,IND-10
SYN-02635,Request to connect user account - north wing - today,IT Support,Service Request,IND-02
SYN-02636,Request to configure laptop - main office - when available.,IT Support,Service Request,IND-02
SYN-02638,Service needed: connect network in north wing as soon as possible.,IT Support,Service Request,IND-02
SYN-02640,Complaint: recurring issue with shipment at reception.,Logistics,Complaint,IND-09
SYN-02642,"Please review the special meal at main office, before noon.",Equipment,Service Request,IND-07
SYN-02643,"Please repair the door at reception, when available.",Facilities,Service Request,IND-01
SYN-02644,service needed: remove waste bin in north wing today.,Cleaning,Service Request,IND-05
SYN-02645,Request to schedule package - main office - as soon as possible.,Logistics,Service Request,IND-03
SYN-02646,"please authorize the lost item at north wing, as soon as possible",Security,Service Request,IND-06
SYN-02647,Request to repair office chair - storage area - this afternoon,Equipment,Service Request,IND-07
SYN-02648,"Please adjust the elevator at storage area, when available.",Facilities,Service Request,IND-01
SYN-02649,"sanitize spill at north wing, as soon as possible.",Cleaning,Service Request,IND-05
SYN-02650,"The package issue at level two happened again, please review.",Logistics,Complaint,IND-09
SYN-02651,"Please provide support to locate the delivery cart at reception, this afternoon.",Logistics,Support Request,IND-06
SYN-02652,Help needed to locate document box in north wing today.,Logistics,Support Request,IND-10
SYN-02653,Service needed: inspect spill in main office when available.,Facilities,Service Request,IND-01
SYN-02654,Service needed: respond to service status in main office when available,Customer Support,Service Request,IND-08
SYN-02655,service needed: wash meeting room in main office today.,Facilities,Service Request,IND-01
SYN-02656,"The application issue at main office happened again, please review.",IT Support,Complaint,IND-09
SYN-02657,Service needed: wash waste bin in level two when available.,Cleaning,Service Request,IND-05
SYN-02658,Request to clean meeting room - main office - when available,Cleaning,Service Request,IND-05
SYN-02659,Request to collect document box - storage area - before noon.,Logistics,Service Request,IND-03
SYN-02660,Complaint: recurring issue with special meal at north wing.,Food Services,Complaint,IND-09
SYN-02661,Request to sanitize hallway - main office - today,Cleaning,Service Request,IND-05
SYN-02662,Complaint: recurring issue with service status at main office,Customer Support,Complaint,IND-09
SYN-02663,"Restore water leak at main office, when available.",Facilities,Service Request,IND-01
SYN-02664,"replace beverage station at storage area, as soon as possible.",Food Services,Complaint,IND-09
SYN-02665,"Clarify feedback at level two, when available",Customer Support,Service Request,IND-08
SYN-02666,"please replace the food tray at storage area, this afternoon.",Facilities,Service Request,IND-01
SYN-02667,Help needed to review service status in reception before noon.,Customer Support,Support Request,IND-10
SYN-02668,complaint: recurring issue with elevator at level two.,Facilities,Complaint,IND-09
SYN-02669,"Please prepare the special meal at storage area, before noon.",Food Services,Service Request,IND-04
SYN-02671,Service needed: configure user account in storage area today.,IT Support,Service Request,IND-02
SYN-02672,"Please wash the window at reception, before noon.",Cleaning,Service Request,IND-05
SYN-02673,Service needed: confirm special meal in main office today.,Facilities,Service Request,IND-01
SYN-02674,Complaint: recurring issue with spill at reception.,Food Services,Complaint,IND-09
SYN-02675,"please register the information request at storage area, as soon as possible.",Customer Support,Service Request,IND-08
SYN-02676,Complaint: recurring issue with hallway at level two.,Cleaning,Complaint,IND-09
SYN-02677,Help needed to restore air conditioner in storage area before noon.,Facilities,Support Request,IND-10
SYN-02678,"please wash the waste bin at north wing, today.",Cleaning,Service Request,IND-05
SYN-02680,request to sanitize window - reception - today.,Cleaning,Service Request,IND-05
SYN-02682,Service needed: confirm beverage station in reception before noon.,Food Services,Service Request,IND-04
SYN-02683,"Please repair the elevator at level two, today.",Facilities,Service Request,IND-01
SYN-02684,Request to collect document box - storage area - today.,Logistics,Service Request,IND-03
SYN-02685,"the document box issue at main office happened again, please review.",Logistics,Complaint,IND-09
SYN-02686,Service needed: replace menu in storage area as soon as possible.,Food Services,Service Request,IND-04
SYN-02687,Help needed to register appointment in storage area as soon as possible.,Cleaning,Support Request,IND-10
SYN-02688,Service needed: collect package in reception before noon.,Security,Service Request,IND-06
SYN-02690,Complaint: recurring issue with waste bin at level two.,Cleaning,Complaint,IND-09
SYN-02691,Request to inspect water leak - storage area - as soon as possible.,Facilities,Service Request,IND-01
SYN-02692,"schedule shipment at main office, as soon as possible.",Logistics,Service Request,IND-03
SYN-02693,Help needed to restore lighting in reception before noon.,Facilities,Support Request,IND-10
SYN-02694,Complaint: recurring issue with shipment at level two.,Logistics,Complaint,IND-09
SYN-02695,"Please provide support to deliver the beverage station at level two, before noon.",Customer Support,Support Request,IND-10
SYN-02696,"Please inspect the hallway at north wing, before noon.",Cleaning,Service Request,IND-05
SYN-02697,"Please inspect the hallway at storage area, this afternoon.",Cleaning,Service Request,IND-05
SYN-02698,svc needed: reset user account in storage area today.,Facilities,Service Request,IND-01
SYN-02699,"Please schedule the delivery cart at main office, today.",Logistics,Service Request,IND-03
SYN-02700,"The lost item issue at level two happened again, please review.",Security,Complaint,IND-09
SYN-02701,Help needed to verify visitor entrance in storage area this afternoon.,Security,Support Request,IND-10
SYN-02702,Complaint: recurring issue with camera at reception.,Food Services,Complaint,IND-09
SYN-02703,"repair portable monitor at north wing, this afternoon.",Equipment,Service Request,IND-07
SYN-02704,"Clarify service status at main office, as soon as possible.",IT Support,Complaint,IND-09
SYN-02706,Help needed to configure laptop in reception as soon as possible.,IT Support,Support Request,IND-10
SYN-02707,"Please locate the camera at reception, today.",Security,Service Request,IND-06
SYN-02709,"please collect the package at main office, this afternoon.",Logistics,Service Request,IND-03
SYN-02710,"The parking gate issue at north wing happened again, please review",Facilities,Complaint,IND-09
SYN-02711,Request to inspect lighting - main office - this afternoon.,Facilities,Service Request,IND-01
SYN-02712,"Schedule delivery cart at storage area, as soon as possible",Logistics,Support Request,IND-10
SYN-02713,request to adjust door - main office - this afternoon.,Facilities,Service Request,IND-01
SYN-02714,Complaint: recurring issue with access badge at storage area.,Food Services,Complaint,IND-09
SYN-02715,Request to replace special meal - storage area - today.,Security,Service Request,IND-06
SYN-02716,Request to verify visitor entrance - level two - as soon as possible.,Security,Service Request,IND-06
SYN-02717,Service needed: confirm meal order in storage area before noon.,Food Services,Service Request,IND-04
SYN-02718,"Replace power unit at main office, as soon as possible.",Logistics,Support Request,IND-10
SYN-02719,"the appointment issue at level two happened again, please review.",Security,Complaint,IND-09
SYN-02720,Request to prepare beverage station - north wing - before noon.,Food Services,Service Request,IND-04
SYN-02721,Service needed: sanitize waste bin in north wing today.,Cleaning,Service Request,IND-05
SYN-02722,Service needed: deliver food tray in north wing before noon.,Food Services,Service Request,IND-04
SYN-02723,Service needed: connect user account in reception when available,IT Support,Service Request,IND-02
SYN-02724,"the package issue at north wing happened again, pls review.",Logistics,Complaint,IND-09
SYN-02725,service needed: reset user account in reception today.,IT Support,Service Request,IND-02
SYN-02726,Complaint: recurring issue with visitor entrance at storage area.,Security,Complaint,IND-09
SYN-02727,Request to transfer shipment - reception - before noon.,Logistics,Service Request,IND-03
SYN-02728,Service needed: diagnose network in level two as soon as possible.,IT Support,Service Request,IND-02
SYN-02729,"Collect delivery cart at level two, before noon.",Logistics,Service Request,IND-03
SYN-02730,Help needed to inspect waste bin in level two today.,Cleaning,Support Request,IND-10
SYN-02731,Service needed: review special meal in reception before noon.,Food Services,Service Request,IND-04
SYN-02732,"Sanitize meeting room at main office, this afternoon.",Cleaning,Service Request,IND-05
SYN-02733,"configure user account at level two, when available.",IT Support,Complaint,IND-09
SYN-02734,"reset printer at level two, today.",IT Support,Service Request,IND-02
SYN-02735,Service needed: diagnose application in storage area today,IT Support,Service Request,IND-02
SYN-02736,Request to inspect elevator - reception - before noon.,Facilities,Service Request,IND-01
SYN-02737,complaint: recurring issue with water leak at north wing.,Facilities,Complaint,IND-09
SYN-02739,"Register information request at reception, when available.",Customer Support,Service Request,IND-08
SYN-02740,"deliver beverage station at north wing, before noon.",Food Services,Service Request,IND-04
SYN-02741,Complaint: recurring issue with complaint at level two.,Customer Support,Complaint,IND-06
SYN-02742,Request to inspect air conditioner - storage area - when available.,Facilities,Service Request,IND-01
SYN-02743,"Please provide support to clean the hallway at reception, this afternoon.",Cleaning,Support Request,IND-10
SYN-02744,"Please provide support to repair the door at level two, as soon as possible.",Facilities,Support Request,IND-10
SYN-02745,Request to diagnose user account - north wing - before noon.,IT Support,Service Request,IND-02
SYN-02746,Request to reset laptop - main office - this afternoon.,Security,Service Request,IND-06
SYN-02747,"Please provide support to inspect the door at storage area, when available.",Facilities,Support Request,IND-10
SYN-02748,service needed: sanitize window in storage area before noon.,Cleaning,Service Request,IND-05
SYN-02749,"Please schedule the supply order at level two, before noon.",Equipment,Service Request,IND-07
SYN-02750,"Transfer package at reception, before noon.",Logistics,Service Request,IND-03
SYN-02751,Service needed: configure network in main office today.,IT Support,Service Request,IND-02
SYN-02752,"please diagnose the laptop at level two, when available.",IT Support,Service Request,IND-02
SYN-02754,"Check lighting at north wing, when available.",Facilities,Service Request,IND-01
SYN-02755,"remove waste bin at storage area, before noon",Facilities,Service Request,IND-01
SYN-02756,Help needed to check elevator in level two this afternoon.,Facilities,Support Request,IND-10
SYN-02757,"Please provide support to collect the delivery cart at reception, today.",Logistics,Support Request,IND-10
SYN-02758,"The delivery cart issue at storage area happened again, please review",Logistics,Complaint,IND-09
SYN-02759,Service needed: inspect lighting in north wing before noon.,Facilities,Service Request,IND-01
SYN-02761,"Please provide support to configure the printer at storage area, this afternoon.",IT Support,Support Request,IND-10
SYN-02762,"Please provide support to reset the application at storage area, when available.",IT Support,Support Request,IND-10
SYN-02763,"The door issue at reception happened again, please review.",Facilities,Complaint,IND-09
SYN-02765,"Please adjust the air conditioner at level two, today",Food Services,Service Request,IND-04
SYN-02766,"Configure laptop at storage area, when available.",Security,Support Request,IND-10
SYN-02767,"please provide support to clean the waste bin at storage area, this afternoon",Cleaning,Support Request,IND-10
SYN-02768,"Please restore the elevator at reception, today",Facilities,Service Request,IND-01
SYN-02769,"The information request issue at reception happened again, please review.",Customer Support,Complaint,IND-09
SYN-02770,"Please adjust the elevator at level two, when available.",Facilities,Service Request,IND-01
SYN-02771,Complaint: recurring issue with lighting at north wing,Facilities,Complaint,IND-09
SYN-02772,"Please inspect the lighting at level two, today.",Cleaning,Service Request,IND-05
SYN-02774,"Please provide the projector at storage area, this afternoon.",Equipment,Service Request,IND-07
SYN-02775,Service needed: authorize camera in level two this afternoon.,Security,Service Request,IND-06
SYN-02776,Request to replace power unit - main office - when available.,Equipment,Service Request,IND-07
SYN-02777,"Restore door at main office, as soon as possible.",Facilities,Service Request,IND-01
SYN-02778,"Please provide support to repair the tool kit at main office, today.",Facilities,Support Request,IND-10
SYN-02779,Request to inspect lighting - level two - before noon.,Facilities,Service Request,IND-01
SYN-02780,"Review food tray at main office, before noon.",Food Services,Support Request,IND-10
SYN-02781,"Remove waste bin at main office, when available.",IT Support,Support Request,IND-10
SYN-02782,"Inspect lighting at north wing, when available.",Facilities,Complaint,IND-09
SYN-02783,Service needed: monitor visitor entrance in north wing today.,Security,Service Request,IND-06
SYN-02785,Service needed: replace special meal in north wing when available.,Food Services,Service Request,IND-04
SYN-02786,"Calibrate tool kit at level two, before noon.",Equipment,Service Request,IND-07
SYN-02787,Service needed: schedule shipment in north wing this afternoon.,Logistics,Service Request,IND-03
SYN-02789,Request to reset laptop - storage area - today.,IT Support,Service Request,IND-02
SYN-02790,Service needed: restore water leak in level two when available,Facilities,Service Request,IND-02
SYN-02791,Service needed: repair tool kit in reception as soon as possible.,Equipment,Service Request,IND-07
SYN-02792,"restore air conditioner at storage area, as soon as possible.",Facilities,Service Request,IND-01
SYN-02793,"Please wash the hallway at storage area, as soon as possible.",Logistics,Service Request,IND-03
SYN-02794,"Check air conditioner at storage area, as soon as possible.",Logistics,Service Request,IND-03
SYN-02795,Request to remove waste bin - main office - when available.,Cleaning,Service Request,IND-05
SYN-02796,Service needed: clarify service status in reception this afternoon.,Customer Support,Service Request,IND-08
SYN-02797,"Please provide support to calibrate the office chair at storage area, as soon as possible.",Equipment,Support Request,IND-10
SYN-02798,Request to check elevator - storage area - when available.,Facilities,Service Request,IND-01
SYN-02799,Request to adjust lighting - level two - today.,Facilities,Service Request,IND-01
SYN-02800,Request to monitor access badge - level two - this afternoon.,Security,Service Request,IND-06
SYN-02801,Request to prepare special meal - reception - before noon,Food Services,Service Request,IND-04
SYN-02802,"configure application at reception, today.",IT Support,Service Request,IND-02
SYN-02803,"Please provide support to authorize the parking gate at storage area, today.",Security,Support Request,IND-06
SYN-02804,Request to adjust water leak - reception - this afternoon.,Facilities,Service Request,IND-01
SYN-02806,Request to update printer - storage area - this afternoon.,IT Support,Service Request,IND-02
SYN-02807,Complaint: recurring issue with package at reception,Cleaning,Complaint,IND-03
SYN-02809,Service needed: inspect elevator in reception today.,Facilities,Service Request,IND-01
SYN-02810,"Deliver package at north wing, as soon as possible.",Logistics,Service Request,IND-03
SYN-02811,"Please provide support to review the feedback at level two, before noon.",Facilities,Support Request,IND-10
SYN-02812,"Please deliver the food tray at reception, today",Food Services,Service Request,IND-04
SYN-02813,Request to monitor access badge - north wing - when available.,Security,Service Request,IND-06
SYN-02814,"Please provide support to update the application at level two, before noon.",IT Support,Support Request,IND-10
SYN-02815,"Confirm special meal at level two, today.",Food Services,Service Request,IND-04
SYN-02816,"Please collect the shipment at level two, today.",Logistics,Service Request,IND-03
SYN-02817,"The feedback issue at storage area happened again, please review.",Customer Support,Complaint,IND-09
SYN-02818,request to inspect meeting room - north wing - as soon as possible.,Cleaning,Service Request,IND-05
SYN-02819,"Please restore the lighting at storage area, today.",Facilities,Service Request,IND-01
SYN-02820,"The waste bin issue at storage area happened again, please review.",Cleaning,Complaint,IND-09
SYN-02821,request to adjust water leak - storage area - today.,Food Services,Service Request,IND-04
SYN-02822,Request to check lighting - reception - as soon as possible.,Facilities,Service Request,IND-01
SYN-02823,Help needed to replace menu in main office before noon.,Food Services,Support Request,IND-10
SYN-02824,"Please schedule the shipment at storage area, before noon.",Logistics,Service Request,IND-03
SYN-02825,Service needed: repair water leak in level two before noon.,Facilities,Service Request,IND-01
SYN-02826,"Please inspect the waste bin at level two, as soon as possible.",Cleaning,Service Request,IND-08
SYN-02827,Request to confirm meal order - reception - as soon as possible.,Food Services,Service Request,IND-04
SYN-02828,"Follow up service status at main office, as soon as possible.",Customer Support,Support Request,IND-10
SYN-02829,Service needed: monitor visitor entrance in level two before noon.,Security,Service Request,IND-06
SYN-02831,"Please provide support to review the menu at reception, as soon as possible.",Food Services,Support Request,IND-10
SYN-02833,"please provide support to replace the meal order at north wing, today",Food Services,Support Request,IND-10
SYN-02834,"Please provide support to reset the user account at storage area, as soon as possible.",IT Support,Support Request,IND-10
SYN-02835,Service needed: inspect waste bin in level two before noon.,Cleaning,Service Request,IND-05
SYN-02836,Request to transfer shipment - level two - this afternoon.,Logistics,Service Request,IND-03
SYN-02837,"Configure user account at storage area, before noon",IT Support,Service Request,IND-02
SYN-02839,"Deliver supply order at level two, before noon.",Logistics,Complaint,IND-09
SYN-02840,"The office chair issue at main office happened again, please review.",Equipment,Complaint,IND-09
SYN-02841,"Please schedule the delivery cart at storage area, before noon.",Logistics,Service Request,IND-03
SYN-02842,"The tool kit issue at reception happened again, please review.",Equipment,Complaint,IND-09
SYN-02843,"The air conditioner issue at north wing happened again, please review.",Facilities,Complaint,IND-09
SYN-02844,"reset user account at storage area, as soon as possible.",IT Support,Service Request,IND-02
SYN-02845,"Please provide support to authorize the parking gate at reception, today.",Security,Support Request,IND-10
SYN-02846,"Please review the parking gate at main office, before noon.",Security,Service Request,IND-06
SYN-02847,"please collect the document box at main office, this afternoon.",Logistics,Service Request,IND-03
SYN-02848,Request to prepare menu - main office - as soon as possible.,Food Services,Service Request,IND-04
SYN-02849,"The beverage station issue at storage area happened again, please review",Food Services,Complaint,IND-09
SYN-02850,"Please schedule the package at storage area, this afternoon.",Logistics,Service Request,IND-03
SYN-02851,Request to schedule document box - level two - this afternoon.,Logistics,Service Request,IND-03
SYN-02852,"Please remove the hallway at storage area, today.",Cleaning,Service Request,IND-05
SYN-02853,Service needed: deliver delivery cart in main office this afternoon.,Logistics,Service Request,IND-03
SYN-02856,"Please deliver the beverage station at level two, today.",Cleaning,Service Request,IND-05
SYN-02857,"Please provide support to calibrate the office chair at main office, when available.",Equipment,Support Request,IND-10
SYN-02858,Service needed: schedule delivery cart in north wing this afternoon.,Logistics,Service Request,IND-03
SYN-02860,Request to schedule document box - storage area - today.,Logistics,Service Request,IND-03
SYN-02861,"Please diagnose the printer at storage area, today.",IT Support,Service Request,IND-02
SYN-02862,"Please repair the water leak at reception, when available.",Facilities,Service Request,IND-01
SYN-02863,Help needed to inspect air conditioner in reception today.,Facilities,Support Request,IND-10
SYN-02864,Request to locate lost item - reception - as soon as possible.,Security,Service Request,IND-06
SYN-02865,Help needed to authorize lost item in reception before noon.,Security,Support Request,IND-10
SYN-02866,"review special meal at reception, today.",Facilities,Service Request,IND-01
SYN-02867,"Check door at main office, today.",Facilities,Support Request,IND-10
SYN-02868,Request to provide portable monitor - storage area - when available.,Logistics,Service Request,IND-03
SYN-02869,Request to wash waste bin - main office - before noon.,Cleaning,Service Request,IND-05
SYN-02870,"Please provide support to replace the tool kit at level two, as soon as possible.",Equipment,Support Request,IND-10
SYN-02871,"Adjust elevator at storage area, this afternoon.",IT Support,Service Request,IND-02
SYN-02872,"please diagnose the printer at north wing, this afternoon.",IT Support,Service Request,IND-02
SYN-02873,"Inspect meeting room at north wing, today.",Cleaning,Service Request,IND-05
SYN-02874,help needed to reset printer in level two as soon as possible.,IT Support,Support Request,IND-10
SYN-02875,Complaint: recurring issue with printer at main office.,IT Support,Complaint,IND-09
SYN-02876,Request to wash hallway - storage area - as soon as possible,Cleaning,Service Request,IND-05
SYN-02878,Complaint: recurring issue with laptop at main office.,IT Support,Complaint,IND-09
SYN-02879,"check lighting at reception, before noon.",Facilities,Complaint,IND-07
SYN-02880,Complaint: recurring issue with air conditioner at reception,Logistics,Complaint,IND-05
SYN-02881,Service needed: adjust lighting in reception before noon.,Facilities,Service Request,IND-01
SYN-02882,Request to replace special meal - level two - today.,Food Services,Service Request,IND-04
SYN-02883,"please provide support to prepare the food tray at main office, before noon.",Food Services,Support Request,IND-10
SYN-02884,"Calibrate projector at north wing, today.",Equipment,Service Request,IND-07
SYN-02885,Request to update laptop - storage area - when available,IT Support,Service Request,IND-02
SYN-02886,Help needed to check air conditioner in level two this afternoon.,Facilities,Support Request,IND-10
SYN-02887,"Please deliver the beverage station at reception, today.",Food Services,Service Request,IND-04
SYN-02888,Help needed to deliver delivery cart in level two before noon.,Equipment,Support Request,IND-10
SYN-02889,"Inspect hallway at north wing, when available.",Cleaning,Service Request,IND-06
SYN-02890,"Adjust lighting at storage area, this afternoon",Facilities,Service Request,IND-01
SYN-02891,Request to replace tool kit - north wing - before noon.,Facilities,Service Request,IND-01
SYN-02893,Service needed: restore elevator in reception today.,Facilities,Service Request,IND-01
SYN-02894,Help needed to repair lighting in reception this afternoon.,Facilities,Support Request,IND-10
SYN-02896,"Please repair the elevator at storage area, before noon",Facilities,Service Request,IND-01
SYN-02897,"check air conditioner at main office, before noon.",Facilities,Service Request,IND-01
SYN-02898,Service needed: sanitize spill in north wing when available.,Cleaning,Service Request,IND-05
SYN-02899,"update network at north wing, today.",IT Support,Service Request,IND-02
SYN-02900,Request to repair door - reception - this afternoon.,Facilities,Service Request,IND-01
SYN-02901,"Clean meeting room at level two, as soon as possible.",Cleaning,Support Request,IND-10
SYN-02902,"Repair office chair at storage area, this afternoon.",Equipment,Service Request,IND-07
SYN-02903,"Please update the printer at reception, this afternoon",IT Support,Service Request,IND-02
SYN-02904,service needed: inspect power unit in reception as soon as possible.,Equipment,Service Request,IND-07
SYN-02905,"Please provide support to replace the projector at north wing, today.",Equipment,Support Request,IND-10
SYN-02906,complaint: recurring issue with special meal at main office.,Food Services,Complaint,IND-09
SYN-02907,"Review visitor entrance at level two, when available.",Security,Complaint,IND-09
SYN-02908,Request to configure printer - north wing - this afternoon.,IT Support,Service Request,IND-02
SYN-02909,Service needed: deliver food tray in main office today.,Food Services,Service Request,IND-04
SYN-02910,"Monitor lost item at reception, when available",IT Support,Complaint,IND-09
SYN-02912,"prepare meal order at level two, today.",Food Services,Service Request,IND-04
SYN-02913,"please review the access badge at storage area, before noon.",Security,Service Request,IND-06
SYN-02915,complaint: recurring issue with user account at north wing.,Cleaning,Complaint,IND-09
SYN-02916,Request to collect document box - main office - when available.,Logistics,Service Request,IND-03
SYN-02917,"Please provide the projector at reception, as soon as possible.",Equipment,Service Request,IND-07
SYN-02918,"Please provide support to configure the network at level two, this afternoon.",IT Support,Support Request,IND-10
SYN-02919,Help needed to deliver beverage station in reception as soon as possible.,Food Services,Support Request,IND-10
SYN-02920,"the access badge issue at reception happened again, please review.",Security,Complaint,IND-09
SYN-02921,"Please remove the waste bin at reception, before noon.",Cleaning,Service Request,IND-05
SYN-02922,Help needed to restore elevator in level two when available,Cleaning,Support Request,IND-10
SYN-02923,"Please restore the lighting at north wing, today.",Facilities,Service Request,IND-01
SYN-02924,Complaint: recurring issue with document box at main office,Logistics,Complaint,IND-09
SYN-02925,Request to monitor camera - north wing - today.,Facilities,Service Request,IND-01
SYN-02926,service needed: clean hallway in reception when available,Cleaning,Service Request,IND-05
SYN-02927,Request to replace portable monitor - north wing - today.,Equipment,Service Request,IND-07
SYN-02928,Service needed: replace menu in reception today.,Food Services,Service Request,IND-04
SYN-02929,"Please update the user account at north wing, today.",IT Support,Service Request,IND-02
SYN-02930,"Follow up service status at main office, as soon as possible.",Customer Support,Service Request,IND-08
SYN-02931,Request to review food tray - north wing - as soon as possible.,Food Services,Service Request,IND-04
SYN-02932,"Please review the parking gate at reception, before noon.",Security,Service Request,IND-06
SYN-02933,"Please deliver the document box at storage area, when available.",Logistics,Service Request,IND-03
SYN-02934,Complaint: recurring issue with lighting at north wing,Security,Complaint,IND-09
SYN-02935,Service needed: deliver menu in north wing this afternoon.,Food Services,Service Request,IND-04
SYN-02936,"The beverage station issue at level two happened again, please review.",IT Support,Complaint,IND-09
SYN-02937,"Please provide support to sanitize the waste bin at storage area, this afternoon.",Cleaning,Support Request,IND-10
SYN-02938,"Please restore the elevator at level two, this afternoon",Facilities,Service Request,IND-01
SYN-02939,service needed: configure network in main office this afternoon,IT Support,Service Request,IND-02
SYN-02940,"Please wash the waste bin at main office, before noon.",Customer Support,Service Request,IND-08
SYN-02941,"Please prepare the special meal at level two, before noon.",Food Services,Service Request,IND-04
SYN-02942,"Please deliver the meal order at level two, this afternoon.",Food Services,Service Request,IND-04
SYN-02944,Request to collect supply order - north wing - today,Logistics,Service Request,IND-03
SYN-02945,"please prepare the meal order at reception, when available.",Security,Service Request,IND-06
SYN-02946,"inspect office chair at main office, before noon.",Equipment,Service Request,IND-07
SYN-02947,"Please provide support to clean the window at level two, before noon.",Cleaning,Support Request,IND-06
SYN-02948,Service needed: restore elevator in main office before noon,Facilities,Service Request,IND-01
SYN-02949,"Please provide support to check the door at level two, this afternoon.",Facilities,Support Request,IND-10
SYN-02950,Request to connect laptop - north wing - when available.,IT Support,Service Request,IND-02
SYN-02951,"Please authorize the parking gate at storage area, this afternoon.",Security,Service Request,IND-06
SYN-02952,Complaint: recurring issue with special meal at level two.,Food Services,Complaint,IND-09
SYN-02953,Service needed: connect laptop in north wing when available.,IT Support,Service Request,IND-02
SYN-02954,"Repair portable monitor at reception, before noon.",Logistics,Support Request,IND-10
SYN-02955,service needed: register appointment in storage area before noon.,Customer Support,Service Request,IND-08
SYN-02956,"restore elevator at main office, as soon as possible.",Facilities,Service Request,IND-01
SYN-02957,help needed to connect network in reception before noon.,IT Support,Support Request,IND-10
SYN-02959,request to inspect elevator - level two - today.,Facilities,Service Request,IND-01
SYN-02960,Request to check elevator - reception - this afternoon.,Facilities,Service Request,IND-01
SYN-02961,Help needed to remove hallway in main office as soon as possible.,Cleaning,Support Request,IND-10
SYN-02962,"Repair tool kit at north wing, this afternoon.",Equipment,Support Request,IND-10
SYN-02963,Service needed: reset printer in level two as soon as possible,IT Support,Service Request,IND-02
SYN-02964,"restore door at level two, this afternoon.",Facilities,Service Request,IND-01
SYN-02965,"The laptop issue at storage area happened again, please review.",IT Support,Complaint,IND-09
SYN-02966,Service needed: calibrate projector in reception before noon.,Equipment,Service Request,IND-07
SYN-02967,Request to reset laptop - level two - before noon,Cleaning,Service Request,IND-05
SYN-02968,"Please diagnose the network at reception, when available.",IT Support,Service Request,IND-02
SYN-02969,"please prepare the beverage station at main office, before noon",Food Services,Service Request,IND-04
SYN-02970,Service needed: locate supply order in reception when available.,Logistics,Service Request,IND-03
SYN-02971,Service needed: provide portable monitor in north wing before noon.,Equipment,Service Request,IND-07
SYN-02972,"The menu issue at storage area happened again, please review",Food Services,Complaint,IND-09
SYN-02973,"please provide support to adjust the elevator at level two, today.",Facilities,Support Request,IND-10
SYN-02974,Help needed to collect document box in reception today.,Logistics,Support Request,IND-10
SYN-02975,"Please update the network at storage area, today.",IT Support,Service Request,IND-02
SYN-02976,Request to schedule package - storage area - as soon as possible.,Logistics,Service Request,IND-03
SYN-02977,Help needed to confirm food tray in north wing this afternoon.,Food Services,Support Request,IND-10
SYN-02978,"The document box issue at north wing happened again, please review",Logistics,Complaint,IND-09
SYN-02979,"Please provide support to verify the visitor entrance at level two, as soon as possible.",Security,Support Request,IND-10
SYN-02980,Service needed: wash hallway in main office when available.,Cleaning,Service Request,IND-05
SYN-02981,help needed to diagnose laptop in main office before noon.,IT Support,Support Request,IND-10
SYN-02982,"Please repair the office chair at reception, today.",Equipment,Service Request,IND-07
SYN-02983,"Locate parking gate at main office, today.",Security,Complaint,IND-09
SYN-02984,service needed: remove window in main office this afternoon.,Cleaning,Service Request,IND-05
SYN-02985,Help needed to locate supply order in level two before noon.,Logistics,Support Request,IND-10
SYN-02986,Request to inspect projector - main office - when available.,Equipment,Service Request,IND-07
SYN-02987,"Please repair the air conditioner at reception, as soon as possible.",Facilities,Service Request,IND-01
SYN-02988,"Please provide support to adjust the water leak at main office, today.",Facilities,Support Request,IND-10
SYN-02989,"The meal order issue at north wing happened again, please review.",Food Services,Complaint,IND-09
SYN-02990,"please review the complaint at storage area, when available.",Customer Support,Service Request,IND-08
SYN-02991,"The camera issue at reception happened again, please review.",Cleaning,Complaint,IND-09
SYN-02992,Service needed: collect supply order in storage area when available.,Logistics,Service Request,IND-03
SYN-02993,"Please provide support to locate the delivery cart at north wing, today.",Cleaning,Support Request,IND-10
SYN-02994,Request to transfer shipment - storage area - before noon.,Logistics,Service Request,IND-03
SYN-02995,Complaint: recurring issue with user account at storage area.,IT Support,Complaint,IND-09
SYN-02997,"pls reset the user account at reception, before noon.",IT Support,Service Request,IND-02
SYN-02998,Request to collect supply order - level two - before noon.,Logistics,Service Request,IND-03
SYN-02999,"Please configure the network at north wing, this afternoon.",IT Support,Service Request,IND-02
SYN-03000,"reset printer at reception, as soon as possible.",IT Support,Service Request,IND-02
SYN-03002,Complaint: recurring issue with package at north wing.,Logistics,Complaint,IND-09
SYN-03003,"Please deliver the meal order at north wing, today.",Food Services,Service Request,IND-04
SYN-03004,"Adjust water leak at level two, this afternoon.",Facilities,Service Request,IND-01
SYN-03005,"Please clean the spill at level two, before noon.",Customer Support,Service Request,IND-08
SYN-03006,Help needed to locate supply order in main office when available.,Food Services,Support Request,IND-10
SYN-03007,"Please repair the tool kit at north wing, when available.",Equipment,Service Request,IND-07
SYN-03008,Request to wash hallway - level two - as soon as possible.,Cleaning,Service Request,IND-05
SYN-03009,Service needed: inspect spill in north wing this afternoon.,Cleaning,Service Request,IND-05
SYN-03010,"Please clean the hallway at level two, when available.",Cleaning,Service Request,IND-05
SYN-03011,"Check elevator at north wing, when available.",Facilities,Service Request,IND-01
SYN-03012,"Please locate the camera at north wing, when available.",Security,Service Request,IND-06
SYN-03013,"Please provide support to provide the portable monitor at reception, as soon as possible.",Equipment,Support Request,IND-10
SYN-03014,Help needed to repair projector in north wing as soon as possible.,Equipment,Support Request,IND-10
SYN-03015,"Please provide support to adjust the air conditioner at storage area, as soon as possible.",Facilities,Support Request,IND-10
SYN-03017,"Configure printer at north wing, this afternoon.",IT Support,Service Request,IND-02
SYN-03018,"Please provide support to adjust the air conditioner at storage area, this afternoon.",Facilities,Support Request,IND-10
SYN-03019,"Please provide support to schedule the supply order at storage area, as soon as possible.",Logistics,Support Request,IND-10
SYN-03020,"the package issue at main office happened again, please review.",Logistics,Complaint,IND-09
SYN-03021,Service needed: wash spill in main office when available.,Cleaning,Service Request,IND-05
SYN-03022,Help needed to sanitize window in reception when available.,Cleaning,Support Request,IND-10
SYN-03023,"Please provide support to register the information request at north wing, this afternoon.",Customer Support,Support Request,IND-10
SYN-03025,Service needed: wash waste bin in level two this afternoon.,Cleaning,Service Request,IND-05
SYN-03026,Request to deliver food tray - north wing - before noon.,Food Services,Service Request,IND-04
SYN-03027,Service needed: repair tool kit in storage area before noon,Equipment,Service Request,IND-07
SYN-03028,"Monitor access badge at level two, today.",Security,Complaint,IND-09
SYN-03029,Request to adjust air conditioner - north wing - this afternoon.,Facilities,Service Request,IND-01
SYN-03030,"Please wash the hallway at north wing, today.",Cleaning,Service Request,IND-05
SYN-03031,"Adjust air conditioner at level two, when available.",Facilities,Complaint,IND-09
SYN-03032,Request to deliver shipment - north wing - before noon.,Logistics,Service Request,IND-03
SYN-03033,Request to inspect air conditioner - reception - when available.,Facilities,Service Request,IND-01
SYN-03034,Service needed: repair projector in storage area before noon.,Equipment,Service Request,IND-07
SYN-03035,"Please adjust the water leak at main office, this afternoon",Facilities,Service Request,IND-01
SYN-03036,Service needed: connect laptop in main office this afternoon.,IT Support,Service Request,IND-02
SYN-03037,Service needed: locate shipment in main office today.,Logistics,Service Request,IND-03
SYN-03038,"Please review the special meal at north wing, when available.",Food Services,Service Request,IND-04
SYN-03040,Request to connect printer - storage area - this afternoon,IT Support,Service Request,IND-02
SYN-03041,Help needed to clean hallway in north wing as soon as possible.,Cleaning,Support Request,IND-10
SYN-03042,Service needed: restore air conditioner in main office today,Facilities,Service Request,IND-01
SYN-03043,"please check the air conditioner at storage area, this afternoon.",Facilities,Service Request,IND-01
SYN-03044,"pls provide support to review the meal order at reception, when available.",Food Services,Support Request,IND-10
SYN-03045,"Please provide support to sanitize the waste bin at reception, this afternoon",Cleaning,Support Request,IND-10
SYN-03046,Help needed to update application in north wing before noon.,IT Support,Support Request,IND-10
SYN-03047,"Please provide support to update the network at reception, this afternoon.",IT Support,Support Request,IND-10
SYN-03048,Complaint: recurring issue with elevator at main office.,Facilities,Complaint,IND-09
SYN-03049,Service needed: schedule delivery cart in main office when available.,Logistics,Service Request,IND-03
SYN-03050,Request to reset application - north wing - today.,IT Support,Service Request,IND-02
SYN-03051,"Please deliver the supply order at reception, this afternoon.",Logistics,Service Request,IND-03
SYN-03052,"replace projector at storage area, this afternoon.",Equipment,Service Request,IND-07
SYN-03053,"Please provide support to replace the meal order at level two, before noon.",Food Services,Support Request,IND-10
SYN-03054,Service needed: clarify service status in storage area before noon.,Customer Support,Service Request,IND-08
SYN-03055,Service needed: restore elevator in level two today.,Facilities,Service Request,IND-01
SYN-03056,"Please provide support to check the door at reception, when available.",Facilities,Support Request,IND-10
SYN-03057,"Schedule supply order at north wing, today",Logistics,Service Request,IND-03
SYN-03058,Request to connect application - main office - today.,IT Support,Service Request,IND-02
SYN-03060,Service needed: replace tool kit in reception when available.,Equipment,Service Request,IND-07
SYN-03061,complaint: recurring issue with waste bin at main office.,Cleaning,Complaint,IND-07
SYN-03062,Request to locate camera - north wing - when available.,Security,Service Request,IND-06
SYN-03063,"Configure user account at level two, before noon.",IT Support,Service Request,IND-02
SYN-03064,Service needed: verify parking gate in main office before noon.,Security,Service Request,IND-06
SYN-03065,Service needed: repair air conditioner in reception today,Facilities,Service Request,IND-01
SYN-03066,Request to deliver document box - north wing - before noon.,Logistics,Service Request,IND-03
SYN-03067,Request to register complaint - storage area - when available.,Customer Support,Service Request,IND-08
SYN-03068,"Please provide support to follow up the appointment at north wing, today.",Customer Support,Support Request,IND-10
SYN-03069,Help needed to calibrate tool kit in storage area this afternoon.,Equipment,Support Request,IND-10
SYN-03070,"The visitor entrance issue at north wing happened again, please review.",Security,Complaint,IND-09
SYN-03071,"Please provide support to adjust the door at level two, before noon.",Facilities,Support Request,IND-10
SYN-03072,"Please inspect the tool kit at reception, today.",Equipment,Service Request,IND-07
SYN-03074,Request to schedule supply order - main office - this afternoon.,Logistics,Service Request,IND-03
SYN-03075,"Deliver delivery cart at level two, this afternoon.",Logistics,Support Request,IND-10
SYN-03076,"Please authorize the parking gate at reception, when available",Security,Service Request,IND-06
SYN-03078,Request to confirm meal order - reception - before noon,Food Services,Service Request,IND-04
SYN-03079,Service needed: update network in level two when available.,IT Support,Service Request,IND-02
SYN-03080,Help needed to inspect elevator in level two as soon as possible.,Facilities,Support Request,IND-10
SYN-03081,"Replace food tray at level two, today",Food Services,Service Request,IND-04
SYN-03082,Service needed: locate supply order in storage area today.,Logistics,Service Request,IND-03
SYN-03083,"Locate parking gate at level two, when available.",Security,Service Request,IND-06
SYN-03085,service needed: diagnose application in reception as soon as possible.,IT Support,Service Request,IND-02
SYN-03086,"please calibrate the projector at level two, today",Equipment,Service Request,IND-07
SYN-03087,Service needed: repair lighting in storage area today.,Facilities,Service Request,IND-01
SYN-03088,"Please authorize the access badge at main office, when available.",Security,Service Request,IND-06
SYN-03089,Help needed to restore elevator in main office before noon.,Facilities,Support Request,IND-10
SYN-03090,Service needed: replace food tray in storage area this afternoon.,Food Services,Service Request,IND-04
SYN-03091,"Please restore the door at reception, this afternoon.",Facilities,Service Request,IND-01
SYN-03093,"Please provide support to wash the spill at level two, today.",Cleaning,Support Request,IND-10
SYN-03094,Request to inspect portable monitor - main office - as soon as possible.,Equipment,Service Request,IND-07
SYN-03095,Help needed to verify lost item in reception today.,Security,Support Request,IND-10
SYN-03096,Service needed: connect laptop in level two when available.,IT Support,Service Request,IND-02
SYN-03097,"connect application at reception, today.",IT Support,Service Request,IND-02
SYN-03098,Request to verify lost item - level two - today,Security,Service Request,IND-06
SYN-03099,"please diagnose the printer at north wing, when available.",IT Support,Service Request,IND-02
SYN-03100,"Repair elevator at main office, as soon as possible.",Facilities,Support Request,IND-10
SYN-03101,"Inspect tool kit at storage area, as soon as possible.",IT Support,Support Request,IND-10
SYN-03104,help needed to adjust elevator in reception this afternoon.,Facilities,Support Request,IND-10
SYN-03105,"The air conditioner issue at level two happened again, pls review.",Cleaning,Complaint,IND-09
SYN-03106,Help needed to monitor access badge in north wing when available.,Security,Support Request,IND-10
SYN-03107,"adjust elevator at north wing, before noon.",Facilities,Support Request,IND-10
SYN-03108,"Inspect waste bin at main office, today",Cleaning,Service Request,IND-05
SYN-03109,Help needed to inspect spill in north wing when available.,Cleaning,Support Request,IND-10
SYN-03110,Service needed: clean window in main office this afternoon.,Cleaning,Service Request,IND-05
SYN-03111,"Please restore the elevator at storage area, as soon as possible.",Facilities,Service Request,IND-01
SYN-03112,Request to transfer package - reception - today.,Logistics,Service Request,IND-03
SYN-03113,Help needed to clarify feedback in north wing when available.,Customer Support,Support Request,IND-10
SYN-03114,"Please wash the meeting room at level two, as soon as possible.",Cleaning,Service Request,IND-05
SYN-03116,"Monitor parking gate at north wing, this afternoon",Security,Service Request,IND-07
SYN-03117,Help needed to restore air conditioner in storage area when available.,Facilities,Support Request,IND-10
SYN-03119,Service needed: clean meeting room in storage area this afternoon.,Cleaning,Service Request,IND-05
SYN-03120,"Please provide support to collect the package at reception, when available.",Logistics,Support Request,IND-10
SYN-03121,"the lighting issue at storage area happened again, please review",Facilities,Complaint,IND-09
SYN-03122,request to transfer supply order - north wing - when available.,Logistics,Service Request,IND-03
SYN-03123,"Restore water leak at storage area, before noon.",Facilities,Complaint,IND-09
SYN-03125,"Please clarify the appointment at north wing, when available.",Customer Support,Service Request,IND-08
SYN-03126,Request to wash waste bin - level two - today.,Cleaning,Service Request,IND-05
SYN-03127,"Please provide support to clarify the feedback at north wing, when available.",Customer Support,Support Request,IND-10
SYN-03128,Request to check lighting - level two - today.,Facilities,Service Request,IND-01
SYN-03129,"Please diagnose the printer at main office, before noon.",IT Support,Service Request,IND-02
SYN-03131,Complaint: recurring issue with menu at level two,Food Services,Complaint,IND-09
SYN-03133,Complaint: recurring issue with projector at main office.,Facilities,Complaint,IND-09
SYN-03134,"Please schedule the supply order at storage area, today.",Logistics,Service Request,IND-03
SYN-03135,"Please provide support to inspect the office chair at reception, this afternoon.",Equipment,Support Request,IND-10
SYN-03136,Request to inspect water leak - main office - today.,Facilities,Service Request,IND-01
SYN-03137,"The user account issue at main office happened again, please review.",Cleaning,Complaint,IND-09
SYN-03138,Request to sanitize spill - storage area - as soon as possible.,Cleaning,Service Request,IND-08
SYN-03139,service needed: repair tool kit in storage area today.,Equipment,Service Request,IND-07
SYN-03140,Service needed: adjust water leak in main office before noon.,Facilities,Service Request,IND-01
SYN-03141,"Please adjust the air conditioner at reception, when available",Facilities,Service Request,IND-01
SYN-03142,"Inspect lighting at storage area, before noon",IT Support,Service Request,IND-02
SYN-03143,"please repair the air conditioner at storage area, this afternoon.",Facilities,Service Request,IND-01
SYN-03144,Help needed to inspect lighting in reception before noon.,Facilities,Support Request,IND-10
SYN-03145,"Adjust water leak at main office, before noon",Facilities,Service Request,IND-01
SYN-03146,"please diagnose the network at reception, before noon.",IT Support,Service Request,IND-02
SYN-03147,help needed to replace portable monitor in storage area before noon.,Food Services,Support Request,IND-10
SYN-03148,"Please schedule the package at main office, today.",Logistics,Service Request,IND-03
SYN-03149,"Please prepare the meal order at storage area, when available.",Food Services,Service Request,IND-04
SYN-03150,Help needed to configure network in north wing before noon.,IT Support,Support Request,IND-10
SYN-03151,"please sanitize the spill at north wing, this afternoon.",Cleaning,Service Request,IND-05
SYN-03152,complaint: recurring issue with network at reception.,IT Support,Complaint,IND-09
SYN-03153,"review menu at north wing, when available.",Food Services,Support Request,IND-10
SYN-03154,"the tool kit issue at reception happened again, pls review.",Equipment,Complaint,IND-09
SYN-03155,Service needed: restore door in main office when available.,Customer Support,Service Request,IND-08
SYN-03156,Complaint: recurring issue with hallway at level two,Cleaning,Complaint,IND-09
SYN-03157,Service needed: restore elevator in level two when available.,Facilities,Service Request,IND-01
SYN-03158,request to prepare special meal - north wing - this afternoon.,Food Services,Service Request,IND-04
SYN-03159,"prepare food tray at level two, as soon as possible.",IT Support,Support Request,IND-10
SYN-03160,"Please adjust the air conditioner at reception, today.",Facilities,Service Request,IND-01
SYN-03161,request to repair power unit - north wing - when available.,IT Support,Service Request,IND-02
SYN-03162,Service needed: prepare special meal in main office this afternoon.,Food Services,Service Request,IND-04
SYN-03163,service needed: repair projector in reception when available.,Equipment,Service Request,IND-07
SYN-03164,"Please repair the elevator at storage area, this afternoon.",Facilities,Service Request,IND-01
SYN-03165,Request to inspect door - main office - this afternoon.,Facilities,Service Request,IND-01
SYN-03166,"Please provide support to authorize the lost item at north wing, this afternoon.",Security,Support Request,IND-10
SYN-03168,"Please provide support to restore the lighting at storage area, before noon.",Facilities,Support Request,IND-10
SYN-03169,"Please provide support to authorize the parking gate at level two, when available.",Food Services,Support Request,IND-10
SYN-03171,"Please restore the water leak at main office, when available.",Facilities,Service Request,IND-01
SYN-03172,Service needed: inspect door in north wing before noon.,Facilities,Service Request,IND-01
SYN-03173,complaint: recurring issue with waste bin at north wing.,Cleaning,Complaint,IND-09
SYN-03174,"Please wash the meeting room at storage area, as soon as possible.",Cleaning,Service Request,IND-05
SYN-03175,"Confirm beverage station at reception, as soon as possible.",Food Services,Support Request,IND-10
SYN-03176,Service needed: configure user account in north wing when available.,IT Support,Service Request,IND-02
SYN-03177,"The tool kit issue at storage area happened again, pls review.",Facilities,Complaint,IND-09
SYN-03178,Request to prepare meal order - level two - this afternoon.,Food Services,Service Request,IND-04
SYN-03179,"Deliver supply order at storage area, as soon as possible.",Logistics,Service Request,IND-03
SYN-03180,"Please locate the package at storage area, today",Logistics,Service Request,IND-03
SYN-03181,request to repair elevator - main office - this afternoon.,Facilities,Service Request,IND-01
SYN-03182,"The spill issue at reception happened again, please review.",Cleaning,Complaint,IND-09
SYN-03183,request to review visitor entrance - main office - today.,Security,Service Request,IND-06
SYN-03184,Service needed: reset printer in north wing before noon.,IT Support,Service Request,IND-02
SYN-03185,Help needed to deliver delivery cart in storage area today.,Logistics,Support Request,IND-03
SYN-03186,"Check air conditioner at reception, today.",Facilities,Service Request,IND-01
SYN-03188,"Update application at main office, before noon.",IT Support,Support Request,IND-10
SYN-03189,"Connect network at reception, today.",IT Support,Service Request,IND-02
SYN-03190,complaint: recurring issue with complaint at level two.,Customer Support,Complaint,IND-09
SYN-03191,"The laptop issue at main office happened again, pls review.",IT Support,Complaint,IND-09
SYN-03192,Help needed to inspect lighting in main office this afternoon.,Facilities,Support Request,IND-10
SYN-03193,Help needed to inspect window in level two before noon.,Cleaning,Support Request,IND-10
SYN-03195,Help needed to clarify feedback in storage area before noon.,Customer Support,Support Request,IND-10
SYN-03198,"Inspect door at main office, today.",Facilities,Complaint,IND-09
SYN-03199,Request to reset application - reception - as soon as possible.,IT Support,Service Request,IND-02
SYN-03200,"Please repair the water leak at storage area, when available",Facilities,Service Request,IND-01
SYN-03201,help needed to authorize parking gate in level two today.,Security,Support Request,IND-10
SYN-03202,Service needed: transfer document box in north wing when available,Logistics,Service Request,IND-03
SYN-03203,Help needed to locate package in reception as soon as possible.,Logistics,Support Request,IND-10
SYN-03204,Help needed to inspect spill in storage area as soon as possible.,Cleaning,Support Request,IND-10
SYN-03205,request to configure laptop - north wing - today.,IT Support,Service Request,IND-02
SYN-03206,Service needed: schedule supply order in reception this afternoon.,Logistics,Service Request,IND-03
SYN-03208,"Please provide support to inspect the elevator at main office, today.",Facilities,Support Request,IND-10
SYN-03209,Request to sanitize spill - main office - when available.,Cleaning,Service Request,IND-05
SYN-03212,Service needed: sanitize hallway in storage area today.,Cleaning,Service Request,IND-05
SYN-03215,"The special meal issue at reception happened again, please review.",Food Services,Complaint,IND-09
SYN-03216,"The special meal issue at north wing happened again, please review.",Food Services,Complaint,IND-09
SYN-03217,Help needed to clean spill in storage area when available.,Cleaning,Support Request,IND-10
SYN-03219,Service needed: inspect power unit in level two this afternoon.,Equipment,Service Request,IND-08
SYN-03220,Service needed: adjust lighting in reception this afternoon.,Facilities,Service Request,IND-01
SYN-03222,Complaint: recurring issue with beverage station at north wing.,Food Services,Complaint,IND-09
SYN-03223,"Please deliver the special meal at reception, today.",Food Services,Service Request,IND-04
SYN-03224,Service needed: clarify information request in north wing today.,Customer Support,Service Request,IND-08
SYN-03226,Complaint: recurring issue with package at north wing,Logistics,Complaint,IND-09
SYN-03227,Request to diagnose user account - storage area - when available.,IT Support,Service Request,IND-02
SYN-03229,"clean waste bin at main office, this afternoon",Cleaning,Support Request,IND-10
SYN-03230,"Please provide support to replace the beverage station at reception, when available.",Food Services,Support Request,IND-10
SYN-03231,Service needed: sanitize window in level two today.,Cleaning,Service Request,IND-05
SYN-03232,"The spill issue at level two happened again, please review.",Cleaning,Complaint,IND-09
SYN-03234,Request to wash hallway - storage area - as soon as possible,IT Support,Service Request,IND-02
SYN-03235,"Configure laptop at level two, as soon as possible.",IT Support,Service Request,IND-02
SYN-03236,"The meeting room issue at reception happened again, please review.",Cleaning,Complaint,IND-02
SYN-03237,"confirm meal order at level two, when available",Food Services,Service Request,IND-04
SYN-03238,Help needed to update laptop in main office as soon as possible.,IT Support,Support Request,IND-10
SYN-03240,Service needed: locate camera in level two today.,Security,Service Request,IND-06
SYN-03242,Request to inspect hallway - reception - before noon.,Cleaning,Service Request,IND-05
SYN-03243,Request to confirm special meal - level two - today.,Food Services,Service Request,IND-08
SYN-03244,"Please provide support to prepare the beverage station at main office, today.",Food Services,Support Request,IND-10
SYN-03245,Request to sanitize spill - reception - when available.,Cleaning,Service Request,IND-05
SYN-03246,service needed: review complaint in storage area when available.,Customer Support,Service Request,IND-08
SYN-03247,"Please provide support to replace the portable monitor at storage area, today",Equipment,Support Request,IND-10
SYN-03248,Request to check air conditioner - reception - this afternoon.,Facilities,Service Request,IND-01
SYN-03251,"please inspect the lighting at reception, when available.",Facilities,Service Request,IND-01
SYN-03252,service needed: repair door in reception when available.,Facilities,Service Request,IND-01
SYN-03253,"update application at main office, as soon as possible.",IT Support,Complaint,IND-09
SYN-03255,Request to locate supply order - north wing - before noon.,Logistics,Service Request,IND-03
SYN-03257,"Adjust water leak at main office, when available",Facilities,Service Request,IND-01
SYN-03258,Help needed to adjust door in level two today,Facilities,Support Request,IND-10
SYN-03259,Request to deliver package - reception - before noon.,Logistics,Service Request,IND-03
SYN-03260,Request to repair air conditioner - storage area - as soon as possible,Facilities,Service Request,IND-01
SYN-03261,"Please provide support to verify the access badge at main office, when available.",Security,Support Request,IND-10
SYN-03262,Request to deliver delivery cart - reception - as soon as possible.,Logistics,Service Request,IND-03
SYN-03263,Help needed to monitor parking gate in main office as soon as possible,Security,Support Request,IND-10
SYN-03264,"the window issue at reception happened again, please review.",Cleaning,Complaint,IND-09
SYN-03266,Request to inspect hallway - north wing - today.,Cleaning,Service Request,IND-03
SYN-03267,Request to check door - north wing - today.,Facilities,Service Request,IND-01
SYN-03268,Service needed: replace meal order in level two today.,Food Services,Service Request,IND-04
SYN-03269,"Replace special meal at level two, as soon as possible.",Food Services,Service Request,IND-04
SYN-03271,"Please calibrate the office chair at level two, this afternoon.",Equipment,Service Request,IND-07
SYN-03273,Request to repair tool kit - main office - this afternoon.,IT Support,Service Request,IND-02
SYN-03274,Request to inspect projector - main office - this afternoon,Equipment,Service Request,IND-07
SYN-03275,"Please collect the shipment at storage area, as soon as possible.",Logistics,Service Request,IND-03
SYN-03277,Service needed: wash window in main office as soon as possible.,Cleaning,Service Request,IND-05
SYN-03278,Service needed: configure network in north wing when available.,IT Support,Service Request,IND-02
SYN-03279,Service needed: schedule delivery cart in north wing before noon.,Logistics,Service Request,IND-03
SYN-03280,request to deliver menu - main office - when available.,Food Services,Service Request,IND-04
SYN-03281,"Adjust lighting at north wing, when available.",Facilities,Service Request,IND-01
SYN-03282,Service needed: collect supply order in storage area before noon,Logistics,Service Request,IND-03
SYN-03283,help needed to locate package in level two today.,Logistics,Support Request,IND-10
SYN-03285,Request to check elevator - reception - when available.,Facilities,Service Request,IND-04
SYN-03286,request to update network - main office - before noon.,IT Support,Service Request,IND-02
SYN-03287,"Please update the application at storage area, as soon as possible.",IT Support,Service Request,IND-06
SYN-03288,"Monitor access badge at main office, as soon as possible.",Security,Service Request,IND-06
SYN-03290,Help needed to collect supply order in main office this afternoon.,Facilities,Support Request,IND-10
SYN-03291,Help needed to connect application in storage area this afternoon,IT Support,Support Request,IND-10
SYN-03292,Service needed: remove hallway in storage area this afternoon.,Cleaning,Service Request,IND-05
SYN-03293,Service needed: review meal order in storage area as soon as possible,Food Services,Service Request,IND-04
SYN-03295,"Please remove the hallway at level two, this afternoon.",Cleaning,Service Request,IND-05
SYN-03296,complaint: recurring issue with user account at storage area.,IT Support,Complaint,IND-09
SYN-03297,Request to diagnose printer - north wing - as soon as possible.,IT Support,Service Request,IND-08
SYN-03298,"Please restore the door at main office, this afternoon.",Facilities,Service Request,IND-01
SYN-03299,"please restore the elevator at north wing, as soon as possible.",Facilities,Service Request,IND-01
SYN-03301,"The laptop issue at reception happened again, please review",IT Support,Complaint,IND-09
SYN-03302,"please provide support to sanitize the window at storage area, as soon as possible.",Cleaning,Support Request,IND-10
SYN-03303,"please schedule the package at level two, before noon.",Logistics,Service Request,IND-03
SYN-03304,Help needed to schedule delivery cart in storage area today.,Logistics,Support Request,IND-10
SYN-03305,"The network issue at reception happened again, please review.",IT Support,Complaint,IND-09
SYN-03306,Service needed: deliver delivery cart in level two when available.,Logistics,Service Request,IND-03
SYN-03307,"The door issue at reception happened again, pls review.",Facilities,Complaint,IND-09
SYN-03308,"please provide support to inspect the hallway at north wing, as soon as possible.",Cleaning,Support Request,IND-10
SYN-03309,"Please replace the beverage station at storage area, this afternoon.",Food Services,Service Request,IND-04
SYN-03310,"Please provide support to deliver the package at storage area, as soon as possible.",Logistics,Support Request,IND-10
SYN-03311,Complaint: recurring issue with elevator at storage area.,Facilities,Complaint,IND-09
SYN-03312,request to review svc status - storage area - this afternoon.,Customer Support,Service Request,IND-08
SYN-03313,Help needed to deliver menu in storage area as soon as possible.,Food Services,Support Request,IND-10
SYN-03314,"Please deliver the shipment at main office, as soon as possible.",Logistics,Service Request,IND-06
SYN-03315,Service needed: follow up feedback in level two this afternoon.,Customer Support,Service Request,IND-08
SYN-03316,help needed to replace meal order in storage area before noon.,Facilities,Support Request,IND-10
SYN-03317,service needed: deliver special meal in north wing before noon.,Food Services,Service Request,IND-04
SYN-03318,"please remove the spill at level two, this afternoon",Cleaning,Service Request,IND-05
SYN-03319,"Connect application at north wing, as soon as possible.",IT Support,Service Request,IND-02
SYN-03320,Service needed: diagnose printer in main office when available.,IT Support,Service Request,IND-02
SYN-03321,Request to inspect door - north wing - when available,Facilities,Service Request,IND-01
SYN-03323,"configure network at level two, when available",IT Support,Service Request,IND-02
SYN-03324,complaint: recurring issue with laptop at level two.,IT Support,Complaint,IND-09
SYN-03325,Request to follow up complaint - reception - before noon.,Customer Support,Service Request,IND-08
SYN-03326,Complaint: recurring issue with special meal at storage area.,Food Services,Complaint,IND-09
SYN-03327,"Please provide support to locate the package at storage area, when available.",Equipment,Support Request,IND-10
SYN-03328,"Please provide support to configure the user account at storage area, this afternoon.",IT Support,Support Request,IND-10
SYN-03329,Service needed: sanitize hallway in main office as soon as possible,Cleaning,Service Request,IND-05
SYN-03330,"Collect document box at main office, when available",Logistics,Service Request,IND-03
SYN-03331,Complaint: recurring issue with air conditioner at main office,Facilities,Complaint,IND-09
SYN-03332,Request to remove meeting room - main office - when available.,Cleaning,Service Request,IND-05
SYN-03333,Request to review special meal - storage area - before noon.,Facilities,Service Request,IND-01
SYN-03334,Service needed: deliver beverage station in main office this afternoon.,Food Services,Service Request,IND-04
SYN-03335,Help needed to wash waste bin in level two as soon as possible.,Cleaning,Support Request,IND-10
SYN-03336,"inspect lighting at main office, before noon.",Facilities,Complaint,IND-09
SYN-03337,Request to review visitor entrance - reception - before noon.,Security,Service Request,IND-06
SYN-03338,"please transfer the delivery cart at storage area, before noon.",Logistics,Service Request,IND-03
SYN-03339,Request to connect application - level two - before noon,IT Support,Service Request,IND-02
SYN-03340,"please prepare the menu at level two, as soon as possible.",Food Services,Service Request,IND-04
SYN-03341,"The menu issue at north wing happened again, please review.",Logistics,Complaint,IND-09
SYN-03342,Service needed: check water leak in main office this afternoon.,Facilities,Service Request,IND-01
SYN-03343,Service needed: confirm menu in level two this afternoon.,Food Services,Service Request,IND-04
SYN-03344,Request to inspect air conditioner - reception - as soon as possible.,Facilities,Service Request,IND-01
SYN-03345,Help needed to configure printer in storage area as soon as possible.,IT Support,Support Request,IND-10
SYN-03346,"Please wash the spill at main office, when available.",Cleaning,Service Request,IND-05
SYN-03347,Request to remove hallway - reception - before noon.,Cleaning,Service Request,IND-05
SYN-03350,request to restore air conditioner - level two - before noon.,Facilities,Service Request,IND-01
SYN-03351,Request to schedule shipment - main office - as soon as possible.,Logistics,Service Request,IND-03
SYN-03352,Help needed to deliver document box in reception today.,Logistics,Support Request,IND-10
SYN-03353,"Please clean the spill at north wing, as soon as possible.",Cleaning,Service Request,IND-05
SYN-03354,"Update laptop at level two, this afternoon.",IT Support,Service Request,IND-02
SYN-03355,"please inspect the door at storage area, before noon.",Facilities,Service Request,IND-01
SYN-03356,Service needed: follow up information request in north wing as soon as possible.,Facilities,Service Request,IND-02
SYN-03357,help needed to calibrate portable monitor in level two as soon as possible,IT Support,Support Request,IND-10
SYN-03358,"Please provide support to clean the meeting room at north wing, when available.",Cleaning,Support Request,IND-10
SYN-03359,"please adjust the water leak at level two, this afternoon",Facilities,Service Request,IND-01
SYN-03360,"Please provide support to connect the user account at level two, before noon",IT Support,Support Request,IND-10
SYN-03361,Complaint: recurring issue with door at main office.,Facilities,Complaint,IND-09
SYN-03362,Request to diagnose network - north wing - as soon as possible.,IT Support,Service Request,IND-02
SYN-03363,Request to inspect portable monitor - storage area - this afternoon,Equipment,Service Request,IND-07
SYN-03364,"Inspect window at reception, when available.",Cleaning,Service Request,IND-05
SYN-03365,Service needed: prepare beverage station in reception today.,Food Services,Service Request,IND-04
SYN-03366,Complaint: recurring issue with access badge at north wing,Security,Complaint,IND-09
SYN-03367,"Please provide support to repair the projector at storage area, this afternoon.",IT Support,Support Request,IND-10
SYN-03369,"please provide support to prepare the food tray at main office, as soon as possible",Food Services,Support Request,IND-10
SYN-03371,"Review food tray at reception, before noon.",Food Services,Service Request,IND-04
SYN-03372,"please provide support to review the food tray at reception, today.",Food Services,Support Request,IND-10
SYN-03373,Request to provide office chair - north wing - today,Equipment,Service Request,IND-07
SYN-03374,Help needed to follow up complaint in north wing this afternoon.,Customer Support,Support Request,IND-10
SYN-03375,Complaint: recurring issue with spill at reception.,Cleaning,Complaint,IND-09
SYN-03376,Complaint: recurring issue with supply order at north wing,Logistics,Complaint,IND-09
SYN-03377,Help needed to adjust door in north wing as soon as possible.,Facilities,Support Request,IND-10
SYN-03378,Request to collect supply order - level two - as soon as possible,Logistics,Service Request,IND-03
SYN-03379,Help needed to locate shipment in reception today.,Logistics,Support Request,IND-10
SYN-03380,"Please sanitize the window at main office, today",Cleaning,Service Request,IND-05
SYN-03381,Request to inspect water leak - main office - as soon as possible.,Logistics,Service Request,IND-03
SYN-03382,"Please review the special meal at storage area, when available.",Food Services,Service Request,IND-04
SYN-03383,"Deliver food tray at north wing, today.",Equipment,Complaint,IND-09
SYN-03384,Request to repair lighting - north wing - before noon.,Facilities,Service Request,IND-01
SYN-03385,"Please provide support to inspect the window at reception, when available.",Cleaning,Support Request,IND-10
SYN-03386,Complaint: recurring issue with special meal at reception.,Facilities,Complaint,IND-09
SYN-03387,Help needed to clean window in north wing this afternoon.,Cleaning,Support Request,IND-10
SYN-03388,"Please repair the elevator at north wing, as soon as possible.",Facilities,Service Request,IND-01
SYN-03389,Service needed: adjust air conditioner in main office as soon as possible,Facilities,Service Request,IND-01
SYN-03390,Request to update application - reception - this afternoon,IT Support,Service Request,IND-02
SYN-03391,Request to deliver meal order - level two - when available.,Food Services,Service Request,IND-04
SYN-03392,Help needed to check air conditioner in storage area as soon as possible.,Facilities,Support Request,IND-10
SYN-03393,Complaint: recurring issue with appointment at level two.,Customer Support,Complaint,IND-09
SYN-03394,Complaint: recurring issue with spill at north wing.,Cleaning,Complaint,IND-09
SYN-03395,Complaint: recurring issue with shipment at level two.,Security,Complaint,IND-09
SYN-03396,"Diagnose user account at main office, this afternoon.",IT Support,Service Request,IND-02
SYN-03397,Help needed to transfer shipment in north wing as soon as possible.,Logistics,Support Request,IND-10
SYN-03398,"Please provide support to review the beverage station at main office, today.",IT Support,Support Request,IND-10
SYN-03399,"Locate parking gate at reception, today.",Security,Service Request,IND-06
SYN-03400,Request to update user account - north wing - today.,IT Support,Service Request,IND-02
SYN-03401,"Please provide support to inspect the air conditioner at reception, when available.",Facilities,Support Request,IND-10
SYN-03403,"please provide support to inspect the door at level two, as soon as possible.",Facilities,Support Request,IND-10
SYN-03404,Help needed to authorize visitor entrance in storage area before noon.,Security,Support Request,IND-10
SYN-03406,Service needed: wash spill in level two when available.,Cleaning,Service Request,IND-05
SYN-03407,Request to clean window - reception - today.,Cleaning,Service Request,IND-05
SYN-03409,"Please inspect the hallway at level two, when available.",Cleaning,Service Request,IND-05
SYN-03410,"please provide support to inspect the window at reception, this afternoon.",Cleaning,Support Request,IND-10
SYN-03411,Help needed to deliver package in level two today.,Logistics,Support Request,IND-10
SYN-03412,request to review service status - north wing - before noon.,Logistics,Service Request,IND-03
SYN-03413,Service needed: restore lighting in reception as soon as possible.,Facilities,Service Request,IND-01
SYN-03415,Help needed to review appointment in reception as soon as possible.,Customer Support,Support Request,IND-10
SYN-03416,"Connect user account at main office, this afternoon.",IT Support,Service Request,IND-02
SYN-03417,"Please collect the shipment at reception, as soon as possible.",Logistics,Service Request,IND-03
SYN-03418,"Please provide support to verify the lost item at north wing, today.",Security,Support Request,IND-10
SYN-03419,"please provide support to adjust the door at main office, this afternoon.",Facilities,Support Request,IND-10
SYN-03420,Service needed: reset network in north wing before noon.,IT Support,Service Request,IND-02
SYN-03421,Complaint: recurring issue with food tray at north wing.,Food Services,Complaint,IND-09
SYN-03422,"Please remove the hallway at level two, today.",Facilities,Service Request,IND-01
SYN-03423,"Transfer shipment at level two, this afternoon.",Logistics,Support Request,IND-10
SYN-03424,Request to wash spill - level two - before noon.,Cleaning,Service Request,IND-05
SYN-03425,request to configure network - reception - this afternoon.,IT Support,Service Request,IND-02
SYN-03426,Request to check water leak - storage area - this afternoon,Security,Service Request,IND-06
SYN-03427,"Locate parking gate at level two, today.",Security,Service Request,IND-06
SYN-03428,"Adjust door at reception, this afternoon.",Equipment,Service Request,IND-07
SYN-03429,"Authorize visitor entrance at main office, as soon as possible.",IT Support,Support Request,IND-10
SYN-03430,"Please provide support to confirm the meal order at storage area, today.",Food Services,Support Request,IND-10
SYN-03431,"inspect hallway at storage area, before noon.",Cleaning,Service Request,IND-05
SYN-03432,Service needed: repair lighting in north wing this afternoon.,Facilities,Service Request,IND-01
SYN-03433,"Please prepare the special meal at reception, as soon as possible.",Food Services,Service Request,IND-04
SYN-03434,"Please provide support to repair the door at storage area, this afternoon.",Facilities,Support Request,IND-10
SYN-03435,Request to wash window - main office - before noon.,Cleaning,Service Request,IND-05
SYN-03436,"Provide office chair at level two, before noon.",Equipment,Service Request,IND-02
SYN-03438,"Please prepare the special meal at storage area, this afternoon.",Food Services,Service Request,IND-04
SYN-03439,complaint: recurring issue with beverage station at reception.,Food Services,Complaint,IND-09
SYN-03440,Service needed: schedule shipment in main office as soon as possible,Logistics,Service Request,IND-03
SYN-03441,"Deliver meal order at level two, as soon as possible.",Food Services,Service Request,IND-04
SYN-03442,complaint: recurring issue with door at north wing.,Facilities,Complaint,IND-09
SYN-03443,service needed: check lighting in main office when available.,Facilities,Service Request,IND-01
SYN-03444,complaint: recurring issue with spill at north wing.,Cleaning,Complaint,IND-09
SYN-03445,"Check water leak at main office, when available.",Facilities,Service Request,IND-01
SYN-03446,"Check door at storage area, as soon as possible",Facilities,Support Request,IND-10
SYN-03447,"Please transfer the document box at reception, before noon.",Logistics,Service Request,IND-03
SYN-03448,help needed to connect printer in storage area as soon as possible.,IT Support,Support Request,IND-10
SYN-03449,Request to remove window - level two - as soon as possible.,Cleaning,Service Request,IND-05
SYN-03450,Help needed to diagnose printer in north wing as soon as possible.,IT Support,Support Request,IND-10
SYN-03452,"Replace beverage station at north wing, today.",Food Services,Service Request,IND-04
SYN-03453,"Please collect the supply order at north wing, today",Food Services,Service Request,IND-04
SYN-03454,"the beverage station issue at north wing happened again, please review",Food Services,Complaint,IND-09
SYN-03455,"Inspect air conditioner at north wing, as soon as possible.",Facilities,Service Request,IND-01
SYN-03456,"Transfer shipment at storage area, before noon",Logistics,Service Request,IND-03
SYN-03457,"The application issue at storage area happened again, please review",IT Support,Complaint,IND-09
SYN-03458,Help needed to follow up feedback in storage area today,Facilities,Support Request,IND-10
SYN-03459,"Please check the door at reception, when available",Facilities,Service Request,IND-01
SYN-03460,Request to authorize visitor entrance - main office - when available,Security,Service Request,IND-06
SYN-03461,Help needed to reset laptop in reception this afternoon,IT Support,Support Request,IND-10
SYN-03462,"the meal order issue at north wing happened again, please review.",Food Services,Complaint,IND-09
SYN-03463,"diagnose network at main office, today.",IT Support,Complaint,IND-09
SYN-03464,Help needed to inspect meeting room in reception as soon as possible.,Cleaning,Support Request,IND-10
SYN-03465,"Wash window at level two, when available.",Cleaning,Service Request,IND-05
SYN-03466,Help needed to update printer in reception today.,IT Support,Support Request,IND-10
SYN-03467,Help needed to inspect elevator in main office today.,Facilities,Support Request,IND-10
SYN-03468,Request to wash meeting room - main office - as soon as possible.,Cleaning,Service Request,IND-05
SYN-03469,Request to adjust door - level two - today.,Facilities,Service Request,IND-01
SYN-03470,"Please remove the meeting room at north wing, as soon as possible.",Logistics,Service Request,IND-03
SYN-03471,Service needed: confirm special meal in level two today.,Food Services,Service Request,IND-04
SYN-03472,Help needed to diagnose user account in storage area when available.,IT Support,Support Request,IND-10
SYN-03473,"Repair water leak at north wing, before noon.",Facilities,Complaint,IND-09
SYN-03474,"Reset user account at storage area, today",IT Support,Service Request,IND-02
SYN-03475,"Please update the user account at reception, this afternoon.",IT Support,Service Request,IND-02
SYN-03476,Service needed: deliver special meal in storage area when available,Food Services,Service Request,IND-04
SYN-03477,Service needed: clean window in storage area today.,Cleaning,Service Request,IND-01
SYN-03478,Help needed to authorize access badge in storage area today.,Security,Support Request,IND-10
SYN-03479,Service needed: adjust water leak in main office as soon as possible.,Facilities,Service Request,IND-01
SYN-03480,"Please provide support to adjust the elevator at storage area, when available",Facilities,Support Request,IND-10
SYN-03481,"Inspect waste bin at main office, this afternoon.",Cleaning,Support Request,IND-10
SYN-03483,"Confirm food tray at storage area, when available.",Food Services,Complaint,IND-09
SYN-03484,"please sanitize the waste bin at storage area, before noon.",Cleaning,Service Request,IND-05
SYN-03485,"Please adjust the lighting at reception, as soon as possible.",Facilities,Service Request,IND-01
SYN-03487,Service needed: collect document box in main office when available.,Logistics,Service Request,IND-03
SYN-03488,Service needed: inspect power unit in storage area as soon as possible.,Equipment,Service Request,IND-07
SYN-03489,Help needed to check door in north wing before noon.,Facilities,Support Request,IND-10
SYN-03490,"Please connect the application at main office, when available.",IT Support,Service Request,IND-02
SYN-03491,"Please provide support to repair the water leak at level two, when available.",Facilities,Support Request,IND-04
SYN-03493,"Please collect the package at north wing, as soon as possible.",Logistics,Service Request,IND-03
SYN-03494,"please check the water leak at storage area, as soon as possible.",Facilities,Service Request,IND-01
SYN-03495,"Please provide support to update the printer at storage area, before noon.",IT Support,Support Request,IND-10
SYN-03496,Request to check water leak - main office - today.,Facilities,Service Request,IND-01
SYN-03497,"the window issue at storage area happened again, please review",Cleaning,Complaint,IND-09
SYN-03498,Service needed: deliver supply order in main office before noon,Logistics,Service Request,IND-03
SYN-03499,request to locate document box - main office - before noon.,Logistics,Service Request,IND-03
SYN-03501,"Please review the meal order at storage area, today.",Food Services,Service Request,IND-04
SYN-03503,request to deliver document box - main office - before noon.,Logistics,Service Request,IND-03
SYN-03504,"Please review the lost item at storage area, when available.",Security,Service Request,IND-06
SYN-03505,service needed: confirm food tray in reception this afternoon.,Food Services,Service Request,IND-04
SYN-03506,Request to deliver beverage station - reception - as soon as possible.,Food Services,Service Request,IND-04
SYN-03507,"please provide support to restore the lighting at level two, when available",Facilities,Support Request,IND-10
SYN-03508,"Please provide support to sanitize the window at north wing, this afternoon.",Cleaning,Support Request,IND-10
SYN-03509,request to confirm menu - north wing - this afternoon.,Food Services,Service Request,IND-04
SYN-03510,Help needed to repair door in main office as soon as possible.,Facilities,Support Request,IND-10
SYN-03511,Service needed: calibrate projector in north wing when available.,Equipment,Service Request,IND-07
SYN-03512,"Please provide support to update the application at main office, before noon.",IT Support,Support Request,IND-10
SYN-03513,"Please inspect the hallway at level two, today.",Cleaning,Service Request,IND-05
SYN-03514,"Please transfer the supply order at storage area, before noon.",Logistics,Service Request,IND-03
SYN-03515,"please review the service status at level two, today.",Customer Support,Service Request,IND-08
SYN-03516,Service needed: locate document box in north wing before noon.,Logistics,Service Request,IND-03
SYN-03517,Help needed to locate lost item in level two as soon as possible.,Security,Support Request,IND-10
SYN-03518,"Please update the printer at north wing, this afternoon.",IT Support,Service Request,IND-02
SYN-03519,Request to repair tool kit - north wing - as soon as possible.,Equipment,Service Request,IND-07
SYN-03520,Request to wash spill - level two - before noon,Cleaning,Service Request,IND-05
SYN-03521,Request to diagnose laptop - storage area - as soon as possible.,IT Support,Service Request,IND-02
SYN-03522,"please repair the elevator at level two, when available.",Facilities,Service Request,IND-01
SYN-03523,Request to collect shipment - storage area - when available.,Logistics,Service Request,IND-03
SYN-03524,Complaint: recurring issue with delivery cart at level two,Logistics,Complaint,IND-09
SYN-03525,Help needed to authorize visitor entrance in level two this afternoon.,Security,Support Request,IND-10
SYN-03526,"Please schedule the shipment at storage area, today.",Logistics,Service Request,IND-03
SYN-03527,"Inspect meeting room at storage area, when available.",Cleaning,Support Request,IND-10
SYN-03528,"Please update the laptop at reception, today.",IT Support,Service Request,IND-02
SYN-03529,Help needed to repair portable monitor in main office when available.,Equipment,Support Request,IND-10
SYN-03531,"Restore water leak at main office, when available",Facilities,Service Request,IND-01
SYN-03532,Request to check water leak - level two - as soon as possible.,Facilities,Service Request,IND-03
SYN-03533,Help needed to connect application in storage area as soon as possible,IT Support,Support Request,IND-10
SYN-03534,Request to review menu - level two - today.,Food Services,Service Request,IND-04
SYN-03535,complaint: recurring issue with projector at level two,Equipment,Complaint,IND-09
SYN-03536,"Please restore the door at level two, this afternoon.",Facilities,Service Request,IND-01
SYN-03537,request to register complaint - main office - as soon as possible.,Customer Support,Service Request,IND-08
SYN-03538,Request to review meal order - reception - before noon.,Food Services,Service Request,IND-04
SYN-03540,Help needed to locate parking gate in main office when available.,Security,Support Request,IND-10
SYN-03541,Request to provide projector - main office - this afternoon.,Equipment,Service Request,IND-07
SYN-03542,"Please clarify the service status at level two, this afternoon.",Customer Support,Service Request,IND-01
SYN-03543,"Please provide support to inspect the meeting room at storage area, when available.",Cleaning,Support Request,IND-10
SYN-03545,service needed: connect application in level two this afternoon.,IT Support,Service Request,IND-02
SYN-03546,Service needed: remove hallway in level two this afternoon.,Cleaning,Service Request,IND-05
SYN-03547,"Please provide support to clean the meeting room at main office, before noon.",Cleaning,Support Request,IND-10
SYN-03548,complaint: recurring issue with window at north wing,Cleaning,Complaint,IND-09
SYN-03549,"The delivery cart issue at storage area happened again, please review",Cleaning,Complaint,IND-09
SYN-03550,"Please provide support to repair the water leak at north wing, before noon.",Facilities,Support Request,IND-10
SYN-03551,Help needed to replace portable monitor in main office before noon.,Equipment,Support Request,IND-10
SYN-03552,Request to reset application - main office - this afternoon.,IT Support,Service Request,IND-02
SYN-03553,request to wash waste bin - main office - today.,Cleaning,Service Request,IND-05
SYN-03554,Service needed: diagnose laptop in reception this afternoon.,IT Support,Service Request,IND-02
SYN-03555,service needed: review camera in storage area this afternoon.,Security,Service Request,IND-06
SYN-03556,Service needed: restore elevator in reception as soon as possible,Facilities,Service Request,IND-01
SYN-03557,"please provide support to wash the spill at reception, before noon",Cleaning,Support Request,IND-05
SYN-03558,"Inspect meeting room at main office, when available.",Cleaning,Service Request,IND-05
SYN-03559,Help needed to sanitize waste bin in reception before noon.,Cleaning,Support Request,IND-10
SYN-03560,Service needed: replace special meal in level two when available.,Food Services,Service Request,IND-04
SYN-03561,Complaint: recurring issue with feedback at storage area.,Customer Support,Complaint,IND-09
SYN-03562,"Configure network at main office, as soon as possible.",IT Support,Support Request,IND-10
SYN-03563,complaint: recurring issue with water leak at main office,Facilities,Complaint,IND-09
SYN-03564,"Review meal order at storage area, today.",Food Services,Complaint,IND-09
SYN-03565,"Please provide the tool kit at main office, as soon as possible.",Equipment,Service Request,IND-07
SYN-03567,"The camera issue at level two happened again, please review.",Security,Complaint,IND-09
SYN-03568,"please provide support to inspect the projector at storage area, when available.",Equipment,Support Request,IND-10
SYN-03569,"Please adjust the elevator at level two, this afternoon.",Facilities,Service Request,IND-01
SYN-03570,"Transfer document box at storage area, when available",Logistics,Service Request,IND-03
SYN-03573,"Please provide support to update the laptop at north wing, as soon as possible.",IT Support,Support Request,IND-10
SYN-03574,"Please sanitize the meeting room at north wing, when available.",Cleaning,Service Request,IND-05
SYN-03575,help needed to check lighting in main office before noon.,Facilities,Support Request,IND-10
SYN-03577,"Wash hallway at storage area, when available.",Cleaning,Service Request,IND-05
SYN-03578,Complaint: recurring issue with delivery cart at main office.,Food Services,Complaint,IND-09
SYN-03579,"Review camera at level two, before noon.",Security,Service Request,IND-06
SYN-03581,Help needed to update laptop in storage area when available.,IT Support,Support Request,IND-10
SYN-03582,Request to repair door - north wing - today.,Facilities,Service Request,IND-01
SYN-03583,"Please authorize the access badge at north wing, as soon as possible.",Security,Service Request,IND-06
SYN-03584,"The supply order issue at level two happened again, please review",Food Services,Complaint,IND-09
SYN-03585,"Please configure the laptop at level two, when available",IT Support,Service Request,IND-02
SYN-03586,Service needed: configure user account in level two when available.,IT Support,Service Request,IND-02
SYN-03588,Request to confirm meal order - main office - today.,Food Services,Service Request,IND-04
SYN-03589,"Please provide support to deliver the shipment at level two, before noon.",Logistics,Support Request,IND-10
SYN-03590,"Please verify the visitor entrance at level two, today.",Security,Service Request,IND-06
SYN-03592,Service needed: replace portable monitor in north wing this afternoon.,Equipment,Service Request,IND-07
SYN-03593,Help needed to sanitize meeting room in north wing this afternoon.,Cleaning,Support Request,IND-10
SYN-03595,Request to review menu - main office - before noon.,Food Services,Service Request,IND-04
SYN-03596,"Please provide support to inspect the elevator at reception, before noon.",Facilities,Support Request,IND-10
SYN-03597,"reset application at north wing, today.",IT Support,Service Request,IND-02
SYN-03598,"Please remove the hallway at reception, this afternoon.",Cleaning,Service Request,IND-05
SYN-03600,Service needed: inspect hallway in main office as soon as possible.,Cleaning,Service Request,IND-05
SYN-03601,"Restore lighting at storage area, this afternoon.",Facilities,Complaint,IND-09
SYN-03602,"Repair lighting at reception, today.",Facilities,Service Request,IND-01
SYN-03603,Service needed: repair lighting in reception this afternoon.,Facilities,Service Request,IND-01
SYN-03604,"please provide support to deliver the supply order at level two, when available.",Logistics,Support Request,IND-10
SYN-03605,"Locate delivery cart at level two, as soon as possible.",Logistics,Service Request,IND-03
SYN-03606,"Please repair the lighting at north wing, when available.",Facilities,Service Request,IND-01
SYN-03607,Request to authorize parking gate - reception - when available.,Security,Service Request,IND-06
SYN-03608,Service needed: connect laptop in level two before noon.,IT Support,Service Request,IND-02
SYN-03609,help needed to review service status in main office before noon,Customer Support,Support Request,IND-10
SYN-03610,"Monitor visitor entrance at level two, before noon.",Security,Service Request,IND-06
SYN-03611,"Please wash the spill at storage area, today.",Logistics,Service Request,IND-03
SYN-03613,"Sanitize hallway at north wing, as soon as possible.",Cleaning,Service Request,IND-05
SYN-03616,Service needed: wash window in main office today,Cleaning,Service Request,IND-05
SYN-03617,"Wash waste bin at main office, when available.",Cleaning,Complaint,IND-09
SYN-03619,"Deliver beverage station at main office, today.",Food Services,Support Request,IND-03
SYN-03620,"please confirm the food tray at level two, today.",Food Services,Service Request,IND-04
SYN-03621,"Please provide support to remove the spill at storage area, today.",Food Services,Support Request,IND-10
SYN-03622,"Update printer at main office, this afternoon.",IT Support,Support Request,IND-10
SYN-03624,"pls provide support to respond to the information request at reception, when available.",Customer Support,Support Request,IND-10
SYN-03625,"calibrate portable monitor at north wing, this afternoon.",Equipment,Support Request,IND-10
SYN-03626,"Please provide support to inspect the air conditioner at storage area, when available.",Cleaning,Support Request,IND-10
SYN-03627,"Sanitize waste bin at storage area, before noon",Cleaning,Service Request,IND-05
SYN-03628,Request to repair power unit - main office - when available.,Equipment,Service Request,IND-07
SYN-03629,"Please adjust the elevator at level two, as soon as possible",Facilities,Service Request,IND-01
SYN-03630,"adjust water leak at storage area, when available.",Facilities,Support Request,IND-10
SYN-03631,"Please check the lighting at level two, when available.",Facilities,Service Request,IND-01
SYN-03632,Request to deliver special meal - north wing - when available.,Food Services,Service Request,IND-04
SYN-03634,"Please verify the visitor entrance at north wing, today.",Security,Service Request,IND-06
SYN-03635,"please provide support to transfer the shipment at storage area, before noon",Logistics,Support Request,IND-10
SYN-03636,Help needed to monitor access badge in storage area today.,Security,Support Request,IND-10
SYN-03637,"please provide support to calibrate the power unit at storage area, as soon as possible.",Equipment,Support Request,IND-10
SYN-03638,service needed: locate parking gate in level two today.,Security,Service Request,IND-06
SYN-03639,Help needed to update application in main office before noon.,IT Support,Support Request,IND-10
SYN-03641,Request to connect laptop - reception - when available.,Facilities,Service Request,IND-01
SYN-03642,service needed: repair water leak in level two today.,Facilities,Service Request,IND-01
SYN-03643,"Please provide support to transfer the shipment at storage area, before noon.",Logistics,Support Request,IND-10
SYN-03644,Help needed to verify lost item in north wing when available.,Security,Support Request,IND-05
SYN-03645,request to collect package - level two - before noon.,Logistics,Service Request,IND-03
SYN-03646,Request to diagnose printer - storage area - today.,IT Support,Service Request,IND-02
SYN-03647,"Inspect elevator at storage area, as soon as possible.",Facilities,Service Request,IND-01
SYN-03648,"pls provide support to configure the laptop at storage area, when available.",IT Support,Support Request,IND-10
SYN-03649,"please provide support to review the camera at main office, as soon as possible.",Security,Support Request,IND-10
SYN-03650,Service needed: authorize access badge in level two before noon.,Security,Service Request,IND-06
SYN-03651,Request to configure printer - storage area - before noon.,IT Support,Service Request,IND-02
SYN-03652,Request to clean hallway - storage area - when available,Cleaning,Service Request,IND-05
SYN-03653,request to transfer shipment - storage area - today.,Logistics,Service Request,IND-03
SYN-03654,"Please connect the network at north wing, as soon as possible.",IT Support,Service Request,IND-02
SYN-03655,Service needed: collect supply order in north wing when available.,Logistics,Service Request,IND-03
SYN-03656,Complaint: recurring issue with visitor entrance at north wing.,Security,Complaint,IND-09
SYN-03657,"Please review the food tray at main office, as soon as possible",Food Services,Service Request,IND-04
SYN-03658,"please diagnose the user account at north wing, today.",IT Support,Service Request,IND-02
SYN-03659,"Please restore the elevator at level two, when available.",Facilities,Service Request,IND-01
SYN-03660,Service needed: inspect window in north wing as soon as possible.,Cleaning,Service Request,IND-05
SYN-03662,Help needed to confirm menu in main office today.,Food Services,Support Request,IND-10
SYN-03663,"deliver document box at reception, this afternoon.",Logistics,Service Request,IND-03
SYN-03664,Request to configure network - reception - when available.,IT Support,Service Request,IND-02
SYN-03665,"Collect document box at main office, as soon as possible.",Logistics,Service Request,IND-03
SYN-03668,"Adjust lighting at reception, today.",Facilities,Service Request,IND-01
SYN-03669,Service needed: review visitor entrance in main office before noon.,Security,Service Request,IND-06
SYN-03671,"Inspect elevator at level two, before noon.",Facilities,Service Request,IND-01
SYN-03672,"Please restore the door at north wing, when available.",Facilities,Service Request,IND-01
SYN-03673,"Please update the laptop at north wing, as soon as possible",IT Support,Service Request,IND-02
SYN-03674,Complaint: recurring issue with special meal at main office.,Food Services,Complaint,IND-09
SYN-03675,"Check water leak at north wing, today.",Facilities,Support Request,IND-10
SYN-03678,Service needed: diagnose laptop in main office when available.,IT Support,Service Request,IND-02
SYN-03679,"Please provide support to adjust the air conditioner at reception, before noon.",Facilities,Support Request,IND-10
SYN-03680,"please transfer the package at main office, when available.",Logistics,Service Request,IND-03
SYN-03683,"Inspect water leak at level two, today.",Facilities,Service Request,IND-01
SYN-03684,"Please provide support to remove the hallway at reception, today.",Cleaning,Support Request,IND-10
SYN-03685,service needed: calibrate portable monitor in north wing today.,Equipment,Service Request,IND-07
SYN-03686,Service needed: locate delivery cart in north wing today.,Logistics,Service Request,IND-03
SYN-03687,"Please clean the spill at storage area, when available.",Cleaning,Service Request,IND-05
SYN-03688,"Please inspect the meeting room at level two, this afternoon.",Facilities,Service Request,IND-01
SYN-03689,Service needed: verify access badge in reception today.,Security,Service Request,IND-06
SYN-03691,Request to remove window - north wing - today.,Cleaning,Service Request,IND-05
SYN-03692,Request to provide tool kit - north wing - as soon as possible,Equipment,Service Request,IND-07
SYN-03693,Help needed to locate supply order in reception this afternoon.,Logistics,Support Request,IND-03
SYN-03694,"Follow up appointment at north wing, when available.",Customer Support,Service Request,IND-08
SYN-03695,"Please update the user account at reception, today.",IT Support,Service Request,IND-02
SYN-03696,"The supply order issue at reception happened again, please review",Logistics,Complaint,IND-09
SYN-03697,Help needed to wash meeting room in north wing before noon.,Cleaning,Support Request,IND-10
SYN-03698,"the door issue at storage area happened again, please review.",Facilities,Complaint,IND-09
SYN-03699,"Please reset the network at main office, when available.",IT Support,Service Request,IND-02
SYN-03700,"please collect the shipment at main office, when available.",Logistics,Service Request,IND-03
SYN-03701,"Diagnose application at level two, before noon.",IT Support,Support Request,IND-10
SYN-03702,Request to restore door - north wing - today.,Facilities,Service Request,IND-01
SYN-03703,request to provide projector - level two - as soon as possible.,Equipment,Service Request,IND-07
SYN-03704,Help needed to provide projector in main office before noon.,Equipment,Support Request,IND-10
SYN-03705,"The elevator issue at north wing happened again, please review",Facilities,Complaint,IND-09
SYN-03706,"The water leak issue at level two happened again, please review.",Facilities,Complaint,IND-09
SYN-03708,request to confirm special meal - reception - when available.,Food Services,Service Request,IND-04
SYN-03709,Help needed to verify visitor entrance in reception when available.,Security,Support Request,IND-10
SYN-03710,Service needed: sanitize spill in storage area before noon,Cleaning,Service Request,IND-05
SYN-03711,"Please inspect the door at north wing, before noon",Facilities,Service Request,IND-01
SYN-03712,Request to diagnose printer - north wing - when available.,IT Support,Service Request,IND-02
SYN-03713,"Collect supply order at north wing, today.",Logistics,Complaint,IND-09
SYN-03714,Help needed to schedule delivery cart in storage area this afternoon.,Logistics,Support Request,IND-10
SYN-03715,Service needed: inspect meeting room in main office this afternoon.,Cleaning,Service Request,IND-05
SYN-03716,"Locate delivery cart at storage area, today",Logistics,Service Request,IND-03
SYN-03717,complaint: recurring issue with camera at storage area.,Security,Complaint,IND-09
SYN-03718,"Please provide support to reset the printer at main office, when available.",IT Support,Support Request,IND-10
SYN-03719,Help needed to register feedback in north wing as soon as possible.,Customer Support,Support Request,IND-10
SYN-03721,request to replace food tray - level two - as soon as possible.,Food Services,Service Request,IND-04
SYN-03722,"Please provide support to diagnose the printer at reception, when available.",IT Support,Support Request,IND-10
SYN-03723,Service needed: inspect lighting in main office when available.,Facilities,Service Request,IND-01
SYN-03725,Request to deliver supply order - storage area - this afternoon.,Logistics,Service Request,IND-03
SYN-03726,"Prepare menu at north wing, when available.",Food Services,Service Request,IND-04
SYN-03727,Request to connect laptop - level two - this afternoon.,IT Support,Service Request,IND-02
SYN-03728,svc needed: locate shipment in reception as soon as possible.,Logistics,Service Request,IND-03
SYN-03729,"Please provide support to respond to the service status at reception, this afternoon.",IT Support,Support Request,IND-10
SYN-03730,"Please reset the laptop at storage area, as soon as possible.",IT Support,Service Request,IND-02
SYN-03731,Request to authorize parking gate - storage area - when available.,Security,Service Request,IND-06
SYN-03732,Service needed: connect printer in main office as soon as possible.,IT Support,Service Request,IND-02
SYN-03733,"Please wash the waste bin at storage area, this afternoon.",Cleaning,Service Request,IND-05
SYN-03734,Complaint: recurring issue with portable monitor at north wing.,Facilities,Complaint,IND-09
SYN-03735,Request to inspect lighting - main office - as soon as possible.,Facilities,Service Request,IND-01
SYN-03736,"Schedule supply order at storage area, this afternoon.",Logistics,Complaint,IND-09
SYN-03737,complaint: recurring issue with air conditioner at level two,Facilities,Complaint,IND-09
SYN-03739,Service needed: review access badge in storage area before noon.,Security,Service Request,IND-06
SYN-03740,Help needed to collect delivery cart in north wing as soon as possible,Logistics,Support Request,IND-05
SYN-03741,Request to adjust air conditioner - reception - today,Facilities,Service Request,IND-01
SYN-03742,Request to review camera - level two - today.,IT Support,Service Request,IND-02
SYN-03743,"Replace projector at main office, this afternoon.",Equipment,Service Request,IND-07
SYN-03744,Service needed: inspect spill in north wing before noon.,Cleaning,Service Request,IND-05
SYN-03745,"Reset network at north wing, this afternoon.",IT Support,Service Request,IND-02
SYN-03746,"Replace meal order at storage area, this afternoon.",Food Services,Service Request,IND-04
SYN-03747,Service needed: repair water leak in storage area today.,Facilities,Service Request,IND-01
SYN-03748,Request to schedule package - north wing - as soon as possible.,Logistics,Service Request,IND-03
SYN-03749,"Please inspect the air conditioner at level two, when available",Facilities,Service Request,IND-01
SYN-03750,Help needed to confirm menu in storage area as soon as possible.,Food Services,Support Request,IND-10
SYN-03751,request to follow up svc status - reception - as soon as possible.,Customer Support,Service Request,IND-08
SYN-03752,Request to repair projector - reception - this afternoon.,Equipment,Service Request,IND-07
SYN-03753,Help needed to diagnose laptop in level two this afternoon.,IT Support,Support Request,IND-10
SYN-03754,Service needed: diagnose printer in main office today.,IT Support,Service Request,IND-02
SYN-03756,"Please review the meal order at north wing, today.",Food Services,Service Request,IND-04
SYN-03757,"Sanitize window at north wing, today.",Cleaning,Service Request,IND-05
SYN-03759,Help needed to monitor lost item in reception as soon as possible.,Security,Support Request,IND-10
SYN-03760,"Please transfer the delivery cart at level two, as soon as possible.",Logistics,Service Request,IND-03
SYN-03761,Request to check lighting - main office - when available,Facilities,Service Request,IND-01
SYN-03762,Service needed: locate access badge in level two when available,Security,Service Request,IND-06
SYN-03763,"please diagnose the network at reception, when available.",IT Support,Service Request,IND-02
SYN-03764,"Wash window at north wing, as soon as possible.",Cleaning,Service Request,IND-05
SYN-03765,Service needed: reset user account in storage area when available.,IT Support,Service Request,IND-02
SYN-03766,Help needed to deliver supply order in north wing this afternoon.,Logistics,Support Request,IND-10
SYN-03767,Service needed: verify lost item in storage area as soon as possible,Security,Service Request,IND-06
SYN-03768,"Please adjust the air conditioner at storage area, this afternoon.",Facilities,Service Request,IND-01
SYN-03769,Service needed: review visitor entrance in main office before noon,Security,Service Request,IND-06
SYN-03770,"please confirm the meal order at level two, today.",Food Services,Service Request,IND-04
SYN-03771,Service needed: connect application in reception before noon.,IT Support,Service Request,IND-02
SYN-03772,Request to inspect power unit - storage area - this afternoon.,Facilities,Service Request,IND-01
SYN-03773,"Please provide support to configure the network at north wing, this afternoon.",IT Support,Support Request,IND-10
SYN-03774,"Repair lighting at north wing, as soon as possible.",Facilities,Service Request,IND-01
SYN-03776,"the lost item issue at reception happened again, please review.",Security,Complaint,IND-09
SYN-03777,Help needed to replace special meal in main office today,Food Services,Support Request,IND-10
SYN-03778,"Review menu at main office, when available.",Facilities,Complaint,IND-09
SYN-03779,"Please provide support to remove the window at storage area, this afternoon.",Cleaning,Support Request,IND-10
SYN-03780,Complaint: recurring issue with parking gate at main office.,Security,Complaint,IND-09
SYN-03781,"Provide power unit at main office, when available.",Equipment,Complaint,IND-09
SYN-03782,"pls replace the beverage station at north wing, before noon.",Food Services,Service Request,IND-04
SYN-03784,Service needed: restore air conditioner in level two as soon as possible.,Facilities,Service Request,IND-01
SYN-03785,"please verify the parking gate at storage area, as soon as possible.",Security,Service Request,IND-06
SYN-03786,help needed to update network in main office before noon.,IT Support,Support Request,IND-10
SYN-03787,Service needed: repair elevator in north wing when available.,Facilities,Service Request,IND-01
SYN-03788,"Sanitize meeting room at level two, today.",Cleaning,Service Request,IND-05
SYN-03790,Service needed: provide tool kit in storage area today,Equipment,Service Request,IND-07
SYN-03791,"Please review the parking gate at storage area, today.",Facilities,Service Request,IND-01
SYN-03793,Service needed: inspect lighting in level two as soon as possible.,Facilities,Service Request,IND-01
SYN-03794,Service needed: clean spill in level two when available.,Cleaning,Service Request,IND-05
SYN-03795,request to schedule supply order - storage area - when available.,Logistics,Service Request,IND-03
SYN-03796,"Provide tool kit at level two, before noon.",Equipment,Service Request,IND-07
SYN-03797,"Confirm meal order at storage area, as soon as possible.",Food Services,Complaint,IND-09
SYN-03798,"Please reset the user account at north wing, when available.",IT Support,Service Request,IND-02
SYN-03799,"Please provide support to repair the lighting at level two, as soon as possible.",Facilities,Support Request,IND-10
SYN-03800,"please deliver the beverage station at storage area, today.",Food Services,Service Request,IND-04
SYN-03802,"repair water leak at level two, today.",Facilities,Service Request,IND-01
SYN-03803,"The feedback issue at reception happened again, please review.",Facilities,Complaint,IND-09
SYN-03804,"Please provide support to prepare the beverage station at level two, before noon.",Food Services,Support Request,IND-10
SYN-03805,"Wash meeting room at level two, before noon",Cleaning,Complaint,IND-09
SYN-03806,service needed: restore elevator in reception when available.,Facilities,Service Request,IND-01
SYN-03807,"The application issue at level two happened again, pls review.",IT Support,Complaint,IND-09
SYN-03808,"Replace menu at storage area, as soon as possible.",Food Services,Service Request,IND-04
SYN-03809,request to locate delivery cart - level two - as soon as possible,Logistics,Service Request,IND-03
SYN-03810,Service needed: update user account in main office this afternoon.,IT Support,Service Request,IND-02
SYN-03811,"Transfer delivery cart at north wing, this afternoon",Logistics,Service Request,IND-03
SYN-03812,Service needed: calibrate tool kit in north wing before noon.,Equipment,Service Request,IND-07
SYN-03813,"Please provide support to inspect the water leak at level two, this afternoon.",Facilities,Support Request,IND-10
SYN-03814,"Please repair the lighting at main office, as soon as possible.",Facilities,Service Request,IND-01
SYN-03815,help needed to schedule document box in reception when available.,Logistics,Support Request,IND-10
SYN-03816,Request to replace beverage station - reception - this afternoon.,Equipment,Service Request,IND-07
SYN-03817,"Please provide support to inspect the elevator at storage area, today.",Facilities,Support Request,IND-10
SYN-03818,Service needed: locate package in main office this afternoon.,Logistics,Service Request,IND-03
SYN-03820,"Connect user account at reception, this afternoon",IT Support,Service Request,IND-02
SYN-03821,"adjust lighting at north wing, as soon as possible.",Facilities,Service Request,IND-01
SYN-03822,request to schedule shipment - north wing - before noon.,Logistics,Service Request,IND-03
SYN-03823,Request to connect printer - storage area - this afternoon.,IT Support,Service Request,IND-02
SYN-03824,"Please provide support to replace the special meal at reception, this afternoon.",Food Services,Support Request,IND-10
SYN-03825,Service needed: connect printer in storage area today.,IT Support,Service Request,IND-02
SYN-03826,Service needed: inspect lighting in storage area as soon as possible.,Facilities,Service Request,IND-01
SYN-03827,"Prepare beverage station at storage area, this afternoon.",Food Services,Service Request,IND-01
SYN-03828,"The appointment issue at north wing happened again, please review.",Customer Support,Complaint,IND-09
SYN-03829,"configure user account at main office, before noon",IT Support,Service Request,IND-02
SYN-03830,Request to clean waste bin - north wing - today.,Cleaning,Service Request,IND-05
SYN-03831,"Locate delivery cart at main office, before noon.",Logistics,Service Request,IND-03
SYN-03832,"Repair water leak at reception, when available.",Facilities,Support Request,IND-10
SYN-03833,Service needed: restore elevator in north wing as soon as possible.,Facilities,Service Request,IND-01
SYN-03836,Service needed: confirm special meal in north wing as soon as possible.,Food Services,Service Request,IND-04
SYN-03837,"Please provide support to restore the air conditioner at main office, today.",Facilities,Support Request,IND-10
SYN-03838,"Please provide support to deliver the supply order at north wing, this afternoon",Logistics,Support Request,IND-10
SYN-03839,"pls provide support to sanitize the spill at storage area, as soon as possible.",Customer Support,Support Request,IND-10
SYN-03840,Service needed: transfer delivery cart in north wing when available.,Logistics,Service Request,IND-03
SYN-03841,Service needed: deliver package in storage area today.,Logistics,Service Request,IND-03
SYN-03842,service needed: reset printer in north wing today.,Food Services,Service Request,IND-04
SYN-03843,"Transfer supply order at main office, as soon as possible",Logistics,Support Request,IND-10
SYN-03844,"Please connect the user account at level two, when available.",IT Support,Service Request,IND-02
SYN-03845,"Please provide support to sanitize the waste bin at main office, as soon as possible.",Cleaning,Support Request,IND-10
SYN-03846,"Deliver supply order at north wing, as soon as possible.",Logistics,Service Request,IND-03
SYN-03847,"The visitor entrance issue at level two happened again, please review",Logistics,Complaint,IND-09
SYN-03849,"diagnose network at north wing, as soon as possible.",IT Support,Service Request,IND-02
SYN-03850,"please schedule the document box at reception, this afternoon.",Logistics,Service Request,IND-03
SYN-03851,Request to collect shipment - storage area - this afternoon.,Logistics,Service Request,IND-03
SYN-03852,"Please clean the hallway at main office, when available",Cleaning,Service Request,IND-05
SYN-03853,Request to verify visitor entrance - main office - this afternoon.,Security,Service Request,IND-06
SYN-03854,"Authorize lost item at north wing, as soon as possible.",Security,Complaint,IND-09
SYN-03856,Complaint: recurring issue with application at reception.,Food Services,Complaint,IND-09
SYN-03857,"Please provide support to inspect the projector at reception, when available.",Equipment,Support Request,IND-10
SYN-03858,Request to remove window - storage area - today.,Cleaning,Service Request,IND-05
SYN-03859,Help needed to inspect door in north wing this afternoon.,Facilities,Support Request,IND-10
SYN-03860,"The lighting issue at reception happened again, pls review.",Facilities,Complaint,IND-09
SYN-03861,"Please adjust the water leak at north wing, as soon as possible.",Facilities,Service Request,IND-01
SYN-03862,"Please authorize the access badge at level two, today.",Security,Service Request,IND-06
SYN-03864,Service needed: verify access badge in storage area when available.,Security,Service Request,IND-06
SYN-03866,Request to restore water leak - level two - today,Facilities,Service Request,IND-01
SYN-03868,"please provide support to monitor the camera at level two, today.",Food Services,Support Request,IND-10
SYN-03869,"Check air conditioner at level two, before noon",Facilities,Service Request,IND-01
SYN-03870,Request to replace office chair - level two - this afternoon.,Equipment,Service Request,IND-07
SYN-03871,"Please locate the document box at storage area, when available.",Logistics,Service Request,IND-03
SYN-03872,"The service status issue at reception happened again, please review.",Customer Support,Complaint,IND-09
SYN-03873,"Transfer package at storage area, before noon.",Logistics,Service Request,IND-03
SYN-03876,Service needed: repair air conditioner in storage area this afternoon.,Facilities,Service Request,IND-01
SYN-03877,"the power unit issue at reception happened again, please review.",Logistics,Complaint,IND-09
SYN-03878,Service needed: diagnose printer in main office as soon as possible.,IT Support,Service Request,IND-02
SYN-03879,Request to inspect door - north wing - before noon.,Facilities,Service Request,IND-01
SYN-03880,"The parking gate issue at north wing happened again, pls review.",Security,Complaint,IND-09
SYN-03881,Help needed to diagnose network in north wing when available.,IT Support,Support Request,IND-10
SYN-03882,service needed: provide tool kit in reception this afternoon.,Equipment,Service Request,IND-07
SYN-03883,"restore air conditioner at north wing, before noon",Facilities,Service Request,IND-01
SYN-03884,Service needed: wash hallway in level two when available.,Cleaning,Service Request,IND-05
SYN-03885,Request to confirm beverage station - reception - today.,Food Services,Service Request,IND-04
SYN-03887,Service needed: transfer document box in storage area this afternoon.,Facilities,Service Request,IND-01
SYN-03888,"Please provide support to locate the visitor entrance at north wing, today.",Security,Support Request,IND-10
SYN-03889,"Deliver menu at level two, today",Food Services,Service Request,IND-04
SYN-03890,complaint: recurring issue with power unit at north wing.,Equipment,Complaint,IND-09
SYN-03891,"follow up appointment at main office, today.",Customer Support,Complaint,IND-09
SYN-03892,"please provide support to review the complaint at north wing, this afternoon.",Logistics,Support Request,IND-10
SYN-03893,Service needed: sanitize meeting room in reception today,Cleaning,Service Request,IND-05
SYN-03894,"Please monitor the lost item at level two, when available.",Security,Service Request,IND-06
SYN-03895,request to calibrate power unit - storage area - today,Logistics,Service Request,IND-03
SYN-03897,Service needed: restore lighting in storage area before noon.,Facilities,Service Request,IND-01
SYN-03898,Request to replace meal order - level two - today.,Food Services,Service Request,IND-04
SYN-03899,help needed to connect application in level two today.,IT Support,Support Request,IND-10
SYN-03900,complaint: recurring issue with printer at reception.,IT Support,Complaint,IND-09
SYN-03901,"Please connect the printer at storage area, today.",IT Support,Service Request,IND-02
SYN-03902,Request to provide projector - north wing - today.,Equipment,Service Request,IND-07
SYN-03903,"pls replace the beverage station at level two, today",Food Services,Service Request,IND-04
SYN-03904,"Please inspect the portable monitor at north wing, this afternoon.",Equipment,Service Request,IND-07
SYN-03906,Request to configure laptop - level two - this afternoon.,IT Support,Service Request,IND-02
SYN-03907,"The application issue at level two happened again, please review.",IT Support,Complaint,IND-09
SYN-03908,request to clean waste bin - main office - before noon.,Customer Support,Service Request,IND-08
SYN-03909,Help needed to provide tool kit in level two today.,Equipment,Support Request,IND-10
SYN-03910,"Configure printer at storage area, when available.",IT Support,Service Request,IND-02
SYN-03911,"Please provide support to respond to the complaint at reception, as soon as possible.",Customer Support,Support Request,IND-10
SYN-03912,Complaint: recurring issue with meeting room at reception,Cleaning,Complaint,IND-09
SYN-03913,help needed to diagnose user account in reception this afternoon.,IT Support,Support Request,IND-10
SYN-03914,Service needed: confirm food tray in main office when available.,Food Services,Service Request,IND-04
SYN-03915,"Please review the special meal at reception, before noon.",Food Services,Service Request,IND-04
SYN-03916,"Please locate the shipment at north wing, before noon.",Logistics,Service Request,IND-03
SYN-03917,"Deliver food tray at storage area, when available.",Food Services,Service Request,IND-04
SYN-03918,Complaint: recurring issue with beverage station at storage area.,Food Services,Complaint,IND-09
SYN-03919,"please replace the projector at north wing, as soon as possible.",Equipment,Service Request,IND-07
SYN-03921,request to review meal order - level two - as soon as possible.,Food Services,Service Request,IND-04
SYN-03923,"Please connect the printer at reception, before noon.",IT Support,Service Request,IND-02
SYN-03924,Help needed to prepare food tray in level two today.,Food Services,Support Request,IND-10
SYN-03925,Service needed: review special meal in storage area before noon.,Food Services,Service Request,IND-04
SYN-03928,Service needed: confirm meal order in storage area as soon as possible,Facilities,Service Request,IND-01
SYN-03929,Help needed to connect laptop in north wing today.,IT Support,Support Request,IND-10
SYN-03930,"pls inspect the air conditioner at main office, before noon.",Food Services,Service Request,IND-04
SYN-03931,Request to update printer - north wing - when available.,IT Support,Service Request,IND-02
SYN-03932,"Please provide support to restore the door at level two, today.",Facilities,Support Request,IND-10
SYN-03934,Request to schedule delivery cart - storage area - as soon as possible.,Logistics,Service Request,IND-03
SYN-03936,Help needed to review access badge in storage area today.,Security,Support Request,IND-10
SYN-03937,Service needed: confirm food tray in reception today.,Food Services,Service Request,IND-04
SYN-03939,"Confirm special meal at reception, when available.",Food Services,Support Request,IND-10
SYN-03940,"Repair air conditioner at reception, before noon.",Facilities,Service Request,IND-01
SYN-03941,"The water leak issue at main office happened again, please review",Facilities,Complaint,IND-09
SYN-03942,request to locate supply order - storage area - as soon as possible.,Logistics,Service Request,IND-03
SYN-03943,service needed: configure application in north wing this afternoon.,IT Support,Service Request,IND-02
SYN-03944,Help needed to connect user account in storage area this afternoon.,IT Support,Support Request,IND-10
SYN-03945,svc needed: verify camera in main office today.,Security,Service Request,IND-07
SYN-03946,"Please diagnose the laptop at reception, as soon as possible.",IT Support,Service Request,IND-02
SYN-03947,complaint: recurring issue with network at reception,IT Support,Complaint,IND-09
SYN-03948,"Inspect air conditioner at reception, before noon.",Facilities,Support Request,IND-10
SYN-03949,Service needed: inspect office chair in main office before noon,Equipment,Service Request,IND-07
SYN-03950,Request to replace food tray - main office - before noon.,Food Services,Service Request,IND-04
SYN-03951,Service needed: inspect air conditioner in storage area as soon as possible.,Facilities,Service Request,IND-01
SYN-03952,"review lost item at north wing, before noon.",Security,Support Request,IND-10
SYN-03953,"Please connect the user account at north wing, this afternoon.",IT Support,Service Request,IND-02
SYN-03954,Request to provide office chair - storage area - when available,Equipment,Service Request,IND-07
SYN-03955,Complaint: recurring issue with water leak at reception,Facilities,Complaint,IND-09
SYN-03956,"Please verify the lost item at north wing, today.",Security,Service Request,IND-06
SYN-03957,Service needed: repair elevator in reception when available.,Facilities,Service Request,IND-01
SYN-03958,Service needed: respond to information request in north wing as soon as possible.,Customer Support,Service Request,IND-08
SYN-03959,Service needed: review food tray in storage area as soon as possible.,Food Services,Service Request,IND-04
SYN-03960,"Please repair the water leak at level two, this afternoon.",Facilities,Service Request,IND-01
SYN-03961,Help needed to sanitize hallway in level two as soon as possible.,Cleaning,Support Request,IND-10
SYN-03962,"Replace power unit at storage area, this afternoon.",Food Services,Complaint,IND-09
SYN-03964,"Please collect the delivery cart at main office, when available.",Logistics,Service Request,IND-03
SYN-03965,Service needed: adjust door in main office this afternoon.,Facilities,Service Request,IND-01
SYN-03966,"Please sanitize the hallway at level two, as soon as possible.",Cleaning,Service Request,IND-05
SYN-03967,Request to connect user account - level two - when available.,IT Support,Service Request,IND-02
SYN-03968,"repair projector at level two, when available.",Equipment,Complaint,IND-09
SYN-03969,"Please deliver the document box at main office, before noon.",Logistics,Service Request,IND-03
SYN-03970,"Schedule shipment at storage area, before noon.",Logistics,Service Request,IND-03
SYN-03971,"Reset application at north wing, this afternoon.",IT Support,Service Request,IND-02
SYN-03972,Service needed: collect package in north wing this afternoon.,Facilities,Service Request,IND-01
SYN-03973,complaint: recurring issue with window at storage area,Cleaning,Complaint,IND-03
SYN-03975,help needed to review meal order in north wing before noon.,Food Services,Support Request,IND-10
SYN-03977,Help needed to prepare meal order in storage area this afternoon,Food Services,Support Request,IND-10
SYN-03978,"Please review the complaint at storage area, today.",Customer Support,Service Request,IND-08
SYN-03979,Help needed to check door in storage area before noon.,Facilities,Support Request,IND-10
SYN-03980,Request to deliver menu - main office - this afternoon.,Food Services,Service Request,IND-04
SYN-03981,service needed: locate document box in north wing as soon as possible,Logistics,Service Request,IND-03
SYN-03982,Request to configure application - main office - as soon as possible,IT Support,Service Request,IND-02
SYN-03983,"the laptop issue at main office happened again, pls review",IT Support,Complaint,IND-09
SYN-03984,"The power unit issue at level two happened again, please review.",Equipment,Complaint,IND-09
SYN-03985,"Diagnose laptop at reception, when available.",IT Support,Service Request,IND-02
SYN-03988,Request to review special meal - storage area - as soon as possible.,Food Services,Service Request,IND-04
SYN-03989,"Clarify feedback at north wing, this afternoon.",Customer Support,Service Request,IND-06
SYN-03990,"please inspect the lighting at reception, this afternoon.",Facilities,Service Request,IND-01
SYN-03991,"Please provide support to adjust the air conditioner at storage area, as soon as possible",Logistics,Support Request,IND-10
SYN-03993,"Please provide support to review the parking gate at level two, this afternoon.",Food Services,Support Request,IND-10
SYN-03994,"locate supply order at reception, before noon.",Logistics,Service Request,IND-03
SYN-03995,help needed to collect delivery cart in main office when available.,Logistics,Support Request,IND-10
SYN-03996,"Please provide support to inspect the door at north wing, this afternoon.",Facilities,Support Request,IND-10
SYN-03997,service needed: remove meeting room in level two this afternoon.,Cleaning,Service Request,IND-05
SYN-03999,Service needed: adjust door in level two this afternoon.,Cleaning,Service Request,IND-05
SYN-04000,Service needed: provide portable monitor in reception today.,Equipment,Service Request,IND-07
SYN-04001,"Please review the feedback at storage area, today.",Customer Support,Service Request,IND-08
SYN-04002,"Inspect meeting room at reception, before noon.",Cleaning,Support Request,IND-10
SYN-04003,"please provide support to review the information request at main office, this afternoon.",Customer Support,Support Request,IND-10
SYN-04005,"Repair water leak at main office, before noon.",Facilities,Complaint,IND-09
SYN-04006,request to clean waste bin - north wing - this afternoon.,Cleaning,Service Request,IND-05
SYN-04007,"Check lighting at level two, before noon.",Facilities,Service Request,IND-01
SYN-04008,Request to confirm food tray - level two - when available,Food Services,Service Request,IND-04
SYN-04009,"Respond to feedback at north wing, today.",Customer Support,Support Request,IND-10
SYN-04010,"Please connect the user account at north wing, before noon.",IT Support,Service Request,IND-02
SYN-04012,"Please locate the package at main office, as soon as possible.",Logistics,Service Request,IND-03
SYN-04013,complaint: recurring issue with delivery cart at north wing.,Logistics,Complaint,IND-09
SYN-04014,request to connect user account - north wing - this afternoon,IT Support,Service Request,IND-02
SYN-04015,Service needed: respond to feedback in main office as soon as possible.,Customer Support,Service Request,IND-08
SYN-04016,"Please provide support to repair the air conditioner at north wing, as soon as possible",Facilities,Support Request,IND-10
SYN-04017,Service needed: configure application in level two today.,IT Support,Service Request,IND-02
SYN-04018,request to repair lighting - storage area - before noon.,Facilities,Service Request,IND-01
SYN-04019,Service needed: locate document box in storage area today.,Logistics,Service Request,IND-03
SYN-04020,Request to restore water leak - north wing - before noon.,Facilities,Service Request,IND-01
SYN-04021,"Please provide support to reset the application at level two, today.",Security,Support Request,IND-10
SYN-04022,Request to inspect hallway - storage area - when available,Cleaning,Service Request,IND-05
SYN-04023,"pls diagnose the printer at storage area, this afternoon.",IT Support,Service Request,IND-02
SYN-04024,"Please diagnose the laptop at level two, today.",IT Support,Service Request,IND-02
SYN-04025,"Please provide the portable monitor at main office, today.",Equipment,Service Request,IND-07
SYN-04026,"please provide support to provide the portable monitor at main office, this afternoon.",Equipment,Support Request,IND-10
SYN-04028,"Confirm menu at storage area, when available.",Cleaning,Complaint,IND-09
SYN-04029,Service needed: restore lighting in main office as soon as possible.,Facilities,Service Request,IND-01
SYN-04030,"Configure user account at level two, today.",IT Support,Service Request,IND-02
SYN-04031,service needed: repair elevator in level two when available.,Facilities,Service Request,IND-01
SYN-04032,"Follow up feedback at north wing, before noon.",Customer Support,Complaint,IND-09
SYN-04033,Complaint: recurring issue with beverage station at main office.,Food Services,Complaint,IND-09
SYN-04034,Complaint: recurring issue with power unit at main office,Food Services,Complaint,IND-09
SYN-04035,Help needed to replace tool kit in level two this afternoon,Equipment,Support Request,IND-10
SYN-04036,"Please inspect the air conditioner at main office, when available.",Facilities,Service Request,IND-01
SYN-04037,"pls restore the door at level two, as soon as possible.",Facilities,Service Request,IND-01
SYN-04038,Help needed to monitor access badge in level two when available.,Security,Support Request,IND-10
SYN-04039,Service needed: remove hallway in north wing before noon.,Cleaning,Service Request,IND-05
SYN-04040,request to schedule supply order - level two - this afternoon.,Cleaning,Service Request,IND-05
SYN-04041,"Inspect window at storage area, as soon as possible.",Cleaning,Support Request,IND-10
SYN-04042,Request to reset user account - main office - before noon.,IT Support,Service Request,IND-02
SYN-04043,help needed to inspect projector in main office today.,Equipment,Support Request,IND-10
SYN-04044,Complaint: recurring issue with network at reception.,IT Support,Complaint,IND-09
SYN-04045,"Please schedule the package at level two, when available.",Logistics,Service Request,IND-03
SYN-04046,Service needed: remove spill in storage area this afternoon.,Cleaning,Service Request,IND-05
SYN-04048,service needed: collect package in storage area this afternoon.,Logistics,Service Request,IND-03
SYN-04049,"the beverage station issue at reception happened again, please review.",Food Services,Complaint,IND-09
SYN-04050,"Schedule shipment at reception, before noon",Logistics,Support Request,IND-10
SYN-04051,"Transfer delivery cart at level two, as soon as possible.",Logistics,Complaint,IND-09
SYN-04052,"Configure network at north wing, as soon as possible",IT Support,Service Request,IND-02
SYN-04053,"please configure the network at north wing, as soon as possible.",IT Support,Service Request,IND-02
SYN-04055,Request to review access badge - storage area - as soon as possible.,Security,Service Request,IND-06
SYN-04057,"Please provide support to confirm the beverage station at north wing, today.",Food Services,Support Request,IND-10
SYN-04059,Request to collect supply order - level two - today.,Logistics,Service Request,IND-03
SYN-04060,"Repair lighting at storage area, when available",Facilities,Support Request,IND-10
SYN-04061,service needed: connect laptop in storage area before noon,IT Support,Service Request,IND-07
SYN-04062,"Clean meeting room at storage area, today.",Cleaning,Service Request,IND-05
SYN-04063,"Replace beverage station at main office, before noon.",Food Services,Complaint,IND-09
SYN-04064,"Please collect the delivery cart at main office, today.",Logistics,Service Request,IND-03
SYN-04065,Service needed: transfer supply order in storage area this afternoon.,Logistics,Service Request,IND-03
SYN-04066,Request to restore lighting - north wing - this afternoon.,Facilities,Service Request,IND-01
SYN-04067,"Please replace the projector at level two, before noon.",Equipment,Service Request,IND-07
SYN-04068,"The window issue at reception happened again, please review",Facilities,Complaint,IND-09
SYN-04069,service needed: deliver supply order in main office today,Logistics,Service Request,IND-03
SYN-04071,"Please transfer the document box at main office, before noon",Logistics,Service Request,IND-03
SYN-04073,Service needed: review lost item in reception before noon.,Security,Service Request,IND-06
SYN-04074,"Wash meeting room at reception, before noon.",Cleaning,Service Request,IND-05
SYN-04075,"Please provide support to review the food tray at level two, today.",Food Services,Support Request,IND-10
SYN-04076,"The meal order issue at reception happened again, please review.",Food Services,Complaint,IND-09
SYN-04078,request to update printer - north wing - before noon.,IT Support,Service Request,IND-02
SYN-04079,Service needed: connect application in level two as soon as possible.,IT Support,Service Request,IND-02
SYN-04081,complaint: recurring issue with document box at main office.,Logistics,Complaint,IND-09
SYN-04083,"deliver menu at level two, this afternoon.",Food Services,Support Request,IND-10
SYN-04084,"Please provide support to register the appointment at north wing, this afternoon",Customer Support,Support Request,IND-10
SYN-04085,Request to review menu - main office - as soon as possible.,Food Services,Service Request,IND-04
SYN-04086,service needed: connect user account in north wing today.,Facilities,Service Request,IND-01
SYN-04087,"Deliver supply order at storage area, when available.",Logistics,Support Request,IND-10
SYN-04088,Service needed: provide projector in storage area before noon,Equipment,Service Request,IND-07
SYN-04089,"please provide support to sanitize the window at main office, this afternoon.",Cleaning,Support Request,IND-10
SYN-04091,Help needed to monitor camera in level two as soon as possible.,Security,Support Request,IND-10
SYN-04092,Service needed: replace food tray in level two when available.,Food Services,Service Request,IND-04
SYN-04093,Help needed to check water leak in level two when available,Facilities,Support Request,IND-10
SYN-04094,"Please provide support to provide the power unit at level two, before noon.",Equipment,Support Request,IND-10
SYN-04096,Request to register service status - main office - when available.,Customer Support,Service Request,IND-08
SYN-04098,"the spill issue at north wing happened again, please review.",Cleaning,Complaint,IND-09
SYN-04099,Service needed: collect shipment in reception this afternoon.,Logistics,Service Request,IND-03
SYN-04100,Service needed: inspect elevator in storage area before noon.,Facilities,Service Request,IND-01
SYN-04101,Request to schedule document box - reception - this afternoon.,Logistics,Service Request,IND-03
SYN-04102,"locate shipment at main office, this afternoon.",Logistics,Complaint,IND-09
SYN-04103,complaint: recurring issue with user account at north wing.,IT Support,Complaint,IND-09
SYN-04105,"Calibrate power unit at level two, when available.",Equipment,Service Request,IND-07
SYN-04106,request to collect supply order - reception - today.,Logistics,Service Request,IND-03
SYN-04108,"Please restore the lighting at level two, this afternoon",Facilities,Service Request,IND-01
SYN-04109,"The waste bin issue at level two happened again, please review.",Cleaning,Complaint,IND-09
SYN-04110,request to restore air conditioner - main office - before noon.,Facilities,Service Request,IND-01
SYN-04111,"Review feedback at main office, this afternoon.",Customer Support,Service Request,IND-08
SYN-04112,"Please review the parking gate at storage area, before noon.",Security,Service Request,IND-06
SYN-04113,"please configure the laptop at storage area, today.",IT Support,Service Request,IND-02
SYN-04114,Request to register service status - storage area - this afternoon.,Customer Support,Service Request,IND-08
SYN-04115,Request to inspect elevator - storage area - this afternoon.,Facilities,Service Request,IND-01
SYN-04116,Service needed: transfer shipment in reception when available.,Logistics,Service Request,IND-03
SYN-04118,"Please provide support to authorize the visitor entrance at reception, today.",Customer Support,Support Request,IND-10
SYN-04119,complaint: recurring issue with lost item at north wing.,Security,Complaint,IND-09
SYN-04120,Request to review access badge - reception - today.,Security,Service Request,IND-06
SYN-04121,Request to collect delivery cart - north wing - when available.,Logistics,Service Request,IND-03
SYN-04122,Service needed: deliver document box in reception today.,Logistics,Service Request,IND-03
SYN-04124,"Please locate the lost item at north wing, today.",Security,Service Request,IND-06
SYN-04125,"Please remove the spill at north wing, before noon.",Cleaning,Service Request,IND-05
SYN-04126,Help needed to prepare special meal in reception today.,Food Services,Support Request,IND-10
SYN-04127,Service needed: restore air conditioner in north wing today.,Facilities,Service Request,IND-01
SYN-04128,request to repair tool kit - north wing - today,Equipment,Service Request,IND-07
SYN-04129,"Please update the laptop at reception, before noon.",IT Support,Service Request,IND-02
SYN-04130,"Please provide support to configure the application at reception, today.",IT Support,Support Request,IND-10
SYN-04131,Service needed: repair elevator in level two this afternoon,Facilities,Service Request,IND-01
SYN-04132,"Inspect door at storage area, this afternoon",Facilities,Complaint,IND-09
SYN-04133,Request to inspect waste bin - north wing - when available.,Cleaning,Service Request,IND-05
SYN-04134,request to repair air conditioner - main office - this afternoon,Facilities,Service Request,IND-08
SYN-04135,Service needed: reset network in north wing when available.,IT Support,Service Request,IND-02
SYN-04136,Service needed: deliver menu in reception this afternoon.,Food Services,Service Request,IND-04
SYN-04137,Request to configure laptop - reception - before noon.,IT Support,Service Request,IND-02
SYN-04138,"Please provide support to adjust the elevator at reception, before noon.",Facilities,Support Request,IND-10
SYN-04139,"please prepare the food tray at level two, before noon.",Food Services,Service Request,IND-04
SYN-04140,Request to collect shipment - level two - before noon.,Logistics,Service Request,IND-03
SYN-04141,Service needed: remove spill in reception before noon.,Cleaning,Service Request,IND-05
SYN-04142,"Please repair the projector at level two, as soon as possible",Security,Service Request,IND-06
SYN-04144,"Adjust air conditioner at storage area, today.",Facilities,Service Request,IND-01
SYN-04146,"inspect meeting room at reception, today.",Cleaning,Service Request,IND-05
SYN-04147,"please connect the network at reception, today.",IT Support,Service Request,IND-02
SYN-04148,service needed: clean meeting room in level two today.,Logistics,Service Request,IND-03
SYN-04150,"Please provide support to deliver the special meal at level two, this afternoon.",Food Services,Support Request,IND-10
SYN-04151,"The parking gate issue at storage area happened again, please review.",Security,Complaint,IND-04
SYN-04152,Service needed: replace power unit in storage area before noon.,Equipment,Service Request,IND-07
SYN-04153,service needed: adjust air conditioner in north wing today.,Facilities,Service Request,IND-01
SYN-04154,"Please update the application at storage area, as soon as possible",IT Support,Service Request,IND-02
SYN-04155,help needed to check water leak in north wing when available.,Facilities,Support Request,IND-10
SYN-04156,"Please provide support to respond to the appointment at level two, when available.",Facilities,Support Request,IND-10
SYN-04157,"Restore air conditioner at storage area, as soon as possible.",Facilities,Service Request,IND-01
SYN-04158,"Please provide support to remove the window at main office, as soon as possible.",Cleaning,Support Request,IND-10
SYN-04159,"Please replace the portable monitor at reception, before noon.",Security,Service Request,IND-06
SYN-04160,Help needed to wash spill in north wing this afternoon.,Cleaning,Support Request,IND-10
SYN-04161,service needed: replace meal order in main office when available.,Food Services,Service Request,IND-08
SYN-04162,"Verify camera at reception, when available.",Security,Service Request,IND-06
SYN-04163,Request to deliver shipment - level two - before noon.,Logistics,Service Request,IND-03
SYN-04164,request to transfer supply order - level two - when available.,Logistics,Service Request,IND-03
SYN-04165,Service needed: restore lighting in reception before noon.,Facilities,Service Request,IND-01
SYN-04169,"replace beverage station at level two, before noon.",Food Services,Service Request,IND-04
SYN-04171,"Please repair the air conditioner at north wing, when available",Facilities,Service Request,IND-01
SYN-04172,"please provide support to connect the application at level two, when available.",IT Support,Support Request,IND-01
SYN-04174,"Please configure the user account at level two, when available.",IT Support,Service Request,IND-02
SYN-04175,Request to verify lost item - storage area - this afternoon.,Security,Service Request,IND-06
SYN-04176,Request to configure user account - north wing - today.,Logistics,Service Request,IND-03
SYN-04177,service needed: prepare food tray in level two when available.,Food Services,Service Request,IND-04
SYN-04178,"Prepare food tray at level two, before noon.",Food Services,Complaint,IND-09
SYN-04179,Request to diagnose user account - north wing - when available.,IT Support,Service Request,IND-02
SYN-04180,Request to update laptop - reception - today.,IT Support,Service Request,IND-02
SYN-04181,Service needed: adjust air conditioner in level two today.,Facilities,Service Request,IND-01
SYN-04183,Request to diagnose application - reception - today.,IT Support,Service Request,IND-02
SYN-04184,"Please repair the portable monitor at storage area, as soon as possible.",Equipment,Service Request,IND-07
SYN-04185,Service needed: confirm food tray in north wing as soon as possible.,Food Services,Service Request,IND-04
SYN-04186,"the application issue at level two happened again, please review",IT Support,Complaint,IND-09
SYN-04187,"Please inspect the door at level two, as soon as possible.",Facilities,Service Request,IND-01
SYN-04188,"Please provide support to clean the window at north wing, as soon as possible",Cleaning,Support Request,IND-10
SYN-04190,"Sanitize waste bin at main office, as soon as possible.",Cleaning,Support Request,IND-10
SYN-04193,"Please inspect the office chair at north wing, before noon.",Equipment,Service Request,IND-07
SYN-04194,Service needed: sanitize hallway in main office today.,Cleaning,Service Request,IND-05
SYN-04195,"Please remove the waste bin at north wing, today.",Cleaning,Service Request,IND-05
SYN-04197,Service needed: prepare food tray in reception this afternoon.,Food Services,Service Request,IND-04
SYN-04198,"please provide support to remove the meeting room at storage area, before noon",Cleaning,Support Request,IND-10
SYN-04200,Request to locate package - reception - as soon as possible.,Logistics,Service Request,IND-03
SYN-04201,Service needed: calibrate tool kit in reception when available.,Cleaning,Service Request,IND-05
SYN-04202,complaint: recurring issue with beverage station at main office.,Food Services,Complaint,IND-09
SYN-04203,Request to clarify complaint - storage area - today.,Customer Support,Service Request,IND-08
SYN-04204,"Repair lighting at reception, when available.",Facilities,Complaint,IND-09
SYN-04205,Help needed to inspect door in level two today.,Facilities,Support Request,IND-10
SYN-04206,"Please connect the application at main office, this afternoon.",IT Support,Service Request,IND-02
SYN-04207,"Inspect water leak at storage area, as soon as possible.",Facilities,Service Request,IND-01
SYN-04208,Service needed: wash spill in level two as soon as possible.,Cleaning,Service Request,IND-05
SYN-04210,Request to clean window - reception - this afternoon.,Cleaning,Service Request,IND-05
SYN-04212,Help needed to locate visitor entrance in north wing as soon as possible.,Security,Support Request,IND-04
SYN-04214,"Please diagnose the network at storage area, as soon as possible.",Food Services,Service Request,IND-04
SYN-04215,"Inspect office chair at level two, before noon.",Equipment,Service Request,IND-07
SYN-04216,Service needed: deliver supply order in reception today.,Logistics,Service Request,IND-03
SYN-04218,Service needed: clean spill in storage area before noon.,Cleaning,Service Request,IND-05
SYN-04219,"Prepare menu at main office, this afternoon.",Food Services,Service Request,IND-04
SYN-04220,"the elevator issue at level two happened again, pls review.",Logistics,Complaint,IND-05
SYN-04221,"Please provide support to check the elevator at reception, when available",Facilities,Support Request,IND-10
SYN-04222,complaint: recurring issue with printer at north wing.,IT Support,Complaint,IND-09
SYN-04223,"Restore water leak at reception, when available.",Facilities,Service Request,IND-01
SYN-04224,"Monitor lost item at reception, as soon as possible.",Security,Service Request,IND-06
SYN-04225,"The beverage station issue at level two happened again, please review.",Food Services,Complaint,IND-09
SYN-04226,"Inspect door at storage area, as soon as possible.",Facilities,Service Request,IND-01
SYN-04228,"The elevator issue at reception happened again, pls review",Facilities,Complaint,IND-09
SYN-04230,"Please check the air conditioner at level two, today.",Facilities,Service Request,IND-01
SYN-04231,"Repair projector at north wing, today",Equipment,Service Request,IND-07
SYN-04232,"Provide power unit at reception, before noon.",Equipment,Service Request,IND-07
SYN-04233,"please provide support to calibrate the office chair at storage area, today.",Equipment,Support Request,IND-10
SYN-04235,"The laptop issue at level two happened again, please review",IT Support,Complaint,IND-09
SYN-04236,"Please monitor the access badge at level two, this afternoon.",Security,Service Request,IND-06
SYN-04237,Help needed to update printer in reception this afternoon.,IT Support,Support Request,IND-10
SYN-04238,Service needed: adjust lighting in north wing when available.,Facilities,Service Request,IND-01
SYN-04239,"The special meal issue at main office happened again, please review.",Food Services,Complaint,IND-09
SYN-04240,request to inspect air conditioner - storage area - as soon as possible.,Food Services,Service Request,IND-04
SYN-04242,"Please provide support to configure the user account at north wing, this afternoon.",IT Support,Support Request,IND-10
SYN-04243,"Please update the user account at storage area, this afternoon.",IT Support,Service Request,IND-02
SYN-04244,Complaint: recurring issue with laptop at storage area,IT Support,Complaint,IND-09
SYN-04247,complaint: recurring issue with shipment at north wing.,Logistics,Complaint,IND-09
SYN-04248,Request to wash spill - storage area - as soon as possible,Equipment,Service Request,IND-07
SYN-04249,"please connect the user account at level two, today.",IT Support,Service Request,IND-02
SYN-04250,"Please authorize the lost item at north wing, when available.",Security,Service Request,IND-06
SYN-04251,"The meeting room issue at main office happened again, please review",Cleaning,Complaint,IND-09
SYN-04253,Service needed: repair lighting in main office today,Facilities,Service Request,IND-01
SYN-04254,"Please check the door at storage area, before noon",IT Support,Service Request,IND-02
SYN-04255,Service needed: adjust lighting in level two today,Facilities,Service Request,IND-01
SYN-04256,Service needed: deliver delivery cart in storage area this afternoon.,Logistics,Service Request,IND-03
SYN-04257,Help needed to calibrate projector in storage area before noon,Equipment,Support Request,IND-10
SYN-04258,"please provide support to connect the laptop at reception, as soon as possible",IT Support,Support Request,IND-10
SYN-04259,Request to reset laptop - reception - when available.,IT Support,Service Request,IND-02
SYN-04260,"Please provide support to diagnose the application at reception, this afternoon.",IT Support,Support Request,IND-10
SYN-04261,Request to inspect portable monitor - reception - this afternoon.,Food Services,Service Request,IND-04
SYN-04262,"Monitor parking gate at reception, before noon.",Security,Support Request,IND-10
SYN-04263,"the laptop issue at reception happened again, please review.",IT Support,Complaint,IND-09
SYN-04264,Help needed to schedule shipment in north wing as soon as possible.,Logistics,Support Request,IND-10
SYN-04265,"Please diagnose the laptop at main office, this afternoon.",IT Support,Service Request,IND-02
SYN-04266,help needed to diagnose laptop in reception before noon.,IT Support,Support Request,IND-10
SYN-04267,Request to deliver supply order - level two - as soon as possible.,Logistics,Service Request,IND-03
SYN-04268,Service needed: inspect projector in storage area as soon as possible.,Equipment,Service Request,IND-07
SYN-04269,"Restore air conditioner at reception, today",Facilities,Service Request,IND-01
SYN-04270,Request to adjust lighting - reception - as soon as possible.,Facilities,Service Request,IND-01
SYN-04271,"please provide support to inspect the door at main office, this afternoon.",Facilities,Support Request,IND-10
SYN-04272,Service needed: review special meal in north wing today.,Food Services,Service Request,IND-04
SYN-04274,"Wash waste bin at storage area, when available",Cleaning,Complaint,IND-09
SYN-04275,Service needed: reset network in reception this afternoon,IT Support,Service Request,IND-02
SYN-04276,"calibrate office chair at main office, this afternoon.",Equipment,Support Request,IND-10
SYN-04277,"Please provide support to connect the network at main office, as soon as possible",IT Support,Support Request,IND-10
SYN-04279,"Please reset the application at main office, today",IT Support,Service Request,IND-02
SYN-04280,"Please remove the meeting room at north wing, today.",Cleaning,Service Request,IND-05
SYN-04281,"please provide support to check the elevator at storage area, as soon as possible.",IT Support,Support Request,IND-10
SYN-04282,"Please provide support to deliver the food tray at storage area, this afternoon.",Food Services,Support Request,IND-10
SYN-04283,Service needed: restore lighting in storage area as soon as possible.,Facilities,Service Request,IND-01
SYN-04284,"Please monitor the lost item at reception, as soon as possible.",Security,Service Request,IND-06
SYN-04285,service needed: connect printer in reception this afternoon.,Facilities,Service Request,IND-01
SYN-04286,"please provide the projector at main office, before noon.",Facilities,Service Request,IND-01
SYN-04287,"Please restore the lighting at level two, today.",Facilities,Service Request,IND-01
SYN-04288,"Please collect the shipment at main office, before noon.",Logistics,Service Request,IND-03
SYN-04289,"Reset printer at level two, before noon.",IT Support,Service Request,IND-02
SYN-04290,"restore elevator at reception, when available.",Facilities,Service Request,IND-01
SYN-04291,"Please verify the lost item at storage area, before noon.",Security,Service Request,IND-06
SYN-04292,"please deliver the delivery cart at storage area, today.",Logistics,Service Request,IND-03
SYN-04294,Help needed to schedule document box in main office when available,Equipment,Support Request,IND-10
SYN-04295,"Calibrate tool kit at main office, as soon as possible",Logistics,Complaint,IND-09
SYN-04296,Complaint: recurring issue with application at reception.,IT Support,Complaint,IND-09
SYN-04297,Service needed: sanitize window in level two before noon,Security,Service Request,IND-06
SYN-04298,Complaint: recurring issue with shipment at storage area.,Logistics,Complaint,IND-09
SYN-04299,"Please respond to the feedback at level two, when available.",Customer Support,Service Request,IND-08
SYN-04300,"Please schedule the supply order at storage area, this afternoon.",Food Services,Service Request,IND-08
SYN-04301,"Please monitor the lost item at main office, before noon.",Security,Service Request,IND-06
SYN-04302,"Inspect water leak at reception, this afternoon.",Facilities,Service Request,IND-01
SYN-04303,"please clean the hallway at north wing, today.",Cleaning,Service Request,IND-05
SYN-04304,"Please remove the hallway at storage area, when available",Cleaning,Service Request,IND-05
SYN-04305,Help needed to inspect water leak in reception today.,Security,Support Request,IND-10
SYN-04306,"Replace projector at main office, as soon as possible.",Equipment,Support Request,IND-10
SYN-04307,Help needed to check door in reception before noon.,Facilities,Support Request,IND-10
SYN-04308,"The supply order issue at reception happened again, please review.",IT Support,Complaint,IND-09
SYN-04309,Request to replace meal order - storage area - when available.,Food Services,Service Request,IND-04
SYN-04310,Request to clarify complaint - reception - as soon as possible.,Food Services,Service Request,IND-04
SYN-04311,Help needed to repair power unit in main office as soon as possible.,Equipment,Support Request,IND-10
SYN-04312,Service needed: sanitize window in reception this afternoon.,Cleaning,Service Request,IND-05
SYN-04313,"please calibrate the power unit at main office, this afternoon",Equipment,Service Request,IND-07
SYN-04314,Request to locate package - level two - today.,Logistics,Service Request,IND-03
SYN-04316,request to configure laptop - main office - as soon as possible,IT Support,Service Request,IND-02
SYN-04317,"Please provide support to adjust the lighting at main office, today",Facilities,Support Request,IND-10
SYN-04318,"Please provide support to restore the air conditioner at level two, before noon.",Facilities,Support Request,IND-10
SYN-04319,Service needed: diagnose laptop in reception before noon.,IT Support,Service Request,IND-02
SYN-04320,"Please provide support to restore the air conditioner at main office, this afternoon.",Facilities,Support Request,IND-10
SYN-04321,"The supply order issue at north wing happened again, please review.",Logistics,Complaint,IND-09
SYN-04322,"Please clarify the feedback at reception, today",Customer Support,Service Request,IND-08
SYN-04323,"Please provide support to reset the laptop at level two, today.",IT Support,Support Request,IND-10
SYN-04324,Request to remove meeting room - storage area - as soon as possible,Equipment,Service Request,IND-07
SYN-04325,"Inspect office chair at main office, before noon",Equipment,Service Request,IND-07
SYN-04326,Service needed: review visitor entrance in main office when available.,Security,Service Request,IND-06
SYN-04327,"collect supply order at level two, this afternoon.",Logistics,Support Request,IND-10
SYN-04328,Service needed: wash waste bin in reception as soon as possible.,Cleaning,Service Request,IND-05
SYN-04329,"pls provide the power unit at main office, before noon.",Equipment,Service Request,IND-07
SYN-04330,Request to collect supply order - storage area - before noon.,Logistics,Service Request,IND-03
SYN-04331,svc needed: review lost item in north wing when available.,Security,Service Request,IND-06
SYN-04332,Request to diagnose laptop - level two - when available,IT Support,Service Request,IND-02
SYN-04333,"Please calibrate the projector at reception, as soon as possible.",Equipment,Service Request,IND-07
SYN-04334,Service needed: deliver food tray in storage area today.,Food Services,Service Request,IND-04
SYN-04335,service needed: calibrate projector in main office as soon as possible.,Equipment,Service Request,IND-07
SYN-04336,Help needed to repair air conditioner in north wing this afternoon.,Facilities,Support Request,IND-10
SYN-04338,Help needed to update user account in north wing when available.,IT Support,Support Request,IND-10
SYN-04339,Request to remove waste bin - reception - this afternoon.,Cleaning,Service Request,IND-05
SYN-04340,Request to repair lighting - reception - before noon.,Facilities,Service Request,IND-01
SYN-04341,Help needed to review feedback in reception today.,Customer Support,Support Request,IND-10
SYN-04342,"Please deliver the meal order at storage area, today.",Food Services,Service Request,IND-04
SYN-04343,"Repair door at level two, as soon as possible.",Facilities,Support Request,IND-10
SYN-04344,"please provide support to locate the delivery cart at reception, this afternoon.",Logistics,Support Request,IND-10
SYN-04345,Request to deliver beverage station - reception - this afternoon.,Food Services,Service Request,IND-04
SYN-04346,Request to transfer document box - storage area - as soon as possible.,Logistics,Service Request,IND-03
SYN-04347,"The shipment issue at level two happened again, pls review.",Logistics,Complaint,IND-02
SYN-04348,Service needed: connect network in north wing when available.,IT Support,Service Request,IND-02
SYN-04350,Request to adjust water leak - north wing - today.,Food Services,Service Request,IND-04
SYN-04351,Help needed to clean window in north wing today.,Cleaning,Support Request,IND-10
SYN-04353,"Please provide support to wash the meeting room at main office, before noon",Cleaning,Support Request,IND-10
SYN-04354,Request to provide power unit - level two - today.,Cleaning,Service Request,IND-05
SYN-04355,Request to review complaint - north wing - today.,Customer Support,Service Request,IND-08
SYN-04356,"Locate package at storage area, today.",Logistics,Support Request,IND-10
SYN-04357,"Restore lighting at north wing, as soon as possible.",Facilities,Complaint,IND-09
SYN-04358,"Please provide support to deliver the shipment at north wing, as soon as possible.",Logistics,Support Request,IND-10
SYN-04359,"Collect supply order at north wing, this afternoon.",Logistics,Support Request,IND-10
SYN-04360,Service needed: clean spill in storage area today.,Cleaning,Service Request,IND-05
SYN-04361,"Please provide the tool kit at north wing, as soon as possible.",Equipment,Service Request,IND-07
SYN-04362,Request to adjust door - level two - as soon as possible.,Facilities,Service Request,IND-01
SYN-04363,"Wash waste bin at level two, this afternoon.",Cleaning,Complaint,IND-09
SYN-04364,Service needed: prepare meal order in reception before noon.,Food Services,Service Request,IND-04
SYN-04365,"Please provide support to check the air conditioner at storage area, today",Facilities,Support Request,IND-10
SYN-04366,service needed: diagnose network in main office today.,IT Support,Service Request,IND-02
SYN-04368,"please provide support to monitor the access badge at main office, today.",Security,Support Request,IND-10
SYN-04371,"The information request issue at main office happened again, please review.",Customer Support,Complaint,IND-09
SYN-04372,"Please provide support to inspect the water leak at north wing, when available.",Facilities,Support Request,IND-10
SYN-04373,Help needed to check lighting in level two before noon,Facilities,Support Request,IND-10
SYN-04375,Service needed: reset application in level two when available.,IT Support,Service Request,IND-02
SYN-04376,Request to prepare meal order - storage area - this afternoon.,Food Services,Service Request,IND-04
SYN-04377,service needed: configure application in storage area today.,IT Support,Service Request,IND-02
SYN-04378,"Please provide support to diagnose the user account at main office, this afternoon.",IT Support,Support Request,IND-10
SYN-04379,"Please inspect the air conditioner at reception, before noon.",Facilities,Service Request,IND-01
SYN-04380,Request to review special meal - north wing - when available,Food Services,Service Request,IND-04
SYN-04381,"please update the laptop at level two, this afternoon",IT Support,Service Request,IND-07
SYN-04382,service needed: replace menu in main office when available.,Food Services,Service Request,IND-04
SYN-04383,Help needed to replace special meal in north wing this afternoon.,Food Services,Support Request,IND-10
SYN-04384,"Please inspect the water leak at main office, before noon",Facilities,Service Request,IND-01
SYN-04385,request to adjust door - north wing - today.,Facilities,Service Request,IND-01
SYN-04386,request to sanitize window - reception - as soon as possible.,Cleaning,Service Request,IND-05
SYN-04387,Request to transfer delivery cart - storage area - before noon.,Logistics,Service Request,IND-03
SYN-04388,Request to clean waste bin - reception - this afternoon.,Cleaning,Service Request,IND-05
SYN-04390,help needed to authorize camera in main office before noon.,Facilities,Support Request,IND-10
SYN-04391,Help needed to authorize access badge in reception this afternoon,Security,Support Request,IND-06
SYN-04392,Request to deliver meal order - main office - as soon as possible.,Food Services,Service Request,IND-04
SYN-04393,"Please provide support to register the information request at reception, today.",Customer Support,Support Request,IND-10
SYN-04394,Request to deliver package - storage area - before noon.,Logistics,Service Request,IND-03
SYN-04395,"The menu issue at reception happened again, please review",Food Services,Complaint,IND-09
SYN-04396,Help needed to diagnose application in storage area when available.,IT Support,Support Request,IND-10
SYN-04397,"Review beverage station at main office, before noon.",Food Services,Service Request,IND-04
SYN-04398,"Please adjust the water leak at north wing, as soon as possible",Facilities,Service Request,IND-01
SYN-04399,request to inspect lighting - storage area - as soon as possible.,Facilities,Service Request,IND-01
SYN-04400,Request to repair lighting - main office - today.,IT Support,Service Request,IND-02
SYN-04401,"Schedule shipment at reception, today",Logistics,Service Request,IND-03
SYN-04402,Service needed: repair portable monitor in storage area before noon.,Equipment,Service Request,IND-07
SYN-04403,Complaint: recurring issue with waste bin at level two.,Equipment,Complaint,IND-09
SYN-04404,"the laptop issue at level two happened again, please review",IT Support,Complaint,IND-09
SYN-04405,"Clean hallway at north wing, as soon as possible",Cleaning,Complaint,IND-09
SYN-04406,Service needed: clean window in level two before noon.,Cleaning,Service Request,IND-03
SYN-04407,complaint: recurring issue with beverage station at level two.,Food Services,Complaint,IND-09
SYN-04408,Request to confirm food tray - reception - when available.,Food Services,Service Request,IND-04
SYN-04409,"Calibrate office chair at level two, when available.",Equipment,Complaint,IND-09
SYN-04411,"Please reset the application at reception, this afternoon.",IT Support,Service Request,IND-02
SYN-04412,Help needed to repair elevator in level two this afternoon.,IT Support,Support Request,IND-10
SYN-04413,Service needed: repair portable monitor in level two today.,Equipment,Service Request,IND-07
SYN-04414,Complaint: recurring issue with user account at level two.,Equipment,Complaint,IND-09
SYN-04415,"please monitor the visitor entrance at reception, this afternoon.",Security,Service Request,IND-06
SYN-04416,Service needed: configure laptop in north wing today.,IT Support,Service Request,IND-02
SYN-04418,"connect printer at main office, as soon as possible.",IT Support,Support Request,IND-10
SYN-04419,"Please provide support to review the information request at storage area, as soon as possible.",Customer Support,Support Request,IND-10
SYN-04421,"please check the air conditioner at main office, today.",Facilities,Service Request,IND-01
SYN-04422,Request to restore elevator - storage area - this afternoon.,Facilities,Service Request,IND-01
SYN-04423,"Please locate the access badge at north wing, when available",Security,Service Request,IND-06
SYN-04426,"Please provide support to review the visitor entrance at level two, when available.",Security,Support Request,IND-10
SYN-04427,"Please repair the lighting at level two, this afternoon.",Facilities,Service Request,IND-01
SYN-04428,Request to configure printer - reception - when available.,IT Support,Service Request,IND-02
SYN-04429,Help needed to transfer document box in main office before noon.,Logistics,Support Request,IND-10
SYN-04430,"please inspect the water leak at level two, before noon.",Facilities,Service Request,IND-01
SYN-04431,service needed: update user account in reception this afternoon.,IT Support,Service Request,IND-02
SYN-04432,"Transfer delivery cart at north wing, this afternoon.",Logistics,Support Request,IND-10
SYN-04433,Help needed to inspect projector in north wing today.,Equipment,Support Request,IND-10
SYN-04435,"Please inspect the window at reception, as soon as possible.",Cleaning,Service Request,IND-05
SYN-04436,Service needed: inspect waste bin in main office when available.,Cleaning,Service Request,IND-05
SYN-04437,"Schedule package at main office, as soon as possible.",Logistics,Service Request,IND-03
SYN-04438,"The access badge issue at main office happened again, please review.",Food Services,Complaint,IND-09
SYN-04439,Service needed: inspect air conditioner in main office this afternoon.,Facilities,Service Request,IND-01
SYN-04440,Complaint: recurring issue with portable monitor at north wing,Facilities,Complaint,IND-09
SYN-04441,Service needed: restore door in level two when available.,Facilities,Service Request,IND-01
SYN-04442,Service needed: check lighting in reception when available.,Facilities,Service Request,IND-01
SYN-04443,Service needed: clarify service status in main office this afternoon.,Customer Support,Service Request,IND-08
SYN-04444,Service needed: connect printer in storage area when available.,IT Support,Service Request,IND-02
SYN-04445,Complaint: recurring issue with user account at level two.,IT Support,Complaint,IND-09
SYN-04446,"Please provide support to update the laptop at north wing, this afternoon.",IT Support,Support Request,IND-10
SYN-04447,Service needed: inspect waste bin in north wing this afternoon.,Cleaning,Service Request,IND-05
SYN-04448,Help needed to transfer document box in reception as soon as possible.,Logistics,Support Request,IND-10
SYN-04449,Request to repair elevator - level two - today.,Facilities,Service Request,IND-01
SYN-04450,"Restore elevator at storage area, this afternoon.",Facilities,Service Request,IND-01
SYN-04451,"Collect shipment at storage area, as soon as possible.",Logistics,Support Request,IND-10
SYN-04452,"Adjust door at north wing, before noon.",Facilities,Complaint,IND-09
SYN-04453,"Please provide support to confirm the special meal at level two, today",Food Services,Support Request,IND-10
SYN-04454,request to adjust air conditioner - main office - before noon.,Facilities,Service Request,IND-01
SYN-04455,Service needed: deliver delivery cart in storage area as soon as possible.,Logistics,Service Request,IND-03
SYN-04456,Help needed to monitor lost item in main office before noon.,Security,Support Request,IND-10
SYN-04458,"Please locate the camera at main office, as soon as possible.",Security,Service Request,IND-06
SYN-04459,Complaint: recurring issue with portable monitor at reception.,Equipment,Complaint,IND-09
SYN-04461,"Please prepare the menu at reception, before noon.",Food Services,Service Request,IND-04
SYN-04462,"please provide support to deliver the supply order at reception, today.",Logistics,Support Request,IND-10
SYN-04463,Complaint: recurring issue with delivery cart at main office,IT Support,Complaint,IND-09
SYN-04464,Request to repair lighting - north wing - this afternoon.,Facilities,Service Request,IND-01
SYN-04465,"Please follow up the feedback at storage area, before noon.",IT Support,Service Request,IND-02
SYN-04466,Complaint: recurring issue with projector at storage area.,Equipment,Complaint,IND-09
SYN-04467,Service needed: collect delivery cart in main office this afternoon.,Logistics,Service Request,IND-03
SYN-04468,Help needed to adjust water leak in reception when available.,Facilities,Support Request,IND-10
SYN-04469,"Repair door at north wing, this afternoon.",Facilities,Service Request,IND-01
SYN-04470,request to review visitor entrance - north wing - today.,Security,Service Request,IND-06
SYN-04471,service needed: transfer delivery cart in main office this afternoon.,Facilities,Service Request,IND-01
SYN-04473,Help needed to deliver document box in north wing when available,Logistics,Support Request,IND-08
SYN-04474,Help needed to replace menu in main office as soon as possible,Food Services,Support Request,IND-10
SYN-04475,"Please provide support to configure the application at main office, this afternoon.",IT Support,Support Request,IND-10
SYN-04476,Service needed: monitor parking gate in reception as soon as possible.,Security,Service Request,IND-06
SYN-04477,Service needed: locate shipment in north wing as soon as possible,Logistics,Service Request,IND-03
SYN-04478,"Please diagnose the user account at reception, today.",IT Support,Service Request,IND-02
SYN-04479,Help needed to configure application in storage area today.,IT Support,Support Request,IND-10
SYN-04480,Help needed to transfer supply order in north wing before noon.,Logistics,Support Request,IND-10
SYN-04481,Request to replace office chair - north wing - today.,Equipment,Service Request,IND-07
SYN-04482,Service needed: wash spill in north wing as soon as possible.,Cleaning,Service Request,IND-05
SYN-04483,"The lighting issue at level two happened again, pls review.",Facilities,Complaint,IND-09
SYN-04485,"please configure the user account at level two, as soon as possible.",IT Support,Service Request,IND-02
SYN-04486,"please respond to the complaint at storage area, when available",Customer Support,Service Request,IND-08
SYN-04487,"update user account at storage area, before noon.",IT Support,Complaint,IND-09
SYN-04488,"Diagnose network at main office, before noon",IT Support,Service Request,IND-02
SYN-04489,Complaint: recurring issue with laptop at storage area.,IT Support,Complaint,IND-09
SYN-04490,"Restore elevator at reception, before noon.",Facilities,Service Request,IND-01
SYN-04491,request to sanitize hallway - level two - this afternoon.,Cleaning,Service Request,IND-05
SYN-04492,Service needed: authorize visitor entrance in level two today.,Security,Service Request,IND-06
SYN-04493,"Deliver menu at north wing, today.",Customer Support,Complaint,IND-09
SYN-04494,complaint: recurring issue with complaint at reception.,Customer Support,Complaint,IND-09
SYN-04495,"monitor visitor entrance at reception, this afternoon.",Security,Service Request,IND-06
SYN-04496,Request to configure user account - storage area - before noon,IT Support,Service Request,IND-02
SYN-04497,Complaint: recurring issue with power unit at north wing,Equipment,Complaint,IND-09
SYN-04498,"The laptop issue at main office happened again, please review.",IT Support,Complaint,IND-09
SYN-04499,service needed: repair elevator in storage area today.,Facilities,Service Request,IND-02
SYN-04501,"Adjust elevator at reception, as soon as possible",Facilities,Support Request,IND-10
SYN-04502,Request to review special meal - main office - this afternoon.,IT Support,Service Request,IND-02
SYN-04503,"Please repair the elevator at main office, this afternoon",Facilities,Service Request,IND-01
SYN-04504,"Please collect the supply order at north wing, this afternoon.",Logistics,Service Request,IND-03
SYN-04505,Help needed to clean meeting room in north wing this afternoon.,Cleaning,Support Request,IND-10
SYN-04506,service needed: update laptop in level two when available.,IT Support,Service Request,IND-02
SYN-04507,Request to confirm special meal - level two - as soon as possible,Food Services,Service Request,IND-04
SYN-04508,"deliver package at level two, today",Logistics,Service Request,IND-03
SYN-04510,"Schedule supply order at level two, as soon as possible.",Food Services,Complaint,IND-09
SYN-04511,"Please diagnose the printer at reception, when available.",IT Support,Service Request,IND-02
SYN-04512,request to repair door - north wing - today.,Facilities,Service Request,IND-01
SYN-04513,"Please update the laptop at storage area, when available.",IT Support,Service Request,IND-02
SYN-04514,"Please configure the application at storage area, today.",IT Support,Service Request,IND-02
SYN-04515,"please transfer the delivery cart at main office, this afternoon.",Logistics,Service Request,IND-03
SYN-04516,Service needed: configure printer in main office as soon as possible.,IT Support,Service Request,IND-02
SYN-04517,Complaint: recurring issue with window at reception.,Cleaning,Complaint,IND-09
SYN-04518,Request to clean spill - reception - as soon as possible.,Cleaning,Service Request,IND-05
SYN-04519,"Please inspect the lighting at reception, before noon.",Facilities,Service Request,IND-01
SYN-04520,Help needed to reset printer in north wing before noon.,IT Support,Support Request,IND-10
SYN-04521,Help needed to transfer supply order in level two as soon as possible.,Logistics,Support Request,IND-10
SYN-04522,help needed to restore air conditioner in reception before noon.,Facilities,Support Request,IND-10
SYN-04523,Complaint: recurring issue with lost item at reception.,Security,Complaint,IND-09
SYN-04524,"Restore air conditioner at reception, when available.",IT Support,Complaint,IND-09
SYN-04525,Help needed to reset network in level two when available.,IT Support,Support Request,IND-10
SYN-04526,"Please deliver the special meal at north wing, as soon as possible.",Food Services,Service Request,IND-04
SYN-04528,Help needed to prepare beverage station in reception today.,Food Services,Support Request,IND-01
SYN-04529,Request to verify parking gate - north wing - as soon as possible.,Security,Service Request,IND-06
SYN-04530,Service needed: repair elevator in storage area before noon.,Cleaning,Service Request,IND-05
SYN-04531,"Please prepare the meal order at main office, when available.",Food Services,Service Request,IND-04
SYN-04533,"The tool kit issue at reception happened again, please review.",IT Support,Complaint,IND-09
SYN-04534,"The beverage station issue at main office happened again, please review.",Food Services,Complaint,IND-09
SYN-04536,Request to transfer document box - level two - as soon as possible,Logistics,Service Request,IND-03
SYN-04538,"please adjust the door at level two, when available.",Facilities,Service Request,IND-01
SYN-04539,service needed: verify access badge in storage area when available.,Equipment,Service Request,IND-07
SYN-04540,request to inspect door - reception - before noon.,Facilities,Service Request,IND-01
SYN-04541,help needed to follow up appointment in level two before noon.,Customer Support,Support Request,IND-10
SYN-04542,Service needed: prepare menu in storage area before noon,Food Services,Service Request,IND-04
SYN-04543,service needed: schedule supply order in north wing before noon.,Logistics,Service Request,IND-03
SYN-04544,Help needed to remove window in main office before noon.,Cleaning,Support Request,IND-10
SYN-04545,"Please provide support to configure the laptop at reception, before noon.",IT Support,Support Request,IND-10
SYN-04546,"Inspect air conditioner at reception, today.",Facilities,Service Request,IND-01
SYN-04547,Request to deliver beverage station - level two - before noon.,Food Services,Service Request,IND-04
SYN-04548,Complaint: recurring issue with camera at north wing,Security,Complaint,IND-09
SYN-04550,Service needed: configure printer in reception this afternoon.,IT Support,Service Request,IND-02
SYN-04551,complaint: recurring issue with menu at storage area.,Food Services,Complaint,IND-09
SYN-04552,"Please inspect the lighting at storage area, when available.",Facilities,Service Request,IND-01
SYN-04553,Service needed: reset user account in level two as soon as possible.,IT Support,Service Request,IND-02
SYN-04554,"Inspect water leak at main office, today",IT Support,Service Request,IND-02
SYN-04555,Help needed to inspect tool kit in storage area as soon as possible,Equipment,Support Request,IND-10
SYN-04556,"The package issue at reception happened again, pls review.",Logistics,Complaint,IND-09
SYN-04557,Service needed: locate supply order in reception today.,Logistics,Service Request,IND-03
SYN-04558,Service needed: inspect elevator in level two this afternoon.,Facilities,Service Request,IND-01
SYN-04559,request to deliver delivery cart - reception - as soon as possible.,Logistics,Service Request,IND-03
SYN-04560,Complaint: recurring issue with lighting at main office,Facilities,Complaint,IND-09
SYN-04561,"the elevator issue at reception happened again, pls review.",Facilities,Complaint,IND-09
SYN-04562,"Please review the lost item at north wing, when available.",Security,Service Request,IND-06
SYN-04563,help needed to repair office chair in level two as soon as possible.,Equipment,Support Request,IND-10
SYN-04564,Complaint: recurring issue with camera at north wing.,Equipment,Complaint,IND-09
SYN-04565,Service needed: clean window in north wing this afternoon.,Cleaning,Service Request,IND-05
SYN-04566,request to authorize visitor entrance - reception - as soon as possible.,IT Support,Service Request,IND-02
SYN-04567,"repair water leak at storage area, today.",Facilities,Complaint,IND-09
SYN-04568,Service needed: locate delivery cart in reception today,Logistics,Service Request,IND-03
SYN-04569,service needed: replace meal order in reception before noon.,Food Services,Service Request,IND-04
SYN-04570,Service needed: check elevator in level two when available.,Facilities,Service Request,IND-01
SYN-04571,complaint: recurring issue with network at level two.,IT Support,Complaint,IND-09
SYN-04572,"Please repair the air conditioner at level two, today.",Facilities,Service Request,IND-01
SYN-04573,"Please provide support to locate the supply order at north wing, this afternoon.",Logistics,Support Request,IND-10
SYN-04574,request to reset application - storage area - as soon as possible.,Equipment,Service Request,IND-07
SYN-04575,Request to repair elevator - storage area - as soon as possible.,Facilities,Service Request,IND-01
SYN-04577,Complaint: recurring issue with tool kit at storage area.,Equipment,Complaint,IND-09
SYN-04578,"the power unit issue at north wing happened again, please review.",Logistics,Complaint,IND-09
SYN-04579,"Please provide support to remove the window at level two, as soon as possible.",Cleaning,Support Request,IND-10
SYN-04580,"Configure application at storage area, this afternoon.",IT Support,Service Request,IND-02
SYN-04581,"The shipment issue at storage area happened again, please review",Logistics,Complaint,IND-09
SYN-04582,Service needed: configure user account in level two before noon.,IT Support,Service Request,IND-02
SYN-04583,Help needed to inspect elevator in north wing as soon as possible.,Facilities,Support Request,IND-10
SYN-04584,Request to update user account - storage area - as soon as possible,IT Support,Service Request,IND-02
SYN-04586,"Please clean the window at level two, when available.",Cleaning,Service Request,IND-05
SYN-04587,Service needed: inspect spill in reception when available.,Cleaning,Service Request,IND-05
SYN-04588,"Please deliver the supply order at storage area, today.",Logistics,Service Request,IND-03
SYN-04589,"please provide support to transfer the delivery cart at main office, when available",Logistics,Support Request,IND-10
SYN-04590,Service needed: register complaint in main office as soon as possible.,Customer Support,Service Request,IND-08
SYN-04591,service needed: repair door in north wing before noon.,Facilities,Service Request,IND-01
SYN-04592,Request to monitor access badge - north wing - today.,Security,Service Request,IND-06
SYN-04593,Request to transfer shipment - main office - as soon as possible.,Logistics,Service Request,IND-03
SYN-04595,Request to remove spill - main office - as soon as possible.,Cleaning,Service Request,IND-05
SYN-04596,"Diagnose printer at level two, today.",IT Support,Service Request,IND-02
SYN-04597,"Please review the complaint at level two, today.",Customer Support,Service Request,IND-08
SYN-04599,Request to connect laptop - main office - this afternoon.,IT Support,Service Request,IND-02
SYN-04600,"The waste bin issue at north wing happened again, please review",Cleaning,Complaint,IND-09
SYN-04601,"diagnose user account at level two, when available.",IT Support,Support Request,IND-03
SYN-04602,"Confirm menu at reception, today.",Food Services,Complaint,IND-09
SYN-04606,"Please provide support to monitor the visitor entrance at main office, when available.",Security,Support Request,IND-10
SYN-04607,Service needed: transfer supply order in level two when available.,Logistics,Service Request,IND-03
SYN-04608,Request to follow up information request - level two - before noon.,Customer Support,Service Request,IND-08
SYN-04609,Request to check elevator - level two - as soon as possible.,Facilities,Service Request,IND-01
SYN-04610,"Reset printer at main office, as soon as possible.",IT Support,Service Request,IND-02
SYN-04611,"please transfer the document box at north wing, before noon.",IT Support,Service Request,IND-02
SYN-04612,Request to locate supply order - level two - as soon as possible.,Logistics,Service Request,IND-03
SYN-04613,"please provide support to update the printer at main office, as soon as possible.",IT Support,Support Request,IND-10
SYN-04614,Request to clean waste bin - north wing - as soon as possible.,Cleaning,Service Request,IND-05
SYN-04615,"Please provide support to adjust the air conditioner at level two, as soon as possible.",Facilities,Support Request,IND-10
SYN-04616,"Please clean the meeting room at main office, before noon.",Cleaning,Service Request,IND-05
SYN-04618,service needed: prepare meal order in storage area this afternoon.,Food Services,Service Request,IND-04
SYN-04620,"Repair projector at main office, as soon as possible.",Equipment,Service Request,IND-07
SYN-04621,request to review camera - north wing - as soon as possible.,Security,Service Request,IND-06
SYN-04622,"Please review the parking gate at level two, today.",Security,Service Request,IND-01
SYN-04623,"the supply order issue at reception happened again, please review.",Logistics,Complaint,IND-09
SYN-04624,Complaint: recurring issue with document box at reception,Logistics,Complaint,IND-09
SYN-04625,Complaint: recurring issue with printer at level two.,IT Support,Complaint,IND-09
SYN-04626,Help needed to check elevator in reception this afternoon.,Facilities,Support Request,IND-10
SYN-04628,help needed to monitor visitor entrance in level two this afternoon.,IT Support,Support Request,IND-10
SYN-04629,"Please provide support to confirm the meal order at level two, today.",Food Services,Support Request,IND-10
SYN-04630,"Please provide support to check the elevator at north wing, when available.",Facilities,Support Request,IND-10
SYN-04631,"review special meal at storage area, before noon.",Food Services,Complaint,IND-09
SYN-04632,"please provide support to adjust the door at storage area, this afternoon.",Facilities,Support Request,IND-10
SYN-04633,"The menu issue at main office happened again, please review.",Food Services,Complaint,IND-09
SYN-04634,"The network issue at storage area happened again, please review",IT Support,Complaint,IND-09
SYN-04636,"Please locate the supply order at reception, before noon.",Logistics,Service Request,IND-03
SYN-04638,"Please configure the network at main office, as soon as possible.",IT Support,Service Request,IND-02
SYN-04639,Help needed to follow up complaint in reception before noon.,Customer Support,Support Request,IND-05
SYN-04640,request to inspect projector - level two - when available.,Security,Service Request,IND-06
SYN-04641,"Please respond to the information request at storage area, today",Customer Support,Service Request,IND-08
SYN-04642,Service needed: review camera in level two today,Security,Service Request,IND-06
SYN-04643,"Please provide support to provide the projector at storage area, before noon.",Facilities,Support Request,IND-10
SYN-04644,Request to prepare menu - reception - before noon.,Food Services,Service Request,IND-04
SYN-04645,Service needed: locate package in north wing as soon as possible.,Logistics,Service Request,IND-03
SYN-04647,request to provide tool kit - reception - when available.,Equipment,Service Request,IND-07
SYN-04648,"Replace projector at main office, before noon.",Equipment,Service Request,IND-07
SYN-04649,Help needed to review menu in reception today.,Food Services,Support Request,IND-10
SYN-04650,Help needed to replace office chair in reception when available.,Equipment,Support Request,IND-10
SYN-04651,"Please review the complaint at north wing, before noon.",Customer Support,Service Request,IND-08
SYN-04652,Request to repair office chair - level two - when available,Equipment,Service Request,IND-07
SYN-04653,Request to inspect window - level two - today.,Cleaning,Service Request,IND-05
SYN-04654,"Please adjust the lighting at reception, today.",Facilities,Service Request,IND-01
SYN-04656,Request to confirm special meal - reception - when available.,Facilities,Service Request,IND-01
SYN-04657,"Please repair the projector at north wing, before noon",Cleaning,Service Request,IND-05
SYN-04658,Request to authorize lost item - north wing - this afternoon.,Security,Service Request,IND-06
SYN-04659,Service needed: schedule shipment in north wing before noon.,Logistics,Service Request,IND-03
SYN-04660,Service needed: adjust door in level two when available.,Facilities,Service Request,IND-01
SYN-04661,"Please deliver the supply order at storage area, when available.",Logistics,Service Request,IND-03
SYN-04662,"Please provide support to review the visitor entrance at reception, before noon.",Security,Support Request,IND-10
SYN-04663,Help needed to collect delivery cart in main office this afternoon,Logistics,Support Request,IND-10
SYN-04664,"remove spill at main office, when available.",Cleaning,Service Request,IND-05
SYN-04665,"Repair door at reception, as soon as possible.",Facilities,Service Request,IND-01
SYN-04666,"Schedule document box at main office, this afternoon.",Logistics,Complaint,IND-09
SYN-04667,"Diagnose laptop at storage area, as soon as possible.",IT Support,Service Request,IND-02
SYN-04668,Request to update printer - level two - when available.,IT Support,Service Request,IND-02
SYN-04669,Request to replace food tray - north wing - today.,Food Services,Service Request,IND-02
SYN-04670,Help needed to repair lighting in storage area when available.,Facilities,Support Request,IND-10
SYN-04671,Request to repair air conditioner - reception - before noon.,Facilities,Service Request,IND-01
SYN-04672,Request to prepare food tray - storage area - this afternoon.,Food Services,Service Request,IND-04
SYN-04673,Help needed to collect delivery cart in level two today.,Logistics,Support Request,IND-10
SYN-04674,Service needed: review appointment in main office this afternoon.,Facilities,Service Request,IND-01
SYN-04676,Service needed: collect package in north wing this afternoon.,Logistics,Service Request,IND-03
SYN-04678,Service needed: update printer in storage area this afternoon,IT Support,Service Request,IND-02
SYN-04679,Help needed to clean window in storage area before noon.,Cleaning,Support Request,IND-10
SYN-04680,Service needed: provide portable monitor in level two before noon.,Equipment,Service Request,IND-07
SYN-04681,help needed to schedule package in level two when available.,Logistics,Support Request,IND-10
SYN-04682,Request to follow up feedback - main office - as soon as possible.,IT Support,Service Request,IND-02
SYN-04683,"The waste bin issue at north wing happened again, pls review.",Cleaning,Complaint,IND-09
SYN-04684,Service needed: prepare meal order in level two today.,Food Services,Service Request,IND-04
SYN-04685,"Please restore the elevator at reception, when available.",Facilities,Service Request,IND-01
SYN-04687,request to update user account - north wing - this afternoon.,IT Support,Service Request,IND-02
SYN-04688,"Inspect power unit at main office, before noon.",Equipment,Complaint,IND-09
SYN-04689,Service needed: collect document box in main office before noon.,Logistics,Service Request,IND-03
SYN-04691,Request to check water leak - storage area - as soon as possible.,Facilities,Service Request,IND-01
SYN-04693,Request to schedule delivery cart - level two - this afternoon.,Logistics,Service Request,IND-03
SYN-04694,Complaint: recurring issue with lost item at level two.,Security,Complaint,IND-09
SYN-04695,Help needed to repair tool kit in main office this afternoon.,Equipment,Support Request,IND-10
SYN-04696,"Please monitor the visitor entrance at reception, before noon.",Security,Service Request,IND-06
SYN-04697,"The printer issue at north wing happened again, please review",IT Support,Complaint,IND-09
SYN-04698,Complaint: recurring issue with user account at level two,IT Support,Complaint,IND-09
SYN-04700,"Please wash the meeting room at level two, when available.",Cleaning,Service Request,IND-05
SYN-04701,"pls transfer the document box at reception, today.",Logistics,Service Request,IND-03
SYN-04702,request to calibrate projector - level two - before noon.,Equipment,Service Request,IND-07
SYN-04703,Request to wash spill - storage area - when available.,Cleaning,Service Request,IND-05
SYN-04704,Request to check air conditioner - level two - this afternoon.,Facilities,Service Request,IND-01
SYN-04705,"Please provide support to reset the application at level two, today.",IT Support,Support Request,IND-10
SYN-04706,Help needed to verify lost item in level two as soon as possible,Security,Support Request,IND-10
SYN-04708,Help needed to wash meeting room in main office as soon as possible.,Cleaning,Support Request,IND-10
SYN-04709,request to schedule delivery cart - reception - today.,Logistics,Service Request,IND-03
SYN-04710,Complaint: recurring issue with lighting at main office.,Facilities,Complaint,IND-09
SYN-04712,complaint: recurring issue with meeting room at level two.,Cleaning,Complaint,IND-09
SYN-04714,Service needed: adjust air conditioner in level two when available.,Facilities,Service Request,IND-01
SYN-04715,"Please replace the menu at storage area, this afternoon.",Food Services,Service Request,IND-04
SYN-04716,Service needed: collect document box in north wing as soon as possible.,Logistics,Service Request,IND-03
SYN-04717,Help needed to collect document box in main office before noon.,Logistics,Support Request,IND-10
SYN-04718,Service needed: replace beverage station in reception this afternoon.,Food Services,Service Request,IND-04
SYN-04719,Service needed: configure application in level two before noon.,Security,Service Request,IND-06
SYN-04720,"Diagnose network at reception, when available.",IT Support,Complaint,IND-09
SYN-04721,service needed: review camera in storage area before noon.,Security,Service Request,IND-04
SYN-04722,Service needed: transfer package in level two as soon as possible.,Logistics,Service Request,IND-03
SYN-04723,"wash spill at north wing, when available.",Cleaning,Service Request,IND-05
SYN-04724,Complaint: recurring issue with laptop at reception.,IT Support,Complaint,IND-09
SYN-04725,Service needed: remove hallway in north wing today.,Cleaning,Service Request,IND-05
SYN-04726,"Please verify the lost item at reception, when available.",Security,Service Request,IND-06
SYN-04727,Request to wash spill - storage area - this afternoon.,Cleaning,Service Request,IND-05
SYN-04728,"Repair portable monitor at reception, when available.",Equipment,Complaint,IND-09
SYN-04729,Help needed to sanitize spill in reception today.,Facilities,Support Request,IND-10
SYN-04730,"please check the water leak at storage area, today.",Facilities,Service Request,IND-01
SYN-04732,Complaint: recurring issue with hallway at reception.,Cleaning,Complaint,IND-09
SYN-04733,"Please provide support to inspect the air conditioner at north wing, as soon as possible.",Facilities,Support Request,IND-10
SYN-04734,"Please verify the visitor entrance at main office, as soon as possible.",Security,Service Request,IND-06
SYN-04735,Service needed: inspect air conditioner in reception when available.,Facilities,Service Request,IND-01
SYN-04736,Help needed to inspect door in storage area as soon as possible.,Facilities,Support Request,IND-10
SYN-04737,"Repair water leak at level two, as soon as possible",Facilities,Service Request,IND-01
SYN-04738,Service needed: collect supply order in north wing this afternoon.,Logistics,Service Request,IND-02
SYN-04739,Service needed: clean hallway in north wing when available.,Facilities,Service Request,IND-01
SYN-04740,"Adjust elevator at main office, when available.",Facilities,Service Request,IND-01
SYN-04741,Complaint: recurring issue with tool kit at main office.,Equipment,Complaint,IND-09
SYN-04742,"the complaint issue at reception happened again, please review.",Food Services,Complaint,IND-09
SYN-04743,service needed: inspect power unit in level two when available.,Equipment,Service Request,IND-07
SYN-04744,"pls provide support to inspect the portable monitor at reception, as soon as possible.",Equipment,Support Request,IND-10
SYN-04746,service needed: inspect power unit in level two before noon,Equipment,Service Request,IND-07
SYN-04747,Complaint: recurring issue with user account at reception.,IT Support,Complaint,IND-09
SYN-04748,Request to inspect meeting room - main office - when available.,Cleaning,Service Request,IND-05
SYN-04749,"Please wash the waste bin at reception, today.",Cleaning,Service Request,IND-05
SYN-04750,"Prepare beverage station at reception, this afternoon.",IT Support,Service Request,IND-02
SYN-04751,"The meal order issue at storage area happened again, please review",Food Services,Complaint,IND-09
SYN-04752,service needed: deliver meal order in storage area when available.,Food Services,Service Request,IND-04
SYN-04753,request to deliver menu - main office - this afternoon.,Food Services,Service Request,IND-04
SYN-04755,"please prepare the special meal at north wing, when available",Food Services,Service Request,IND-04
SYN-04756,service needed: review access badge in level two this afternoon.,Security,Service Request,IND-06
SYN-04757,"wash spill at level two, today",Cleaning,Service Request,IND-05
SYN-04758,"please schedule the delivery cart at reception, this afternoon",Logistics,Service Request,IND-03
SYN-04759,Request to reset laptop - reception - today.,IT Support,Service Request,IND-02
SYN-04760,Help needed to monitor parking gate in north wing as soon as possible.,Security,Support Request,IND-10
SYN-04761,"Replace beverage station at north wing, when available.",Food Services,Complaint,IND-09
SYN-04762,"Please provide support to inspect the elevator at north wing, this afternoon.",Facilities,Support Request,IND-10
SYN-04763,"collect document box at reception, as soon as possible",Logistics,Complaint,IND-09
SYN-04765,Request to calibrate portable monitor - main office - this afternoon.,Equipment,Service Request,IND-07
SYN-04766,"Please provide support to locate the delivery cart at level two, today.",Logistics,Support Request,IND-10
SYN-04767,"please check the lighting at level two, when available.",Facilities,Service Request,IND-01
SYN-04769,service needed: update application in reception before noon.,IT Support,Service Request,IND-02
SYN-04770,Service needed: repair lighting in north wing as soon as possible.,Facilities,Service Request,IND-01
SYN-04771,"The package issue at main office happened again, please review",Logistics,Complaint,IND-09
SYN-04772,Request to locate lost item - reception - today.,Security,Service Request,IND-06
SYN-04773,Service needed: check air conditioner in main office this afternoon.,Facilities,Service Request,IND-01
SYN-04774,Help needed to locate delivery cart in main office as soon as possible,Logistics,Support Request,IND-10
SYN-04775,Help needed to review special meal in storage area when available.,Food Services,Support Request,IND-10
SYN-04776,Help needed to inspect elevator in level two when available.,Facilities,Support Request,IND-10
SYN-04777,"Deliver document box at reception, as soon as possible.",Facilities,Complaint,IND-09
SYN-04778,"Review beverage station at main office, when available.",Food Services,Complaint,IND-03
SYN-04779,Help needed to clarify information request in north wing as soon as possible.,Customer Support,Support Request,IND-10
SYN-04781,Request to confirm special meal - north wing - when available.,Food Services,Service Request,IND-04
SYN-04782,"pls reset the application at storage area, as soon as possible.",IT Support,Service Request,IND-02
SYN-04783,Help needed to repair elevator in north wing as soon as possible.,Facilities,Support Request,IND-10
SYN-04784,Service needed: review beverage station in level two as soon as possible,Food Services,Service Request,IND-04
SYN-04785,Service needed: adjust air conditioner in north wing as soon as possible.,Facilities,Service Request,IND-04
SYN-04786,Service needed: transfer delivery cart in main office this afternoon,Logistics,Service Request,IND-03
SYN-04787,Request to inspect elevator - reception - when available.,Facilities,Service Request,IND-01
SYN-04788,"Please replace the office chair at reception, today.",Equipment,Service Request,IND-07
SYN-04789,Help needed to connect printer in main office today.,IT Support,Support Request,IND-10
SYN-04790,Service needed: repair water leak in main office today.,Facilities,Service Request,IND-01
SYN-04792,Request to sanitize hallway - north wing - before noon.,Cleaning,Service Request,IND-05
SYN-04794,Service needed: authorize lost item in level two when available.,IT Support,Service Request,IND-02
SYN-04796,"Verify visitor entrance at storage area, before noon.",Security,Service Request,IND-06
SYN-04797,Complaint: recurring issue with laptop at level two,IT Support,Complaint,IND-09
SYN-04798,request to collect shipment - reception - before noon.,Logistics,Service Request,IND-03
SYN-04799,"Please prepare the meal order at main office, today",Cleaning,Service Request,IND-05
SYN-04801,Request to update application - reception - when available.,IT Support,Service Request,IND-02
SYN-04802,service needed: update printer in storage area this afternoon.,IT Support,Service Request,IND-02
SYN-04803,"please deliver the meal order at storage area, before noon.",Food Services,Service Request,IND-04
SYN-04804,Service needed: clean spill in main office as soon as possible.,Cleaning,Service Request,IND-05
SYN-04805,Request to locate camera - reception - when available.,Security,Service Request,IND-06
SYN-04806,Help needed to remove window in main office before noon,Cleaning,Support Request,IND-10
SYN-04807,"Please register the information request at main office, today.",Logistics,Service Request,IND-03
SYN-04809,"please confirm the meal order at level two, when available",Food Services,Service Request,IND-04
SYN-04810,complaint: recurring issue with water leak at storage area,Facilities,Complaint,IND-09
SYN-04811,request to review appointment - storage area - today.,Customer Support,Service Request,IND-08
SYN-04812,"Review food tray at main office, as soon as possible.",Food Services,Support Request,IND-10
SYN-04813,"Please sanitize the waste bin at level two, before noon.",Cleaning,Service Request,IND-05
SYN-04814,"Repair water leak at main office, today.",Facilities,Service Request,IND-01
SYN-04815,"Please check the water leak at reception, as soon as possible.",Facilities,Service Request,IND-01
SYN-04816,Service needed: review information request in main office when available.,IT Support,Service Request,IND-02
SYN-04818,service needed: provide projector in main office before noon,Equipment,Service Request,IND-07
SYN-04819,Service needed: configure printer in main office as soon as possible.,Logistics,Service Request,IND-03
SYN-04820,"Please transfer the package at reception, when available.",Logistics,Service Request,IND-03
SYN-04822,"Please provide support to deliver the special meal at level two, as soon as possible",Food Services,Support Request,IND-10
SYN-04823,Help needed to update user account in storage area today.,IT Support,Support Request,IND-10
SYN-04824,Help needed to locate shipment in reception this afternoon.,Food Services,Support Request,IND-10
SYN-04826,"Please wash the meeting room at level two, before noon",Cleaning,Service Request,IND-05
SYN-04827,"please provide support to monitor the camera at reception, today",Logistics,Support Request,IND-10
SYN-04828,"Please provide support to respond to the appointment at north wing, as soon as possible.",Facilities,Support Request,IND-10
SYN-04829,"Authorize access badge at reception, before noon.",Security,Service Request,IND-06
SYN-04830,"Please provide support to repair the tool kit at reception, before noon",Cleaning,Support Request,IND-10
SYN-04831,Service needed: review information request in reception as soon as possible.,Customer Support,Service Request,IND-08
SYN-04832,"The package issue at north wing happened again, please review.",Logistics,Complaint,IND-09
SYN-04834,"Please provide support to inspect the water leak at north wing, today.",Facilities,Support Request,IND-10
SYN-04835,"Please provide support to locate the package at reception, this afternoon.",Logistics,Support Request,IND-10
SYN-04836,Request to inspect meeting room - level two - when available.,Cleaning,Service Request,IND-05
SYN-04838,"Inspect window at north wing, today.",Cleaning,Service Request,IND-05
SYN-04839,Complaint: recurring issue with portable monitor at main office.,Security,Complaint,IND-09
SYN-04840,"Please provide support to adjust the door at level two, when available.",Facilities,Support Request,IND-10
SYN-04841,service needed: deliver special meal in north wing when available.,Food Services,Service Request,IND-04
SYN-04842,"inspect lighting at north wing, this afternoon.",Facilities,Complaint,IND-09
SYN-04843,"Check lighting at north wing, when available.",Facilities,Complaint,IND-09
SYN-04844,Request to monitor access badge - storage area - today,Security,Service Request,IND-06
SYN-04845,"please reset the laptop at level two, today",IT Support,Service Request,IND-02
SYN-04846,"The delivery cart issue at reception happened again, please review.",Security,Complaint,IND-09
SYN-04847,request to replace food tray - storage area - as soon as possible.,Food Services,Service Request,IND-04
SYN-04848,"reset printer at reception, before noon.",IT Support,Service Request,IND-02
SYN-04849,Complaint: recurring issue with complaint at north wing.,Customer Support,Complaint,IND-09
SYN-04850,service needed: check door in reception as soon as possible,Facilities,Service Request,IND-01
SYN-04851,"Calibrate office chair at main office, before noon.",Equipment,Complaint,IND-09
SYN-04852,"Review appointment at level two, this afternoon.",Customer Support,Complaint,IND-09
SYN-04853,service needed: connect printer in storage area when available.,IT Support,Service Request,IND-02
SYN-04857,svc needed: provide portable monitor in storage area today.,Equipment,Service Request,IND-07
SYN-04858,Help needed to review menu in north wing when available.,Food Services,Support Request,IND-10
SYN-04859,Service needed: locate package in reception before noon.,Logistics,Service Request,IND-03
SYN-04860,"Please provide support to prepare the meal order at storage area, today.",Food Services,Support Request,IND-10
SYN-04861,"Please inspect the door at level two, this afternoon.",Facilities,Service Request,IND-01
SYN-04862,"please inspect the elevator at level two, today.",Facilities,Service Request,IND-01
SYN-04863,"Please provide support to locate the shipment at level two, today.",Logistics,Support Request,IND-10
SYN-04864,Request to prepare food tray - reception - today.,Food Services,Service Request,IND-04
SYN-04865,service needed: check air conditioner in reception before noon.,Facilities,Service Request,IND-01
SYN-04867,"check air conditioner at reception, today.",Facilities,Service Request,IND-01
SYN-04869,"please provide support to replace the office chair at north wing, as soon as possible.",Equipment,Support Request,IND-10
SYN-04870,request to schedule package - level two - as soon as possible.,Logistics,Service Request,IND-03
SYN-04871,Help needed to schedule delivery cart in reception as soon as possible.,Logistics,Support Request,IND-10
SYN-04872,Service needed: deliver package in main office today.,Logistics,Service Request,IND-03
SYN-04873,Complaint: recurring issue with office chair at level two.,Equipment,Complaint,IND-09
SYN-04874,Request to configure application - reception - today.,IT Support,Service Request,IND-02
SYN-04875,Complaint: recurring issue with printer at level two,IT Support,Complaint,IND-09
SYN-04876,request to monitor lost item - reception - as soon as possible.,Security,Service Request,IND-06
SYN-04877,"Update network at north wing, this afternoon.",IT Support,Service Request,IND-02
SYN-04878,"Replace menu at storage area, when available",Food Services,Service Request,IND-04
SYN-04879,Complaint: recurring issue with access badge at reception,Security,Complaint,IND-09
SYN-04880,Help needed to repair power unit in main office as soon as possible,Equipment,Support Request,IND-10
SYN-04881,Service needed: review special meal in north wing as soon as possible.,Food Services,Service Request,IND-04
SYN-04882,Help needed to diagnose printer in level two this afternoon.,IT Support,Support Request,IND-10
SYN-04883,"please review the menu at level two, before noon",Food Services,Service Request,IND-04
SYN-04884,"Collect supply order at north wing, when available.",Logistics,Service Request,IND-03
SYN-04885,"Inspect air conditioner at storage area, today.",Facilities,Complaint,IND-09
SYN-04886,Service needed: restore lighting in north wing as soon as possible.,Facilities,Service Request,IND-01
SYN-04887,Service needed: register appointment in level two as soon as possible.,Customer Support,Service Request,IND-08
SYN-04889,Help needed to clean window in reception this afternoon.,Cleaning,Support Request,IND-10
SYN-04890,"Please provide support to transfer the supply order at reception, as soon as possible",Cleaning,Support Request,IND-10
SYN-04891,Service needed: inspect door in north wing this afternoon.,Facilities,Service Request,IND-01
SYN-04893,"Inspect water leak at north wing, today",Facilities,Service Request,IND-01
SYN-04895,Request to sanitize window - storage area - as soon as possible.,Cleaning,Service Request,IND-05
SYN-04896,Request to repair lighting - north wing - as soon as possible.,Facilities,Service Request,IND-01
SYN-04897,"The office chair issue at reception happened again, please review.",Equipment,Complaint,IND-09
SYN-04898,Help needed to locate delivery cart in north wing as soon as possible.,Logistics,Support Request,IND-10
SYN-04899,Service needed: review information request in reception today.,IT Support,Service Request,IND-02
SYN-04900,Service needed: connect network in north wing today,IT Support,Service Request,IND-02
SYN-04901,"Diagnose network at storage area, this afternoon.",IT Support,Service Request,IND-02
SYN-04902,Request to prepare beverage station - reception - before noon.,Food Services,Service Request,IND-04
SYN-04903,Service needed: monitor camera in north wing before noon,Security,Service Request,IND-06
SYN-04904,help needed to calibrate power unit in level two when available.,Equipment,Support Request,IND-10
SYN-04906,Service needed: prepare menu in level two as soon as possible.,Food Services,Service Request,IND-04
SYN-04907,Complaint: recurring issue with user account at main office.,Food Services,Complaint,IND-09
SYN-04908,"Please provide support to inspect the air conditioner at main office, before noon.",Facilities,Support Request,IND-10
SYN-04911,"Please review the menu at north wing, before noon.",Food Services,Service Request,IND-04
SYN-04912,Complaint: recurring issue with access badge at main office.,Security,Complaint,IND-09
SYN-04913,"review access badge at level two, before noon.",Security,Service Request,IND-06
SYN-04915,"Please review the food tray at north wing, this afternoon",Food Services,Service Request,IND-04
SYN-04916,"Please adjust the air conditioner at main office, today.",Facilities,Service Request,IND-01
SYN-04917,"Remove spill at north wing, when available.",Cleaning,Service Request,IND-05
SYN-04919,"please provide support to authorize the access badge at main office, today.",Security,Support Request,IND-10
SYN-04920,Help needed to locate supply order in north wing before noon.,Logistics,Support Request,IND-10
SYN-04921,"the complaint issue at main office happened again, pls review.",Customer Support,Complaint,IND-09
SYN-04922,"Please connect the application at north wing, this afternoon.",IT Support,Service Request,IND-02
SYN-04923,Help needed to reset printer in reception as soon as possible.,IT Support,Support Request,IND-01
SYN-04925,Request to diagnose printer - main office - this afternoon,IT Support,Service Request,IND-02
SYN-04926,"Configure application at north wing, this afternoon.",IT Support,Complaint,IND-09
SYN-04927,"please register the information request at reception, today.",Customer Support,Service Request,IND-08
SYN-04928,Service needed: collect package in main office when available.,Logistics,Service Request,IND-03
SYN-04929,"Please provide support to authorize the access badge at north wing, this afternoon.",Security,Support Request,IND-10
SYN-04930,"Replace menu at storage area, when available.",Food Services,Service Request,IND-04
SYN-04931,"Reset printer at level two, today.",Cleaning,Service Request,IND-05
SYN-04932,"Please review the parking gate at reception, when available.",Security,Service Request,IND-06
SYN-04933,help needed to sanitize waste bin in storage area before noon.,Cleaning,Support Request,IND-10
SYN-04934,"Please restore the door at main office, before noon.",Facilities,Service Request,IND-01
SYN-04936,"deliver meal order at north wing, today.",Food Services,Service Request,IND-04
SYN-04937,Request to clean hallway - main office - as soon as possible.,Cleaning,Service Request,IND-05
SYN-04938,help needed to deliver document box in main office this afternoon.,Logistics,Support Request,IND-10
SYN-04939,"Please provide support to sanitize the hallway at storage area, when available.",Cleaning,Support Request,IND-08
SYN-04940,"Please schedule the document box at level two, before noon.",Logistics,Service Request,IND-03
SYN-04941,Request to adjust door - main office - before noon.,Facilities,Service Request,IND-01
SYN-04942,"repair water leak at level two, when available",Facilities,Service Request,IND-01
SYN-04943,request to update laptop - main office - this afternoon.,IT Support,Service Request,IND-02
SYN-04944,"Please check the air conditioner at reception, today",Facilities,Service Request,IND-01
SYN-04945,"Please review the special meal at reception, as soon as possible.",Food Services,Service Request,IND-04
SYN-04946,Service needed: authorize access badge in north wing as soon as possible,Security,Service Request,IND-06
SYN-04948,Request to configure laptop - reception - when available.,IT Support,Service Request,IND-02
SYN-04949,Service needed: collect document box in reception as soon as possible.,Logistics,Service Request,IND-03
SYN-04950,Service needed: deliver menu in main office this afternoon.,Food Services,Service Request,IND-04
SYN-04951,Request to monitor parking gate - reception - today.,Security,Service Request,IND-06
SYN-04952,Request to inspect air conditioner - main office - as soon as possible.,Facilities,Service Request,IND-01
SYN-04953,Help needed to wash meeting room in level two as soon as possible.,Cleaning,Support Request,IND-10
SYN-04954,Request to replace food tray - level two - before noon.,Food Services,Service Request,IND-01
SYN-04956,Help needed to restore door in storage area as soon as possible.,Facilities,Support Request,IND-10
SYN-04957,Service needed: wash hallway in reception this afternoon.,Cleaning,Service Request,IND-05
SYN-04958,"The window issue at level two happened again, pls review.",Security,Complaint,IND-09
SYN-04959,help needed to sanitize waste bin in storage area before noon,Cleaning,Support Request,IND-10
SYN-04960,"please clarify the service status at north wing, as soon as possible.",Customer Support,Service Request,IND-05
SYN-04961,"Please check the door at storage area, this afternoon.",Facilities,Service Request,IND-01
SYN-04963,"Please provide support to restore the water leak at storage area, as soon as possible.",Facilities,Support Request,IND-10
SYN-04964,service needed: deliver delivery cart in main office when available.,Logistics,Service Request,IND-03
SYN-04965,"Please prepare the food tray at main office, today.",Logistics,Service Request,IND-03
SYN-04966,"Please remove the window at storage area, when available.",Cleaning,Service Request,IND-05
SYN-04967,Service needed: provide office chair in main office as soon as possible.,Equipment,Service Request,IND-07
SYN-04968,Request to calibrate office chair - storage area - as soon as possible.,Equipment,Service Request,IND-07
SYN-04969,"Inspect waste bin at main office, today.",Cleaning,Complaint,IND-09
SYN-04970,"Configure application at main office, today.",IT Support,Service Request,IND-02
SYN-04971,Request to locate package - level two - this afternoon.,Logistics,Service Request,IND-03
SYN-04972,Service needed: inspect projector in north wing this afternoon,Equipment,Service Request,IND-07
SYN-04973,"Please prepare the beverage station at north wing, this afternoon",Food Services,Service Request,IND-04
SYN-04974,"The printer issue at storage area happened again, please review.",IT Support,Complaint,IND-09
SYN-04976,Help needed to deliver shipment in storage area as soon as possible,Equipment,Support Request,IND-10
SYN-04977,"reset laptop at reception, before noon.",IT Support,Service Request,IND-02
SYN-04978,"Inspect elevator at level two, as soon as possible",Facilities,Service Request,IND-01
SYN-04979,"Please configure the laptop at north wing, this afternoon",IT Support,Service Request,IND-02
SYN-04980,help needed to prepare food tray in level two before noon.,Customer Support,Support Request,IND-10
SYN-04981,request to monitor visitor entrance - main office - as soon as possible.,Security,Service Request,IND-04
SYN-04982,"prepare menu at north wing, before noon.",Food Services,Service Request,IND-04
SYN-04983,"Please restore the lighting at storage area, as soon as possible.",Facilities,Service Request,IND-01
SYN-04984,"please reset the laptop at reception, this afternoon.",IT Support,Service Request,IND-02
SYN-04985,Request to review food tray - main office - as soon as possible,Food Services,Service Request,IND-04
SYN-04986,"Please provide support to inspect the air conditioner at level two, as soon as possible",Facilities,Support Request,IND-10
SYN-04987,"Please sanitize the hallway at level two, when available.",Cleaning,Service Request,IND-05
SYN-04989,"the visitor entrance issue at level two happened again, please review.",Security,Complaint,IND-09
SYN-04990,Service needed: authorize parking gate in level two before noon,Security,Service Request,IND-06
SYN-04991,"Check elevator at north wing, when available",Facilities,Service Request,IND-01
SYN-04992,Request to review meal order - north wing - before noon.,Food Services,Service Request,IND-04
SYN-04993,Complaint: recurring issue with spill at reception,Logistics,Complaint,IND-09
SYN-04994,Help needed to reset laptop in reception as soon as possible.,IT Support,Support Request,IND-10
SYN-04995,Help needed to connect network in storage area as soon as possible.,IT Support,Support Request,IND-10
SYN-04996,Service needed: replace meal order in storage area before noon.,Food Services,Service Request,IND-04
SYN-04997,Request to check air conditioner - north wing - as soon as possible.,Facilities,Service Request,IND-01
SYN-04998,Request to schedule supply order - storage area - this afternoon,Cleaning,Service Request,IND-05
SYN-04999,service needed: update network in storage area this afternoon.,IT Support,Service Request,IND-02
SYN-05001,"the network issue at north wing happened again, please review.",IT Support,Complaint,IND-09
SYN-05002,"Please repair the projector at main office, as soon as possible.",Equipment,Service Request,IND-07
SYN-05003,"Repair door at main office, this afternoon.",Facilities,Service Request,IND-01
SYN-05004,"prepare meal order at level two, before noon.",Food Services,Service Request,IND-04
SYN-05005,Service needed: repair office chair in reception before noon.,Equipment,Service Request,IND-07
SYN-05006,"Please locate the package at reception, before noon.",Logistics,Service Request,IND-03
SYN-05007,"please diagnose the laptop at storage area, as soon as possible.",IT Support,Service Request,IND-02
SYN-05008,"Please configure the network at reception, when available.",IT Support,Service Request,IND-02
SYN-05009,Complaint: recurring issue with delivery cart at level two.,Logistics,Complaint,IND-09
SYN-05011,Service needed: confirm menu in level two before noon.,Food Services,Service Request,IND-04
SYN-05013,"Please repair the water leak at main office, when available.",Facilities,Service Request,IND-01
SYN-05016,Service needed: configure user account in reception today,IT Support,Service Request,IND-02
SYN-05017,Service needed: configure application in reception as soon as possible.,IT Support,Service Request,IND-02
SYN-05018,Service needed: respond to complaint in level two today.,Customer Support,Service Request,IND-08
SYN-05019,"please provide support to inspect the air conditioner at main office, as soon as possible.",Facilities,Support Request,IND-10
SYN-05020,Help needed to clean hallway in reception this afternoon.,Cleaning,Support Request,IND-01
SYN-05021,"Transfer shipment at reception, this afternoon.",Logistics,Service Request,IND-03
SYN-05022,complaint: recurring issue with window at reception.,Cleaning,Complaint,IND-05
SYN-05023,Help needed to check door in storage area when available,Facilities,Support Request,IND-10
SYN-05024,service needed: adjust air conditioner in level two before noon.,Facilities,Service Request,IND-01
SYN-05025,Service needed: restore elevator in storage area before noon.,Facilities,Service Request,IND-01
SYN-05026,"Deliver beverage station at main office, this afternoon.",Food Services,Service Request,IND-04
SYN-05027,Help needed to prepare menu in main office before noon.,Food Services,Support Request,IND-10
SYN-05028,"Please provide support to clean the waste bin at north wing, today.",Cleaning,Support Request,IND-10
SYN-05029,Service needed: adjust door in north wing before noon,Facilities,Service Request,IND-01
SYN-05030,service needed: wash window in reception as soon as possible.,Cleaning,Service Request,IND-05
SYN-05031,"Monitor camera at storage area, as soon as possible.",IT Support,Service Request,IND-02
SYN-05032,Request to restore elevator - reception - when available.,Security,Service Request,IND-06
SYN-05033,request to authorize visitor entrance - storage area - when available.,Security,Service Request,IND-06
SYN-05034,request to prepare special meal - level two - this afternoon.,Food Services,Service Request,IND-04
SYN-05035,"connect network at north wing, before noon.",IT Support,Service Request,IND-02
SYN-05036,"deliver document box at storage area, today.",Logistics,Support Request,IND-10
SYN-05037,"please confirm the meal order at reception, when available.",Food Services,Service Request,IND-04
SYN-05038,"Please connect the network at reception, this afternoon.",IT Support,Service Request,IND-02
SYN-05039,Request to deliver delivery cart - storage area - as soon as possible.,Logistics,Service Request,IND-03
SYN-05040,request to configure network - storage area - this afternoon.,IT Support,Service Request,IND-02
SYN-05041,"check air conditioner at storage area, when available",Facilities,Service Request,IND-01
SYN-05044,"Please provide support to deliver the menu at main office, this afternoon.",Food Services,Support Request,IND-10
SYN-05045,help needed to authorize parking gate in main office before noon.,Security,Support Request,IND-10
SYN-05046,Help needed to inspect water leak in main office before noon.,Facilities,Support Request,IND-10
SYN-05047,"Please inspect the elevator at level two, as soon as possible.",Facilities,Service Request,IND-01
SYN-05048,Request to collect supply order - reception - before noon.,Logistics,Service Request,IND-03
SYN-05049,Help needed to connect printer in storage area as soon as possible.,IT Support,Support Request,IND-10
SYN-05050,Request to check lighting - storage area - as soon as possible.,Facilities,Service Request,IND-01
SYN-05051,"please provide support to configure the printer at reception, as soon as possible.",IT Support,Support Request,IND-10
SYN-05052,Service needed: inspect lighting in storage area before noon,Facilities,Service Request,IND-01
SYN-05053,Help needed to configure application in north wing before noon.,IT Support,Support Request,IND-10
SYN-05054,Service needed: reset network in storage area when available.,IT Support,Service Request,IND-02
SYN-05056,"Restore water leak at reception, before noon.",Facilities,Service Request,IND-01
SYN-05057,help needed to wash window in main office as soon as possible.,Cleaning,Support Request,IND-10
SYN-05058,request to restore water leak - storage area - when available,Facilities,Service Request,IND-01
SYN-05059,Service needed: monitor camera in storage area before noon,Security,Service Request,IND-06
SYN-05060,"Adjust elevator at storage area, today.",Facilities,Service Request,IND-01
SYN-05061,"Please provide support to locate the supply order at north wing, today.",Logistics,Support Request,IND-10
SYN-05062,"Verify visitor entrance at reception, when available.",Logistics,Service Request,IND-03
SYN-05063,help needed to adjust lighting in storage area today.,Facilities,Support Request,IND-10
SYN-05064,Help needed to diagnose printer in main office today.,IT Support,Support Request,IND-10
SYN-05065,Service needed: check lighting in reception today.,Facilities,Service Request,IND-01
SYN-05066,"Repair door at north wing, this afternoon.",Facilities,Complaint,IND-09
SYN-05067,"The visitor entrance issue at reception happened again, please review.",Security,Complaint,IND-05
SYN-05068,Request to replace food tray - storage area - today.,Food Services,Service Request,IND-04
SYN-05069,"repair elevator at reception, this afternoon.",Facilities,Service Request,IND-01
SYN-05070,"Please provide support to repair the lighting at storage area, when available.",Facilities,Support Request,IND-10
SYN-05071,"adjust elevator at reception, before noon",Facilities,Complaint,IND-09
SYN-05072,Help needed to diagnose laptop in reception this afternoon.,IT Support,Support Request,IND-10
SYN-05073,request to connect network - north wing - today.,IT Support,Service Request,IND-02
SYN-05075,service needed: clarify feedback in storage area before noon.,Logistics,Service Request,IND-03
SYN-05076,help needed to diagnose network in north wing when available.,IT Support,Support Request,IND-10
SYN-05077,"pls provide support to deliver the delivery cart at level two, as soon as possible",Logistics,Support Request,IND-10
SYN-05078,Request to diagnose application - north wing - as soon as possible.,IT Support,Service Request,IND-02
SYN-05079,Service needed: provide tool kit in north wing this afternoon.,Security,Service Request,IND-06
SYN-05080,"The elevator issue at level two happened again, please review.",Facilities,Complaint,IND-09
SYN-05084,Service needed: confirm meal order in north wing as soon as possible.,Food Services,Service Request,IND-04
SYN-05085,Request to connect printer - north wing - when available.,IT Support,Service Request,IND-02
SYN-05086,Request to wash meeting room - reception - before noon.,Cleaning,Service Request,IND-05
SYN-05087,"please check the air conditioner at reception, this afternoon.",Facilities,Service Request,IND-01
SYN-05088,"Please provide support to prepare the food tray at storage area, this afternoon.",Food Services,Support Request,IND-10
SYN-05089,"clean window at reception, before noon.",Cleaning,Service Request,IND-05
SYN-05090,Request to restore door - north wing - this afternoon.,Facilities,Service Request,IND-01
SYN-05091,"the visitor entrance issue at level two happened again, please review",Equipment,Complaint,IND-09
SYN-05092,Help needed to restore water leak in storage area as soon as possible.,Facilities,Support Request,IND-10
SYN-05093,"Please inspect the water leak at main office, today.",Facilities,Service Request,IND-01
SYN-05094,Request to clarify complaint - north wing - today.,Customer Support,Service Request,IND-08
SYN-05095,"Please adjust the elevator at reception, when available.",Facilities,Service Request,IND-01
SYN-05096,"Review food tray at north wing, before noon.",Food Services,Service Request,IND-04
SYN-05097,Service needed: replace menu in reception when available.,Food Services,Service Request,IND-04
SYN-05098,"Replace projector at level two, as soon as possible.",Equipment,Service Request,IND-07
SYN-05099,"Please update the network at main office, as soon as possible.",IT Support,Service Request,IND-02
SYN-05100,"Restore air conditioner at reception, when available.",Facilities,Service Request,IND-01
SYN-05102,"Please locate the delivery cart at level two, before noon.",Logistics,Service Request,IND-03
SYN-05103,"the printer issue at reception happened again, please review.",IT Support,Complaint,IND-09
SYN-05104,service needed: transfer delivery cart in reception today.,Logistics,Service Request,IND-03
SYN-05105,"Please replace the food tray at north wing, as soon as possible.",Logistics,Service Request,IND-03
SYN-05106,"pls verify the lost item at storage area, today.",Facilities,Service Request,IND-01
SYN-05107,Request to deliver meal order - level two - today.,Facilities,Service Request,IND-01
SYN-05108,Service needed: confirm special meal in level two this afternoon.,Food Services,Service Request,IND-04
SYN-05109,Request to diagnose network - main office - before noon.,IT Support,Service Request,IND-02
SYN-05110,"Please prepare the food tray at main office, today",Food Services,Service Request,IND-04
SYN-05111,request to clean hallway - main office - as soon as possible.,Cleaning,Service Request,IND-05
SYN-05112,Request to remove meeting room - reception - this afternoon.,Cleaning,Service Request,IND-05
SYN-05113,"Please provide support to confirm the menu at north wing, today.",Food Services,Support Request,IND-10
SYN-05115,"Authorize parking gate at level two, today.",Security,Complaint,IND-09
SYN-05116,Service needed: wash spill in level two this afternoon.,Cleaning,Service Request,IND-05
SYN-05117,Complaint: recurring issue with network at main office.,IT Support,Complaint,IND-09
SYN-05118,"Please provide support to prepare the meal order at north wing, today.",Food Services,Support Request,IND-10
SYN-05119,Service needed: repair tool kit in north wing as soon as possible,Equipment,Service Request,IND-07
SYN-05120,"please review the visitor entrance at storage area, when available.",Security,Service Request,IND-06
SYN-05121,Complaint: recurring issue with meeting room at level two.,Cleaning,Complaint,IND-09
SYN-05122,Request to repair lighting - level two - this afternoon.,Facilities,Service Request,IND-01
SYN-05123,Request to locate supply order - level two - today,Logistics,Service Request,IND-03
SYN-05124,"Review food tray at storage area, as soon as possible.",Food Services,Service Request,IND-04
SYN-05125,"please diagnose the laptop at reception, before noon.",IT Support,Service Request,IND-02
SYN-05126,Service needed: diagnose printer in level two when available.,IT Support,Service Request,IND-02
SYN-05128,"The document box issue at reception happened again, please review",Logistics,Complaint,IND-09
SYN-05129,"Restore door at north wing, this afternoon.",Facilities,Support Request,IND-10
SYN-05131,"Collect document box at north wing, today.",Logistics,Service Request,IND-03
SYN-05133,Help needed to monitor access badge in main office this afternoon.,Security,Support Request,IND-06
SYN-05134,"Diagnose printer at storage area, before noon.",IT Support,Support Request,IND-10
SYN-05135,"please inspect the waste bin at storage area, today.",Cleaning,Service Request,IND-05
SYN-05136,service needed: review lost item in main office as soon as possible,Security,Service Request,IND-06
SYN-05137,"Please locate the supply order at storage area, when available.",Logistics,Service Request,IND-03
SYN-05138,Request to inspect tool kit - storage area - as soon as possible,Facilities,Service Request,IND-01
SYN-05139,"Confirm food tray at level two, before noon.",Food Services,Complaint,IND-09
SYN-05141,"The access badge issue at main office happened again, please review.",Security,Complaint,IND-09
SYN-05142,"The door issue at storage area happened again, please review.",Facilities,Complaint,IND-09
SYN-05143,Service needed: repair air conditioner in north wing this afternoon.,Facilities,Service Request,IND-01
SYN-05144,Request to remove waste bin - reception - before noon.,Cleaning,Service Request,IND-05
SYN-05145,"Review service status at reception, today.",Customer Support,Complaint,IND-09
SYN-05146,"Collect document box at storage area, as soon as possible.",Logistics,Service Request,IND-03
SYN-05147,Service needed: review access badge in main office as soon as possible.,Cleaning,Service Request,IND-05
SYN-05148,"Please provide support to replace the meal order at storage area, when available.",Food Services,Support Request,IND-10
SYN-05149,"please inspect the power unit at level two, this afternoon",Equipment,Service Request,IND-04
SYN-05150,Service needed: inspect waste bin in north wing before noon.,Cleaning,Service Request,IND-05
SYN-05153,"Please inspect the window at level two, before noon",Cleaning,Service Request,IND-05
SYN-05154,Service needed: restore lighting in north wing this afternoon,Facilities,Service Request,IND-01
SYN-05155,"Please provide support to locate the shipment at north wing, as soon as possible.",Logistics,Support Request,IND-10
SYN-05156,"Please replace the tool kit at storage area, today.",Equipment,Service Request,IND-07
SYN-05158,"Please remove the meeting room at reception, as soon as possible.",Cleaning,Service Request,IND-05
SYN-05159,Request to wash hallway - north wing - today,Cleaning,Service Request,IND-05
SYN-05160,"Locate shipment at storage area, as soon as possible.",Logistics,Support Request,IND-10
SYN-05161,"collect document box at main office, before noon.",Logistics,Service Request,IND-03
SYN-05162,Help needed to sanitize waste bin in main office this afternoon,Cleaning,Support Request,IND-10
SYN-05163,Service needed: connect application in north wing before noon.,IT Support,Service Request,IND-02
SYN-05164,Help needed to transfer package in storage area as soon as possible.,Logistics,Support Request,IND-10
SYN-05165,Request to replace beverage station - storage area - as soon as possible.,Food Services,Service Request,IND-04
SYN-05166,"Please inspect the elevator at reception, today.",Facilities,Service Request,IND-01
SYN-05167,help needed to deliver delivery cart in storage area before noon.,Logistics,Support Request,IND-10
SYN-05168,Request to transfer delivery cart - north wing - this afternoon,Logistics,Service Request,IND-03
SYN-05169,"please provide support to deliver the shipment at north wing, as soon as possible.",Logistics,Support Request,IND-10
SYN-05171,"Please provide support to transfer the supply order at level two, this afternoon.",Facilities,Support Request,IND-10
SYN-05172,Request to deliver supply order - main office - when available.,Logistics,Service Request,IND-03
SYN-05173,"Schedule delivery cart at level two, as soon as possible.",Logistics,Service Request,IND-03
SYN-05174,Help needed to clarify information request in level two before noon.,Facilities,Support Request,IND-10
SYN-05175,Service needed: remove meeting room in reception before noon.,Cleaning,Service Request,IND-05
SYN-05176,"please deliver the package at level two, this afternoon.",Logistics,Service Request,IND-03
SYN-05178,"Repair door at level two, when available.",Facilities,Service Request,IND-01
SYN-05179,"locate document box at reception, before noon.",Logistics,Service Request,IND-03
SYN-05180,Help needed to repair elevator in storage area before noon,Facilities,Support Request,IND-10
SYN-05181,"please provide support to confirm the food tray at main office, as soon as possible",Food Services,Support Request,IND-10
SYN-05182,"Please reset the user account at reception, before noon.",IT Support,Service Request,IND-02
SYN-05183,request to inspect air conditioner - level two - when available.,Logistics,Service Request,IND-03
SYN-05184,"Locate lost item at level two, before noon.",Equipment,Service Request,IND-07
SYN-05185,"Please inspect the water leak at level two, before noon.",Facilities,Service Request,IND-01
SYN-05187,Request to reset laptop - storage area - as soon as possible.,Security,Service Request,IND-06
SYN-05188,service needed: replace tool kit in reception this afternoon.,Equipment,Service Request,IND-07
SYN-05189,Help needed to inspect water leak in reception before noon.,Facilities,Support Request,IND-10
SYN-05190,Help needed to connect laptop in storage area when available.,Equipment,Support Request,IND-10
SYN-05191,"Please wash the spill at main office, today.",Security,Service Request,IND-06
SYN-05192,"please replace the special meal at level two, as soon as possible.",Food Services,Service Request,IND-04
SYN-05193,Service needed: reset application in storage area today.,IT Support,Service Request,IND-02
SYN-05195,"Please repair the water leak at north wing, before noon.",Facilities,Service Request,IND-01
SYN-05196,service needed: update printer in north wing this afternoon.,IT Support,Service Request,IND-02
SYN-05197,"adjust door at reception, this afternoon.",Facilities,Service Request,IND-01
SYN-05198,"Adjust door at main office, today.",Facilities,Support Request,IND-10
SYN-05199,"Please provide support to restore the water leak at main office, when available.",Facilities,Support Request,IND-10
SYN-05203,"Please confirm the menu at main office, as soon as possible.",Food Services,Service Request,IND-04
SYN-05204,service needed: authorize parking gate in storage area today,Security,Service Request,IND-06
SYN-05205,Request to deliver supply order - storage area - this afternoon,Logistics,Service Request,IND-03
SYN-05206,Complaint: recurring issue with camera at storage area,Security,Complaint,IND-09
SYN-05207,"Please wash the hallway at level two, today.",Cleaning,Service Request,IND-05
SYN-05208,Service needed: review complaint in storage area when available.,IT Support,Service Request,IND-02
SYN-05209,"Review visitor entrance at level two, before noon",Security,Service Request,IND-06
SYN-05210,"Please inspect the spill at main office, today.",Cleaning,Service Request,IND-05
SYN-05211,"Please provide support to remove the window at north wing, before noon.",Cleaning,Support Request,IND-10
SYN-05212,Service needed: update user account in storage area this afternoon.,Logistics,Service Request,IND-03
SYN-05214,Request to confirm food tray - reception - today.,Food Services,Service Request,IND-04
SYN-05216,Service needed: check elevator in reception before noon.,Facilities,Service Request,IND-01
SYN-05217,Help needed to transfer document box in main office today,Logistics,Support Request,IND-10
SYN-05218,Request to repair tool kit - north wing - today.,Equipment,Service Request,IND-07
SYN-05219,help needed to calibrate power unit in level two this afternoon.,Equipment,Support Request,IND-10
SYN-05220,Service needed: replace meal order in level two as soon as possible.,Food Services,Service Request,IND-04
SYN-05221,request to configure printer - level two - before noon.,IT Support,Service Request,IND-02
SYN-05222,Service needed: calibrate portable monitor in north wing before noon.,Equipment,Service Request,IND-07
SYN-05223,Complaint: recurring issue with hallway at storage area,Cleaning,Complaint,IND-09
SYN-05224,Service needed: adjust elevator in reception today,Facilities,Service Request,IND-01
SYN-05225,Service needed: sanitize meeting room in level two as soon as possible.,Cleaning,Service Request,IND-05
SYN-05226,help needed to inspect air conditioner in level two before noon.,Facilities,Support Request,IND-10
SYN-05227,"pls check the elevator at level two, as soon as possible",Facilities,Service Request,IND-05
SYN-05229,Help needed to configure laptop in level two as soon as possible.,IT Support,Support Request,IND-10
SYN-05230,"Please provide support to transfer the supply order at main office, this afternoon.",Logistics,Support Request,IND-10
SYN-05231,"Please adjust the door at main office, as soon as possible",Facilities,Service Request,IND-01
SYN-05232,Request to wash window - main office - this afternoon,Cleaning,Service Request,IND-05
SYN-05233,"Diagnose application at storage area, as soon as possible.",IT Support,Service Request,IND-02
SYN-05234,Service needed: inspect meeting room in north wing when available.,Cleaning,Service Request,IND-05
SYN-05235,Service needed: monitor lost item in reception before noon,Facilities,Service Request,IND-01
SYN-05236,Service needed: connect application in storage area before noon.,IT Support,Service Request,IND-02
SYN-05237,Request to locate package - reception - today,Logistics,Service Request,IND-03
SYN-05238,"Please inspect the door at storage area, when available.",Facilities,Service Request,IND-01
SYN-05240,Request to wash window - level two - as soon as possible.,Cleaning,Service Request,IND-05
SYN-05241,help needed to transfer document box in storage area as soon as possible.,Logistics,Support Request,IND-07
SYN-05242,Service needed: inspect meeting room in main office before noon,Cleaning,Service Request,IND-05
SYN-05243,Service needed: prepare meal order in storage area this afternoon.,Food Services,Service Request,IND-04
SYN-05244,"Please provide support to schedule the supply order at reception, as soon as possible.",Logistics,Support Request,IND-10
SYN-05245,Request to replace power unit - level two - today.,Facilities,Service Request,IND-01
SYN-05246,Help needed to clean waste bin in north wing this afternoon.,Cleaning,Support Request,IND-04
SYN-05248,Service needed: check door in main office when available.,Facilities,Service Request,IND-01
SYN-05249,"Please provide support to diagnose the network at north wing, this afternoon.",IT Support,Support Request,IND-10
SYN-05250,request to deliver beverage station - level two - today.,Food Services,Service Request,IND-04
SYN-05252,Service needed: remove waste bin in level two before noon.,Cleaning,Service Request,IND-05
SYN-05253,Complaint: recurring issue with window at main office,Cleaning,Complaint,IND-09
SYN-05254,"The spill issue at main office happened again, please review",Cleaning,Complaint,IND-09
SYN-05255,Request to connect network - main office - when available.,IT Support,Service Request,IND-02
SYN-05257,Request to deliver beverage station - storage area - when available,Food Services,Service Request,IND-04
SYN-05258,"Please provide support to check the elevator at storage area, this afternoon.",Facilities,Support Request,IND-10
SYN-05259,"Please locate the shipment at storage area, as soon as possible.",Logistics,Service Request,IND-03
SYN-05260,"Please inspect the elevator at north wing, as soon as possible.",Facilities,Service Request,IND-01
SYN-05261,Service needed: register information request in north wing before noon.,Customer Support,Service Request,IND-08
SYN-05262,Request to reset network - reception - when available,IT Support,Service Request,IND-02
SYN-05263,help needed to inspect power unit in storage area today.,Equipment,Support Request,IND-10
SYN-05264,"Please provide support to adjust the door at storage area, as soon as possible.",Facilities,Support Request,IND-10
SYN-05266,"Locate delivery cart at main office, when available.",Logistics,Service Request,IND-03
SYN-05267,"The delivery cart issue at storage area happened again, please review.",Logistics,Complaint,IND-09
SYN-05268,"Deliver food tray at storage area, today.",Food Services,Service Request,IND-04
SYN-05269,"The visitor entrance issue at main office happened again, please review.",Facilities,Complaint,IND-09
SYN-05270,"Please provide support to inspect the water leak at reception, as soon as possible.",Facilities,Support Request,IND-10
SYN-05271,"Please provide support to transfer the delivery cart at storage area, before noon.",IT Support,Support Request,IND-10
SYN-05272,Request to schedule shipment - main office - today,Logistics,Service Request,IND-03
SYN-05273,service needed: monitor access badge in main office as soon as possible.,Security,Service Request,IND-06
SYN-05274,"The printer issue at level two happened again, please review.",IT Support,Complaint,IND-09
SYN-05275,"reset printer at storage area, before noon.",IT Support,Service Request,IND-02
SYN-05276,Request to connect network - storage area - this afternoon.,IT Support,Service Request,IND-02
SYN-05277,Help needed to prepare food tray in north wing before noon.,Food Services,Support Request,IND-10
SYN-05279,"Please provide support to configure the user account at reception, this afternoon.",IT Support,Support Request,IND-10
SYN-05280,Service needed: check lighting in north wing as soon as possible,Facilities,Service Request,IND-01
SYN-05281,service needed: inspect door in level two today.,Facilities,Service Request,IND-01
SYN-05282,Service needed: authorize parking gate in level two as soon as possible,Security,Service Request,IND-06
SYN-05283,Service needed: update application in storage area today,IT Support,Service Request,IND-02
SYN-05284,"Calibrate office chair at main office, as soon as possible.",Equipment,Support Request,IND-10
SYN-05285,"Repair water leak at main office, before noon.",Facilities,Service Request,IND-01
SYN-05286,"Check door at main office, as soon as possible.",Facilities,Service Request,IND-01
SYN-05287,"Please repair the water leak at main office, as soon as possible.",Facilities,Service Request,IND-01
SYN-05288,service needed: clarify appointment in level two today.,Cleaning,Service Request,IND-05
SYN-05289,"Please inspect the lighting at north wing, this afternoon.",Facilities,Service Request,IND-01
SYN-05290,Service needed: reset user account in level two today.,IT Support,Service Request,IND-02
SYN-05293,"Please provide support to locate the shipment at level two, when available.",Logistics,Support Request,IND-10
SYN-05295,service needed: follow up feedback in level two when available,Customer Support,Service Request,IND-08
SYN-05296,"the meeting room issue at north wing happened again, please review.",Cleaning,Complaint,IND-09
SYN-05297,"Please deliver the delivery cart at storage area, as soon as possible.",Logistics,Service Request,IND-03
SYN-05299,Service needed: replace food tray in reception as soon as possible.,Food Services,Service Request,IND-04
SYN-05300,Service needed: monitor visitor entrance in north wing this afternoon.,Security,Service Request,IND-06
SYN-05301,"Please schedule the document box at north wing, this afternoon.",Logistics,Service Request,IND-03
SYN-05302,Service needed: provide projector in main office as soon as possible.,Equipment,Service Request,IND-07
SYN-05303,"Please provide support to provide the tool kit at north wing, this afternoon.",Equipment,Support Request,IND-10
SYN-05304,"Please provide support to configure the printer at storage area, as soon as possible",IT Support,Support Request,IND-10
SYN-05305,Request to adjust air conditioner - level two - today.,Facilities,Service Request,IND-01
SYN-05306,request to repair air conditioner - reception - before noon.,Facilities,Service Request,IND-01
SYN-05308,Request to wash hallway - storage area - when available.,Cleaning,Service Request,IND-05
SYN-05309,Request to configure network - level two - this afternoon.,IT Support,Service Request,IND-02
SYN-05310,Service needed: wash hallway in main office today.,Cleaning,Service Request,IND-05
SYN-05311,"Please provide support to update the printer at main office, as soon as possible",IT Support,Support Request,IND-10
SYN-05312,Service needed: respond to complaint in reception this afternoon.,Customer Support,Service Request,IND-08
SYN-05313,"Please provide support to sanitize the hallway at main office, when available.",Cleaning,Support Request,IND-10
SYN-05314,svc needed: diagnose printer in reception before noon.,IT Support,Service Request,IND-02
SYN-05316,"Please provide support to replace the office chair at main office, as soon as possible.",Equipment,Support Request,IND-10
SYN-05317,"please provide support to configure the application at north wing, before noon.",IT Support,Support Request,IND-10
SYN-05318,complaint: recurring issue with application at level two.,IT Support,Complaint,IND-09
SYN-05319,Request to connect application - reception - as soon as possible.,IT Support,Service Request,IND-02
SYN-05321,Request to inspect window - level two - as soon as possible.,Cleaning,Service Request,IND-05
SYN-05322,"Please provide support to locate the package at level two, as soon as possible.",Facilities,Support Request,IND-10
SYN-05323,Service needed: locate package in storage area this afternoon.,Logistics,Service Request,IND-03
SYN-05324,"Please inspect the power unit at north wing, this afternoon.",Equipment,Service Request,IND-07
SYN-05325,Service needed: repair air conditioner in level two this afternoon.,Facilities,Service Request,IND-01
SYN-05326,"Please review the food tray at storage area, as soon as possible.",Food Services,Service Request,IND-07
SYN-05327,Request to provide office chair - reception - before noon.,Equipment,Service Request,IND-07
SYN-05328,request to repair tool kit - reception - before noon,Equipment,Service Request,IND-07
SYN-05329,"Restore air conditioner at main office, when available.",Facilities,Support Request,IND-10
SYN-05330,Request to remove waste bin - north wing - as soon as possible.,Cleaning,Service Request,IND-05
SYN-05331,Help needed to transfer shipment in storage area before noon.,Logistics,Support Request,IND-10
SYN-05332,Request to reset printer - main office - as soon as possible.,IT Support,Service Request,IND-02
SYN-05334,Service needed: locate package in main office today.,Logistics,Service Request,IND-03
SYN-05337,Request to repair door - reception - as soon as possible.,Facilities,Service Request,IND-01
SYN-05338,Request to provide power unit - main office - this afternoon.,IT Support,Service Request,IND-02
SYN-05339,"please wash the spill at reception, today.",Cleaning,Service Request,IND-05
SYN-05340,"pls provide support to confirm the food tray at storage area, as soon as possible.",Food Services,Support Request,IND-10
SYN-05341,service needed: deliver beverage station in north wing before noon,Food Services,Service Request,IND-04
SYN-05342,Service needed: configure network in north wing this afternoon.,IT Support,Service Request,IND-02
SYN-05343,"Clean hallway at north wing, before noon.",Cleaning,Service Request,IND-05
SYN-05344,Service needed: inspect lighting in reception as soon as possible.,Facilities,Service Request,IND-01
SYN-05345,Service needed: adjust elevator in north wing when available.,Facilities,Service Request,IND-01
SYN-05346,Service needed: repair water leak in level two today,Facilities,Service Request,IND-01
SYN-05347,"Please deliver the delivery cart at reception, as soon as possible.",Logistics,Service Request,IND-03
SYN-05348,"Please locate the camera at storage area, when available.",Security,Service Request,IND-06
SYN-05350,"Reset user account at reception, this afternoon.",IT Support,Service Request,IND-02
SYN-05351,"Please provide support to connect the user account at storage area, before noon.",IT Support,Support Request,IND-10
SYN-05352,Request to clean waste bin - reception - before noon.,Cleaning,Service Request,IND-05
SYN-05353,"Please restore the door at north wing, when available",Facilities,Service Request,IND-01
SYN-05354,"schedule package at level two, before noon",Logistics,Support Request,IND-10
SYN-05355,"Adjust air conditioner at storage area, when available",Facilities,Service Request,IND-01
SYN-05356,"please provide support to authorize the camera at storage area, as soon as possible.",Security,Support Request,IND-10
SYN-05358,Request to adjust lighting - north wing - this afternoon.,Facilities,Service Request,IND-01
SYN-05359,Request to clarify feedback - reception - before noon.,Customer Support,Service Request,IND-07
SYN-05360,Request to inspect lighting - level two - today.,Facilities,Service Request,IND-01
SYN-05361,Request to inspect spill - main office - before noon.,Cleaning,Service Request,IND-05
SYN-05362,"Please check the air conditioner at main office, this afternoon.",Facilities,Service Request,IND-01
SYN-05363,"Please configure the laptop at reception, before noon.",IT Support,Service Request,IND-02
SYN-05365,Service needed: sanitize window in storage area before noon.,Cleaning,Service Request,IND-05
SYN-05366,"Please inspect the window at main office, this afternoon",Customer Support,Service Request,IND-08
SYN-05367,Service needed: restore elevator in storage area today.,Facilities,Service Request,IND-01
SYN-05369,"please respond to the complaint at storage area, today",Customer Support,Service Request,IND-08
SYN-05370,Help needed to inspect door in reception this afternoon,Facilities,Support Request,IND-10
SYN-05371,Service needed: reset printer in level two when available.,IT Support,Service Request,IND-02
SYN-05372,Request to confirm food tray - north wing - today.,Facilities,Service Request,IND-01
SYN-05373,Service needed: remove spill in storage area as soon as possible.,Cleaning,Service Request,IND-05
SYN-05374,Service needed: restore door in level two before noon,Facilities,Service Request,IND-01
SYN-05375,Service needed: replace tool kit in main office before noon,Equipment,Service Request,IND-07
SYN-05376,Help needed to locate delivery cart in reception this afternoon.,Logistics,Support Request,IND-04
SYN-05377,"replace office chair at storage area, as soon as possible.",Cleaning,Support Request,IND-10
SYN-05378,Request to inspect lighting - storage area - when available,Facilities,Service Request,IND-01
SYN-05379,"Please provide support to wash the hallway at north wing, when available",Cleaning,Support Request,IND-10
SYN-05380,"review food tray at main office, this afternoon.",Food Services,Service Request,IND-04
SYN-05381,Request to collect shipment - level two - when available.,IT Support,Service Request,IND-02
SYN-05382,"clean spill at reception, when available.",Cleaning,Support Request,IND-10
SYN-05383,Request to review access badge - north wing - today.,Security,Service Request,IND-06
SYN-05384,"Please connect the user account at level two, before noon.",IT Support,Service Request,IND-02
SYN-05385,"Please provide support to diagnose the user account at north wing, before noon.",IT Support,Support Request,IND-10
SYN-05386,Request to check lighting - main office - when available.,Facilities,Service Request,IND-01
SYN-05387,"Review special meal at main office, this afternoon.",Food Services,Service Request,IND-04
SYN-05388,Request to restore door - main office - when available.,Facilities,Service Request,IND-01
SYN-05390,"Clarify appointment at reception, when available.",Customer Support,Complaint,IND-09
SYN-05391,"Please provide support to locate the camera at level two, this afternoon.",Security,Support Request,IND-10
SYN-05392,"Locate supply order at storage area, before noon.",Logistics,Support Request,IND-10
SYN-05395,"Repair air conditioner at reception, when available.",Facilities,Support Request,IND-10
SYN-05396,"Restore lighting at north wing, this afternoon.",Facilities,Service Request,IND-01
SYN-05397,Service needed: adjust water leak in north wing this afternoon.,Facilities,Service Request,IND-01
SYN-05398,"Sanitize meeting room at reception, this afternoon.",Cleaning,Service Request,IND-05
SYN-05399,"inspect power unit at storage area, before noon.",Equipment,Service Request,IND-07
SYN-05402,Request to check air conditioner - reception - when available.,Facilities,Service Request,IND-01
SYN-05404,Help needed to sanitize hallway in north wing today.,Cleaning,Support Request,IND-10
SYN-05405,Request to transfer supply order - level two - as soon as possible.,Logistics,Service Request,IND-03
SYN-05406,Service needed: monitor visitor entrance in level two as soon as possible.,Security,Service Request,IND-06
SYN-05407,"Restore air conditioner at main office, today.",Facilities,Service Request,IND-01
SYN-05408,"The feedback issue at storage area happened again, pls review.",Customer Support,Complaint,IND-09
SYN-05409,Request to wash spill - reception - before noon.,Cleaning,Service Request,IND-05
SYN-05410,Request to clean hallway - main office - before noon,Cleaning,Service Request,IND-05
SYN-05411,"Deliver special meal at north wing, when available.",Food Services,Service Request,IND-04
SYN-05412,service needed: confirm meal order in reception when available.,Food Services,Service Request,IND-04
SYN-05413,"Please configure the network at storage area, today.",IT Support,Service Request,IND-02
SYN-05414,Request to configure application - level two - when available,IT Support,Service Request,IND-02
SYN-05415,service needed: respond to service status in reception today.,Customer Support,Service Request,IND-08
SYN-05416,"Please locate the supply order at level two, before noon",Logistics,Service Request,IND-03
SYN-05418,"Please provide support to deliver the special meal at main office, today.",Food Services,Support Request,IND-10
SYN-05419,Help needed to reset printer in storage area this afternoon,IT Support,Support Request,IND-10
SYN-05420,"Please confirm the beverage station at level two, as soon as possible.",Food Services,Service Request,IND-04
SYN-05421,Help needed to replace portable monitor in reception when available,Logistics,Support Request,IND-10
SYN-05422,Service needed: calibrate tool kit in reception as soon as possible.,Equipment,Service Request,IND-07
SYN-05423,Help needed to sanitize hallway in reception today.,Cleaning,Support Request,IND-10
SYN-05424,Service needed: review access badge in reception today.,Food Services,Service Request,IND-04
SYN-05425,"Prepare food tray at north wing, as soon as possible.",Food Services,Service Request,IND-04
SYN-05426,Request to review service status - north wing - today.,Customer Support,Service Request,IND-08
SYN-05427,"pls provide support to repair the door at north wing, when available",Facilities,Support Request,IND-10
SYN-05428,"Please inspect the spill at north wing, this afternoon.",Facilities,Service Request,IND-01
SYN-05429,Help needed to verify access badge in main office today.,Security,Support Request,IND-10
SYN-05430,Request to review information request - level two - this afternoon.,Customer Support,Service Request,IND-08
SYN-05431,"Please provide support to configure the user account at main office, before noon.",IT Support,Support Request,IND-10
SYN-05432,request to diagnose network - storage area - when available.,IT Support,Service Request,IND-02
SYN-05433,Request to diagnose network - north wing - before noon.,IT Support,Service Request,IND-02
SYN-05436,"Please provide support to configure the network at reception, before noon",IT Support,Support Request,IND-10
SYN-05437,"Deliver supply order at north wing, as soon as possible.",Logistics,Complaint,IND-09
SYN-05438,request to review visitor entrance - storage area - when available.,Security,Service Request,IND-06
SYN-05439,"schedule document box at main office, this afternoon.",Logistics,Service Request,IND-03
SYN-05440,Request to collect shipment - level two - today.,Logistics,Service Request,IND-03
SYN-05441,"locate document box at storage area, this afternoon.",Logistics,Service Request,IND-03
SYN-05442,"Please monitor the access badge at north wing, this afternoon.",Security,Service Request,IND-06
SYN-05443,"Please provide support to clarify the appointment at storage area, when available.",Customer Support,Support Request,IND-10
SYN-05444,service needed: inspect elevator in level two when available.,Facilities,Service Request,IND-01
SYN-05445,Help needed to provide power unit in north wing as soon as possible.,Equipment,Support Request,IND-10
SYN-05446,Service needed: inspect water leak in main office when available.,Facilities,Service Request,IND-01
SYN-05447,"Please adjust the water leak at level two, as soon as possible.",Security,Service Request,IND-06
SYN-05448,"Please inspect the spill at north wing, this afternoon.",Cleaning,Service Request,IND-05
SYN-05449,"Prepare special meal at main office, this afternoon.",Food Services,Complaint,IND-09
SYN-05451,"Please adjust the air conditioner at main office, when available.",Facilities,Service Request,IND-01
SYN-05452,"Transfer package at reception, today.",Logistics,Service Request,IND-03
SYN-05453,"Adjust lighting at main office, before noon.",Facilities,Support Request,IND-10
SYN-05454,"Sanitize hallway at storage area, before noon.",Cleaning,Complaint,IND-09
SYN-05455,Service needed: inspect lighting in north wing when available.,Facilities,Service Request,IND-04
SYN-05456,service needed: deliver package in north wing today.,Logistics,Service Request,IND-03
SYN-05457,"Check door at reception, this afternoon.",Facilities,Complaint,IND-09
SYN-05460,"The user account issue at storage area happened again, please review",IT Support,Complaint,IND-09
SYN-05461,"Please remove the spill at storage area, when available.",Cleaning,Service Request,IND-05
SYN-05462,"The visitor entrance issue at storage area happened again, please review.",Security,Complaint,IND-09
SYN-05463,request to replace tool kit - storage area - when available.,Equipment,Service Request,IND-07
SYN-05464,"Please provide support to confirm the meal order at north wing, when available.",Food Services,Support Request,IND-10
SYN-05465,"please wash the waste bin at main office, before noon.",Cleaning,Service Request,IND-05
SYN-05466,service needed: adjust water leak in level two today.,Facilities,Service Request,IND-01
SYN-05467,Request to remove waste bin - main office - today.,IT Support,Service Request,IND-02
SYN-05468,"Please prepare the special meal at reception, as soon as possible.",Security,Service Request,IND-06
SYN-05469,Help needed to clean window in north wing when available.,Cleaning,Support Request,IND-10
SYN-05470,"Please restore the door at level two, before noon.",Logistics,Service Request,IND-04
SYN-05472,"Replace portable monitor at level two, as soon as possible.",Equipment,Service Request,IND-07
SYN-05473,"please check the water leak at level two, today.",Facilities,Service Request,IND-01
SYN-05475,Service needed: replace menu in storage area this afternoon,Food Services,Service Request,IND-04
SYN-05476,"Adjust air conditioner at reception, when available.",Facilities,Complaint,IND-09
SYN-05477,request to transfer package - reception - today.,Logistics,Service Request,IND-03
SYN-05478,Complaint: recurring issue with access badge at storage area,Security,Complaint,IND-09
SYN-05480,Service needed: transfer document box in reception as soon as possible.,Logistics,Service Request,IND-03
SYN-05481,"please provide support to deliver the food tray at main office, this afternoon",Food Services,Support Request,IND-10
SYN-05482,"Inspect spill at main office, this afternoon.",Cleaning,Support Request,IND-10
SYN-05483,"Please provide support to deliver the meal order at north wing, before noon.",Food Services,Support Request,IND-10
SYN-05484,"Please update the laptop at level two, before noon.",IT Support,Service Request,IND-02
SYN-05486,help needed to locate camera in level two this afternoon,Security,Support Request,IND-06
SYN-05487,Service needed: review meal order in reception when available.,Food Services,Service Request,IND-04
SYN-05488,request to deliver supply order - reception - this afternoon.,Logistics,Service Request,IND-03
SYN-05489,"Confirm food tray at reception, before noon",Food Services,Complaint,IND-09
SYN-05490,"Please provide support to locate the delivery cart at storage area, this afternoon",Logistics,Support Request,IND-10
SYN-05493,"Please confirm the meal order at reception, when available.",Food Services,Service Request,IND-04
SYN-05494,Help needed to deliver document box in level two before noon,Logistics,Support Request,IND-10
SYN-05495,"the hallway issue at reception happened again, please review.",Cleaning,Complaint,IND-09
SYN-05496,Request to replace portable monitor - reception - this afternoon.,Food Services,Service Request,IND-04
SYN-05497,Help needed to schedule delivery cart in level two as soon as possible.,Logistics,Support Request,IND-10
SYN-05498,"Register information request at north wing, as soon as possible",Customer Support,Service Request,IND-08
SYN-05499,Service needed: diagnose application in reception today.,IT Support,Service Request,IND-02
SYN-05500,"Please reset the network at storage area, as soon as possible.",IT Support,Service Request,IND-02
SYN-05502,Help needed to repair door in level two today.,Facilities,Support Request,IND-10
SYN-05504,Service needed: calibrate power unit in main office before noon.,Equipment,Service Request,IND-07
SYN-05505,"Please locate the document box at level two, when available.",Logistics,Service Request,IND-03
SYN-05507,"Authorize access badge at level two, when available.",Security,Service Request,IND-06
SYN-05508,"Please review the menu at storage area, as soon as possible.",Facilities,Service Request,IND-01
SYN-05509,"Locate package at north wing, today.",Logistics,Service Request,IND-03
SYN-05510,"configure printer at level two, before noon.",IT Support,Service Request,IND-02
SYN-05511,Request to deliver meal order - storage area - as soon as possible.,Food Services,Service Request,IND-04
SYN-05512,Complaint: recurring issue with beverage station at north wing,Food Services,Complaint,IND-09
SYN-05513,Service needed: schedule supply order in level two before noon.,Logistics,Service Request,IND-03
SYN-05514,Request to remove hallway - level two - this afternoon.,Cleaning,Service Request,IND-06
SYN-05516,Request to repair projector - storage area - before noon.,Equipment,Service Request,IND-07
SYN-05517,"please deliver the shipment at north wing, before noon.",Logistics,Service Request,IND-03
SYN-05518,"Please transfer the shipment at storage area, today.",Logistics,Service Request,IND-03
SYN-05519,"The network issue at north wing happened again, please review.",IT Support,Complaint,IND-09
SYN-05520,help needed to transfer shipment in north wing as soon as possible,Logistics,Support Request,IND-10
SYN-05521,Service needed: replace portable monitor in north wing before noon.,Equipment,Service Request,IND-07
SYN-05522,complaint: recurring issue with application at reception.,IT Support,Complaint,IND-09
SYN-05523,"please configure the application at main office, this afternoon.",IT Support,Service Request,IND-02
SYN-05524,"Please update the application at reception, before noon.",Logistics,Service Request,IND-03
SYN-05525,service needed: authorize lost item in reception this afternoon.,Security,Service Request,IND-06
SYN-05527,"Repair door at main office, as soon as possible.",Facilities,Service Request,IND-01
SYN-05530,Service needed: inspect office chair in north wing before noon.,Equipment,Service Request,IND-07
SYN-05531,"Please provide support to adjust the door at level two, as soon as possible.",Facilities,Support Request,IND-10
SYN-05532,"Please provide support to locate the shipment at level two, before noon.",Logistics,Support Request,IND-10
SYN-05533,Request to prepare beverage station - storage area - this afternoon.,Food Services,Service Request,IND-04
SYN-05534,Service needed: reset printer in reception before noon.,IT Support,Service Request,IND-02
SYN-05535,Service needed: remove spill in level two today,Cleaning,Service Request,IND-05
SYN-05536,Service needed: verify parking gate in level two this afternoon.,IT Support,Service Request,IND-02
SYN-05540,"the service status issue at level two happened again, please review.",Customer Support,Complaint,IND-09
SYN-05541,"the camera issue at main office happened again, please review.",Security,Complaint,IND-09
SYN-05542,Service needed: check water leak in level two today.,Facilities,Service Request,IND-01
SYN-05543,"collect document box at level two, today.",Logistics,Support Request,IND-10
SYN-05545,Complaint: recurring issue with visitor entrance at level two.,Security,Complaint,IND-09
SYN-05546,"Please inspect the air conditioner at level two, when available.",Facilities,Service Request,IND-01
SYN-05547,"reset printer at storage area, today.",IT Support,Service Request,IND-02
SYN-05548,"pls adjust the elevator at storage area, today.",Facilities,Service Request,IND-01
SYN-05549,Service needed: calibrate power unit in level two before noon.,Equipment,Service Request,IND-07
SYN-05551,"Verify parking gate at storage area, as soon as possible.",Security,Service Request,IND-06
SYN-05552,"Please provide support to wash the spill at north wing, when available.",Cleaning,Support Request,IND-10
SYN-05553,"Please provide support to provide the portable monitor at north wing, when available.",Equipment,Support Request,IND-10
SYN-05554,Service needed: update laptop in storage area when available.,IT Support,Service Request,IND-02
SYN-05555,Request to deliver meal order - main office - before noon.,Food Services,Service Request,IND-04
SYN-05557,"Please restore the water leak at north wing, when available",Facilities,Service Request,IND-01
SYN-05558,"Locate lost item at north wing, as soon as possible.",Security,Service Request,IND-06
SYN-05559,"Please update the printer at main office, as soon as possible.",IT Support,Service Request,IND-02
SYN-05560,"Verify visitor entrance at reception, today.",Security,Support Request,IND-10
SYN-05561,Help needed to configure printer in reception before noon.,IT Support,Support Request,IND-10
SYN-05562,"please provide support to locate the visitor entrance at main office, this afternoon.",Security,Support Request,IND-10
SYN-05563,"Please deliver the food tray at level two, when available.",Customer Support,Service Request,IND-08
SYN-05564,"Please provide support to adjust the elevator at main office, before noon.",Facilities,Support Request,IND-10
SYN-05565,Request to register appointment - storage area - before noon.,Equipment,Service Request,IND-07
SYN-05566,"Reset network at storage area, this afternoon.",IT Support,Service Request,IND-02
SYN-05567,Request to review appointment - north wing - when available.,Customer Support,Service Request,IND-08
SYN-05568,"Replace food tray at reception, this afternoon.",Food Services,Service Request,IND-04
SYN-05569,"Please provide support to wash the waste bin at main office, this afternoon.",Cleaning,Support Request,IND-10
SYN-05570,"Please wash the hallway at reception, today",Cleaning,Service Request,IND-05
SYN-05572,"please authorize the camera at reception, before noon.",Security,Service Request,IND-06
SYN-05573,Request to locate delivery cart - main office - as soon as possible.,Logistics,Service Request,IND-03
SYN-05574,"Provide power unit at storage area, today.",Equipment,Service Request,IND-07
SYN-05575,service needed: reset user account in main office before noon.,IT Support,Service Request,IND-02
SYN-05576,"Please clarify the service status at reception, when available.",Customer Support,Service Request,IND-08
SYN-05577,Help needed to review food tray in level two today,Food Services,Support Request,IND-10
SYN-05578,Service needed: reset user account in main office today.,IT Support,Service Request,IND-02
SYN-05579,"Please provide support to locate the visitor entrance at storage area, today.",Security,Support Request,IND-10
SYN-05580,"please provide support to review the information request at level two, before noon",Customer Support,Support Request,IND-10
SYN-05581,Help needed to restore air conditioner in reception as soon as possible.,Facilities,Support Request,IND-10
SYN-05582,Complaint: recurring issue with water leak at level two,Facilities,Complaint,IND-09
SYN-05584,Complaint: recurring issue with service status at north wing.,Customer Support,Complaint,IND-09
SYN-05585,"Please update the application at reception, as soon as possible",IT Support,Service Request,IND-02
SYN-05586,"please monitor the parking gate at level two, as soon as possible.",Equipment,Service Request,IND-07
SYN-05587,"Replace special meal at storage area, before noon.",Food Services,Service Request,IND-04
SYN-05588,"please connect the network at north wing, before noon.",IT Support,Service Request,IND-02
SYN-05589,"Please provide support to adjust the elevator at reception, as soon as possible.",Facilities,Support Request,IND-10
SYN-05590,service needed: inspect spill in main office today.,Cleaning,Service Request,IND-05
SYN-05591,Service needed: replace food tray in storage area before noon.,Food Services,Service Request,IND-04
SYN-05592,"Deliver menu at main office, today.",Food Services,Support Request,IND-10
SYN-05593,Help needed to authorize visitor entrance in main office as soon as possible.,Security,Support Request,IND-10
SYN-05595,Service needed: prepare beverage station in main office before noon,Food Services,Service Request,IND-04
SYN-05597,"Please remove the meeting room at reception, today.",Cleaning,Service Request,IND-05
SYN-05598,"The lighting issue at main office happened again, please review",Facilities,Complaint,IND-09
SYN-05599,"Restore elevator at storage area, today",Facilities,Support Request,IND-10
SYN-05600,"Repair elevator at main office, as soon as possible.",Facilities,Service Request,IND-01
SYN-05602,"Please deliver the document box at main office, when available.",Logistics,Service Request,IND-03
SYN-05603,Request to deliver menu - main office - before noon.,Food Services,Service Request,IND-04
SYN-05604,"the shipment issue at level two happened again, please review.",Logistics,Complaint,IND-09
SYN-05605,"Please update the user account at main office, before noon.",IT Support,Service Request,IND-02
SYN-05606,Service needed: respond to service status in north wing today.,Customer Support,Service Request,IND-08
SYN-05607,Service needed: inspect power unit in north wing when available,Equipment,Service Request,IND-07
SYN-05608,Request to collect shipment - main office - this afternoon.,Logistics,Service Request,IND-03
SYN-05609,Help needed to confirm special meal in storage area as soon as possible.,Security,Support Request,IND-10
SYN-05610,"Please provide support to connect the application at main office, today.",Food Services,Support Request,IND-10
SYN-05611,"Please confirm the menu at storage area, before noon.",Food Services,Service Request,IND-04
SYN-05612,"Connect network at storage area, before noon.",IT Support,Service Request,IND-02
SYN-05614,"the visitor entrance issue at storage area happened again, please review.",Security,Complaint,IND-09
SYN-05616,"deliver beverage station at storage area, when available.",Security,Service Request,IND-06
SYN-05617,"Please deliver the document box at level two, before noon.",Logistics,Service Request,IND-03
SYN-05618,"please deliver the shipment at level two, today.",Logistics,Service Request,IND-03
SYN-05620,Help needed to prepare menu in north wing this afternoon,Food Services,Support Request,IND-10
SYN-05621,Service needed: configure laptop in north wing as soon as possible.,Security,Service Request,IND-06
SYN-05622,"Adjust water leak at reception, as soon as possible.",Facilities,Complaint,IND-09
SYN-05623,Help needed to check elevator in storage area as soon as possible,Facilities,Support Request,IND-10
SYN-05624,"Please confirm the special meal at north wing, when available",Food Services,Service Request,IND-04
SYN-05625,"Please connect the laptop at level two, when available",IT Support,Service Request,IND-02
SYN-05626,"Reset application at main office, before noon.",IT Support,Service Request,IND-02
SYN-05627,Service needed: deliver package in level two this afternoon.,Logistics,Service Request,IND-03
SYN-05629,request to replace office chair - north wing - as soon as possible.,Equipment,Service Request,IND-07
SYN-05630,"Update printer at storage area, this afternoon.",IT Support,Service Request,IND-02
SYN-05632,"Deliver supply order at level two, when available.",Logistics,Service Request,IND-03
SYN-05633,Service needed: respond to appointment in main office as soon as possible.,Customer Support,Service Request,IND-08
SYN-05634,Service needed: inspect waste bin in level two when available.,Cleaning,Service Request,IND-05
SYN-05636,"please deliver the special meal at north wing, today.",Food Services,Service Request,IND-04
SYN-05637,service needed: replace office chair in reception this afternoon.,Logistics,Service Request,IND-03
SYN-05638,Request to confirm meal order - storage area - when available.,Food Services,Service Request,IND-04
SYN-05640,Request to clean meeting room - main office - today.,Cleaning,Service Request,IND-05
SYN-05641,"Please remove the meeting room at north wing, before noon.",Cleaning,Service Request,IND-05
SYN-05642,"please update the network at storage area, as soon as possible.",IT Support,Service Request,IND-02
SYN-05643,Service needed: reset user account in main office when available.,IT Support,Service Request,IND-02
SYN-05644,Help needed to check water leak in main office this afternoon.,Facilities,Support Request,IND-10
SYN-05645,Request to restore lighting - storage area - this afternoon.,Facilities,Service Request,IND-01
SYN-05647,Request to clarify service status - main office - before noon,Facilities,Service Request,IND-01
SYN-05648,"Please verify the lost item at reception, this afternoon.",Security,Service Request,IND-06
SYN-05649,"Connect application at north wing, this afternoon.",IT Support,Support Request,IND-10
SYN-05651,Request to transfer shipment - north wing - today,Logistics,Service Request,IND-03
SYN-05652,"The spill issue at north wing happened again, pls review.",Cleaning,Complaint,IND-09
SYN-05653,service needed: diagnose network in level two this afternoon.,IT Support,Service Request,IND-02
SYN-05654,Request to locate lost item - main office - today.,Security,Service Request,IND-06
SYN-05655,Service needed: reset network in level two when available.,IT Support,Service Request,IND-02
SYN-05656,"Adjust air conditioner at storage area, this afternoon",Facilities,Support Request,IND-10
SYN-05657,"Register information request at main office, today",Logistics,Complaint,IND-06
SYN-05658,Service needed: reset application in storage area before noon.,IT Support,Service Request,IND-02
SYN-05659,"Please provide support to clarify the information request at level two, before noon.",Cleaning,Support Request,IND-10
SYN-05660,Help needed to check elevator in storage area this afternoon.,Facilities,Support Request,IND-10
SYN-05663,service needed: sanitize hallway in storage area before noon.,Cleaning,Service Request,IND-05
SYN-05664,complaint: recurring issue with delivery cart at reception.,Logistics,Complaint,IND-09
SYN-05665,help needed to diagnose user account in north wing when available.,IT Support,Support Request,IND-10
SYN-05666,"Sanitize window at north wing, before noon",Cleaning,Service Request,IND-05
SYN-05667,"transfer shipment at storage area, today",Logistics,Service Request,IND-03
SYN-05668,Help needed to transfer package in north wing this afternoon.,Logistics,Support Request,IND-10
SYN-05669,Help needed to collect delivery cart in storage area before noon.,Logistics,Support Request,IND-10
SYN-05670,Service needed: repair elevator in storage area as soon as possible.,Facilities,Service Request,IND-01
SYN-05671,Service needed: schedule document box in reception as soon as possible.,Customer Support,Service Request,IND-08
SYN-05672,"the delivery cart issue at storage area happened again, please review.",Logistics,Complaint,IND-09
SYN-05673,"the lost item issue at storage area happened again, please review.",Security,Complaint,IND-09
SYN-05674,Service needed: prepare beverage station in storage area as soon as possible,Food Services,Service Request,IND-04
SYN-05675,request to clarify information request - main office - when available.,Customer Support,Service Request,IND-08
SYN-05676,Service needed: restore lighting in north wing this afternoon.,Facilities,Service Request,IND-01
SYN-05677,Service needed: schedule delivery cart in reception when available.,Logistics,Service Request,IND-03
SYN-05678,"Please diagnose the application at main office, this afternoon.",IT Support,Service Request,IND-02
SYN-05679,"Inspect water leak at reception, today.",Facilities,Service Request,IND-01
SYN-05680,Service needed: clarify service status in storage area this afternoon.,Customer Support,Service Request,IND-08
SYN-05681,Service needed: inspect air conditioner in storage area when available.,Facilities,Service Request,IND-01
SYN-05682,"verify camera at main office, when available.",Security,Complaint,IND-09
SYN-05683,Help needed to review visitor entrance in reception as soon as possible.,Security,Support Request,IND-10
SYN-05684,Service needed: check water leak in level two before noon.,Facilities,Service Request,IND-01
SYN-05685,"Collect document box at main office, before noon",Logistics,Service Request,IND-03
SYN-05686,Request to configure printer - level two - today.,IT Support,Service Request,IND-02
SYN-05687,"monitor lost item at storage area, this afternoon.",Security,Support Request,IND-10
SYN-05688,Service needed: register service status in north wing today.,Customer Support,Service Request,IND-08
SYN-05689,"Please inspect the air conditioner at reception, as soon as possible",Facilities,Service Request,IND-01
SYN-05690,Service needed: restore water leak in main office this afternoon.,Facilities,Service Request,IND-01
SYN-05692,service needed: repair air conditioner in level two as soon as possible.,Facilities,Service Request,IND-06
SYN-05693,"Check water leak at reception, as soon as possible.",Facilities,Complaint,IND-09
SYN-05694,"Please inspect the hallway at main office, when available.",Cleaning,Service Request,IND-05
SYN-05695,"Please review the parking gate at level two, when available.",Security,Service Request,IND-06
SYN-05696,Request to adjust air conditioner - north wing - as soon as possible.,Facilities,Service Request,IND-01
SYN-05697,Request to adjust lighting - reception - before noon.,Facilities,Service Request,IND-01
SYN-05698,Help needed to sanitize waste bin in main office when available.,Cleaning,Support Request,IND-10
SYN-05699,"Please confirm the food tray at reception, this afternoon.",Food Services,Service Request,IND-04
SYN-05700,"Update user account at main office, when available",IT Support,Service Request,IND-02
SYN-05701,"Please connect the printer at reception, before noon.",Food Services,Service Request,IND-04
SYN-05702,request to schedule package - level two - before noon,Logistics,Service Request,IND-03
SYN-05703,"Please provide support to inspect the door at reception, this afternoon.",Facilities,Support Request,IND-10
SYN-05704,"please provide support to inspect the hallway at level two, before noon.",Cleaning,Support Request,IND-08
SYN-05705,"Deliver shipment at north wing, this afternoon.",Food Services,Support Request,IND-10
SYN-05706,"Please provide support to sanitize the window at storage area, this afternoon.",Cleaning,Support Request,IND-10
SYN-05708,"Deliver meal order at north wing, today.",Food Services,Support Request,IND-10
SYN-05709,"Please provide support to adjust the elevator at north wing, today.",Facilities,Support Request,IND-10
SYN-05710,"Reset printer at north wing, as soon as possible.",IT Support,Complaint,IND-05
SYN-05711,Service needed: check air conditioner in reception as soon as possible.,Facilities,Service Request,IND-01
SYN-05712,Service needed: review service status in storage area today.,Customer Support,Service Request,IND-08
SYN-05713,Request to restore elevator - level two - today.,Facilities,Service Request,IND-01
SYN-05715,"Clean waste bin at reception, this afternoon.",Food Services,Service Request,IND-04
SYN-05717,"Please restore the air conditioner at level two, as soon as possible.",Facilities,Service Request,IND-01
SYN-05718,"register feedback at main office, when available.",Customer Support,Service Request,IND-08
SYN-05719,"Please review the special meal at level two, this afternoon.",Logistics,Service Request,IND-03
SYN-05720,"please reset the network at main office, as soon as possible.",IT Support,Service Request,IND-02
SYN-05721,help needed to reset printer in main office this afternoon.,IT Support,Support Request,IND-10
SYN-05724,"Configure laptop at storage area, this afternoon.",IT Support,Service Request,IND-02
SYN-05725,request to deliver package - reception - this afternoon.,Logistics,Service Request,IND-03
SYN-05726,Request to replace special meal - level two - this afternoon.,Food Services,Service Request,IND-04
SYN-05727,"please provide support to remove the spill at level two, as soon as possible.",Cleaning,Support Request,IND-10
SYN-05728,"Please remove the window at storage area, today.",Cleaning,Service Request,IND-05
SYN-05729,"Check air conditioner at main office, this afternoon.",Facilities,Support Request,IND-10
SYN-05730,"locate lost item at main office, this afternoon.",Security,Service Request,IND-06
SYN-05731,"Inspect projector at north wing, this afternoon.",Equipment,Complaint,IND-09
SYN-05732,Help needed to restore elevator in north wing before noon.,Facilities,Support Request,IND-10
SYN-05734,Service needed: replace food tray in reception before noon,Food Services,Service Request,IND-04
SYN-05735,service needed: inspect power unit in north wing when available.,Equipment,Service Request,IND-01
SYN-05737,"remove waste bin at north wing, before noon.",Cleaning,Complaint,IND-09
SYN-05738,Service needed: collect delivery cart in main office as soon as possible.,Logistics,Service Request,IND-03
SYN-05739,Request to reset printer - main office - today.,IT Support,Service Request,IND-02
SYN-05740,Service needed: deliver document box in main office this afternoon,Logistics,Service Request,IND-03
SYN-05741,"Please transfer the shipment at north wing, when available",Logistics,Service Request,IND-03
SYN-05742,request to connect application - north wing - as soon as possible.,IT Support,Service Request,IND-02
SYN-05743,"please provide support to collect the document box at main office, before noon.",Logistics,Support Request,IND-10
SYN-05744,Complaint: recurring issue with elevator at level two.,Facilities,Complaint,IND-09
SYN-05745,"Please transfer the document box at storage area, today.",Customer Support,Service Request,IND-08
SYN-05746,Complaint: recurring issue with elevator at main office.,Security,Complaint,IND-09
SYN-05747,Service needed: prepare food tray in level two as soon as possible.,Food Services,Service Request,IND-04
SYN-05748,Request to restore lighting - storage area - today.,Facilities,Service Request,IND-01
SYN-05749,"deliver shipment at north wing, before noon.",Logistics,Support Request,IND-10
SYN-05751,Request to diagnose laptop - level two - today.,IT Support,Service Request,IND-02
SYN-05752,"pls provide support to register the appointment at main office, as soon as possible.",Customer Support,Support Request,IND-10
SYN-05753,"Please authorize the parking gate at level two, today.",Food Services,Service Request,IND-04
SYN-05754,Service needed: collect delivery cart in level two today.,Logistics,Service Request,IND-05
SYN-05755,service needed: authorize parking gate in storage area this afternoon.,Security,Service Request,IND-06
SYN-05756,"please provide support to diagnose the application at level two, as soon as possible.",IT Support,Support Request,IND-08
SYN-05757,Request to prepare special meal - main office - when available.,Food Services,Service Request,IND-04
SYN-05758,"Please provide support to authorize the camera at reception, as soon as possible",Security,Support Request,IND-10
SYN-05759,Complaint: recurring issue with portable monitor at main office.,Equipment,Complaint,IND-09
SYN-05760,"The complaint issue at main office happened again, please review.",Customer Support,Complaint,IND-09
SYN-05761,Service needed: verify parking gate in storage area today.,Security,Service Request,IND-06
SYN-05762,"Check elevator at reception, today.",Facilities,Service Request,IND-01
SYN-05764,"the special meal issue at north wing happened again, please review.",Food Services,Complaint,IND-09
SYN-05765,request to wash hallway - storage area - today,Cleaning,Service Request,IND-05
SYN-05767,"Please inspect the lighting at north wing, when available.",Facilities,Service Request,IND-01
SYN-05768,Request to inspect window - level two - today,Cleaning,Service Request,IND-05
SYN-05769,Service needed: restore door in storage area this afternoon.,Facilities,Service Request,IND-01
SYN-05770,Service needed: schedule shipment in north wing when available.,Logistics,Service Request,IND-03
SYN-05771,Request to remove window - north wing - when available,Cleaning,Service Request,IND-05
SYN-05772,"Please provide support to reset the printer at level two, when available.",IT Support,Support Request,IND-10
SYN-05773,"Restore elevator at level two, this afternoon.",Facilities,Service Request,IND-04
SYN-05774,Request to remove spill - level two - today,Cleaning,Service Request,IND-05
SYN-05775,"Please inspect the air conditioner at level two, as soon as possible.",Security,Service Request,IND-06
SYN-05776,"Deliver supply order at main office, as soon as possible",Food Services,Service Request,IND-04
SYN-05777,Service needed: sanitize waste bin in north wing before noon.,Cleaning,Service Request,IND-05
SYN-05778,Request to inspect air conditioner - north wing - as soon as possible.,Facilities,Service Request,IND-01
SYN-05779,Request to authorize access badge - storage area - this afternoon.,Security,Service Request,IND-06
SYN-05780,"Review special meal at main office, today.",Food Services,Complaint,IND-09
SYN-05781,Request to connect laptop - reception - before noon.,IT Support,Service Request,IND-02
SYN-05782,"The parking gate issue at level two happened again, please review.",Security,Complaint,IND-09
SYN-05783,"Update user account at level two, before noon.",IT Support,Service Request,IND-02
SYN-05784,Request to inspect door - reception - before noon.,Facilities,Service Request,IND-01
SYN-05785,"Please clarify the information request at level two, before noon",IT Support,Service Request,IND-02
SYN-05787,Complaint: recurring issue with delivery cart at storage area.,Logistics,Complaint,IND-09
SYN-05788,Help needed to inspect hallway in level two this afternoon.,Cleaning,Support Request,IND-10
SYN-05789,"Please configure the application at main office, this afternoon.",Security,Service Request,IND-06
SYN-05790,service needed: check water leak in storage area as soon as possible,Facilities,Service Request,IND-01
SYN-05791,"confirm special meal at level two, this afternoon.",Food Services,Service Request,IND-04
SYN-05792,request to locate parking gate - north wing - as soon as possible.,Security,Service Request,IND-06
SYN-05793,"Verify visitor entrance at reception, before noon.",IT Support,Support Request,IND-10
SYN-05794,Request to diagnose application - north wing - this afternoon.,IT Support,Service Request,IND-02
SYN-05795,Help needed to configure network in main office before noon.,IT Support,Support Request,IND-10
SYN-05797,service needed: reset laptop in north wing before noon.,IT Support,Service Request,IND-02
SYN-05798,complaint: recurring issue with meeting room at storage area.,Cleaning,Complaint,IND-09
SYN-05799,"the lighting issue at reception happened again, please review.",Facilities,Complaint,IND-09
SYN-05800,Service needed: prepare menu in level two this afternoon.,Food Services,Service Request,IND-04
SYN-05801,Request to inspect door - north wing - this afternoon,Facilities,Service Request,IND-01
SYN-05802,"Schedule package at storage area, this afternoon.",Logistics,Complaint,IND-09
SYN-05803,"please deliver the delivery cart at main office, as soon as possible.",Logistics,Service Request,IND-03
SYN-05804,"Please provide support to locate the access badge at reception, before noon.",Security,Support Request,IND-10
SYN-05805,"Please connect the printer at north wing, this afternoon.",IT Support,Service Request,IND-02
SYN-05806,Request to reset laptop - storage area - as soon as possible.,IT Support,Service Request,IND-02
SYN-05808,"Restore lighting at north wing, when available.",Facilities,Service Request,IND-01
SYN-05809,Service needed: replace food tray in level two before noon.,Food Services,Service Request,IND-04
SYN-05810,"Verify parking gate at storage area, when available.",Security,Complaint,IND-09
SYN-05811,complaint: recurring issue with window at main office.,Cleaning,Complaint,IND-09
SYN-05812,"please reset the user account at north wing, today",IT Support,Service Request,IND-02
SYN-05813,Help needed to calibrate office chair in north wing as soon as possible.,Logistics,Support Request,IND-10
SYN-05814,Request to review camera - reception - this afternoon,Security,Service Request,IND-06
SYN-05815,"register information request at level two, before noon.",Customer Support,Complaint,IND-09
SYN-05817,Help needed to transfer package in level two as soon as possible.,Security,Support Request,IND-10
SYN-05818,Help needed to clean waste bin in storage area before noon.,Cleaning,Support Request,IND-10
SYN-05819,"Please wash the window at level two, before noon.",Cleaning,Service Request,IND-05
SYN-05820,"please provide support to prepare the menu at main office, as soon as possible.",Food Services,Support Request,IND-10
SYN-05821,"please provide support to follow up the information request at north wing, before noon.",Customer Support,Support Request,IND-10
SYN-05822,Request to reset laptop - storage area - when available.,IT Support,Service Request,IND-02
SYN-05823,Service needed: diagnose user account in level two as soon as possible.,Cleaning,Service Request,IND-05
SYN-05824,request to reset application - reception - this afternoon.,IT Support,Service Request,IND-02
SYN-05827,"configure network at storage area, when available.",Cleaning,Complaint,IND-09
SYN-05828,"Authorize access badge at level two, before noon.",Security,Complaint,IND-09
SYN-05829,service needed: locate supply order in level two this afternoon.,Logistics,Service Request,IND-03
SYN-05830,Service needed: restore lighting in level two when available.,Facilities,Service Request,IND-01
SYN-05831,"Inspect door at reception, today.",Facilities,Service Request,IND-01
SYN-05832,"please sanitize the hallway at reception, as soon as possible.",Cleaning,Service Request,IND-03
SYN-05833,"Please provide support to reset the laptop at reception, this afternoon.",Food Services,Support Request,IND-10
SYN-05834,Service needed: clean window in north wing when available.,Cleaning,Service Request,IND-05
SYN-05835,Service needed: confirm special meal in main office when available.,Food Services,Service Request,IND-04
SYN-05837,Help needed to update laptop in level two before noon.,IT Support,Support Request,IND-10
SYN-05839,Request to replace food tray - level two - when available.,Food Services,Service Request,IND-04
SYN-05840,"The elevator issue at reception happened again, please review",Facilities,Complaint,IND-05
SYN-05841,"Please provide support to update the user account at storage area, this afternoon.",IT Support,Support Request,IND-10
SYN-05842,"Please configure the user account at storage area, today.",IT Support,Service Request,IND-02
SYN-05843,"please provide support to restore the door at north wing, today",Facilities,Support Request,IND-10
SYN-05845,Complaint: recurring issue with water leak at reception.,Facilities,Complaint,IND-09
SYN-05846,Service needed: repair office chair in north wing before noon.,IT Support,Service Request,IND-02
SYN-05847,service needed: inspect elevator in level two before noon.,Facilities,Service Request,IND-01
SYN-05848,"Please sanitize the meeting room at main office, today",Cleaning,Service Request,IND-05
SYN-05849,Request to replace meal order - level two - before noon.,Food Services,Service Request,IND-04
SYN-05850,"Please provide the portable monitor at storage area, this afternoon.",Equipment,Service Request,IND-07
SYN-05851,Service needed: configure laptop in main office when available.,IT Support,Service Request,IND-04
SYN-05852,Service needed: replace meal order in storage area this afternoon.,Food Services,Service Request,IND-04
SYN-05854,Request to reset application - north wing - before noon.,Logistics,Service Request,IND-03
SYN-05855,"calibrate office chair at level two, as soon as possible.",Equipment,Complaint,IND-09
SYN-05856,"Please register the svc status at north wing, before noon",Customer Support,Service Request,IND-08
SYN-05859,"Please provide support to verify the lost item at north wing, before noon.",Security,Support Request,IND-10
SYN-05860,svc needed: confirm menu in north wing today.,Customer Support,Service Request,IND-08
SYN-05861,"The lost item issue at main office happened again, please review",Security,Complaint,IND-09
SYN-05863,Service needed: locate supply order in reception as soon as possible.,Logistics,Service Request,IND-03
SYN-05864,"Reset application at north wing, as soon as possible.",IT Support,Service Request,IND-02
SYN-05866,Service needed: clarify appointment in main office as soon as possible.,Customer Support,Service Request,IND-08
SYN-05867,"Please sanitize the meeting room at level two, today.",Cleaning,Service Request,IND-05
SYN-05869,"The door issue at level two happened again, please review",Facilities,Complaint,IND-09
SYN-05870,Complaint: recurring issue with elevator at storage area,Facilities,Complaint,IND-09
SYN-05871,Help needed to restore air conditioner in level two today.,Cleaning,Support Request,IND-10
SYN-05873,Request to transfer document box - main office - when available.,Logistics,Service Request,IND-03
SYN-05874,"Provide tool kit at level two, this afternoon.",Equipment,Complaint,IND-09
SYN-05875,"Please connect the network at reception, today.",Customer Support,Service Request,IND-08
SYN-05876,Service needed: update printer in level two this afternoon.,IT Support,Service Request,IND-02
SYN-05878,Service needed: transfer package in storage area this afternoon.,Logistics,Service Request,IND-03
SYN-05879,"repair air conditioner at level two, today.",Facilities,Service Request,IND-01
SYN-05880,"Please sanitize the meeting room at main office, when available.",Cleaning,Service Request,IND-05
SYN-05881,Service needed: prepare special meal in level two today.,Food Services,Service Request,IND-04
SYN-05883,"Transfer supply order at north wing, before noon.",Logistics,Complaint,IND-09
SYN-05885,"replace office chair at reception, this afternoon.",Equipment,Service Request,IND-07
SYN-05886,"Repair water leak at reception, this afternoon.",Facilities,Service Request,IND-01
SYN-05887,"Please inspect the elevator at reception, as soon as possible",Facilities,Service Request,IND-01
SYN-05888,"please provide support to confirm the food tray at storage area, this afternoon.",Food Services,Support Request,IND-10
SYN-05889,complaint: recurring issue with parking gate at north wing.,Security,Complaint,IND-09
SYN-05890,Service needed: locate package in reception when available,Logistics,Service Request,IND-03
SYN-05891,Service needed: locate lost item in storage area when available.,Security,Service Request,IND-06
SYN-05892,Request to remove waste bin - north wing - when available,Cleaning,Service Request,IND-05
SYN-05893,"Please inspect the projector at storage area, before noon.",Equipment,Service Request,IND-07
SYN-05894,Service needed: locate access badge in reception as soon as possible.,Security,Service Request,IND-06
SYN-05895,request to clean waste bin - north wing - as soon as possible.,Cleaning,Service Request,IND-05
SYN-05896,Request to check water leak - reception - this afternoon.,Facilities,Service Request,IND-01
SYN-05899,Service needed: replace office chair in level two before noon.,Equipment,Service Request,IND-07
SYN-05900,"Please deliver the beverage station at north wing, today.",Food Services,Service Request,IND-04
SYN-05901,help needed to adjust lighting in reception when available,Facilities,Support Request,IND-10
SYN-05902,"Replace office chair at storage area, this afternoon",Equipment,Service Request,IND-07
SYN-05903,"Please provide support to replace the food tray at main office, as soon as possible.",Food Services,Support Request,IND-10
SYN-05904,"Please inspect the waste bin at main office, this afternoon.",Cleaning,Service Request,IND-05
SYN-05907,Service needed: replace tool kit in level two today.,Equipment,Service Request,IND-04
SYN-05908,"the air conditioner issue at main office happened again, please review.",Facilities,Complaint,IND-09
SYN-05909,"Please provide the projector at level two, as soon as possible.",Equipment,Service Request,IND-07
SYN-05910,Service needed: diagnose printer in reception when available,IT Support,Service Request,IND-02
SYN-05911,"Please provide support to wash the meeting room at main office, today",Cleaning,Support Request,IND-10
SYN-05912,"Please calibrate the power unit at north wing, when available.",IT Support,Service Request,IND-02
SYN-05913,"Please replace the portable monitor at level two, before noon",Equipment,Service Request,IND-07
SYN-05914,"Please remove the meeting room at storage area, before noon.",Cleaning,Service Request,IND-05
SYN-05915,"Inspect water leak at level two, before noon.",Facilities,Service Request,IND-08
SYN-05916,"Please deliver the meal order at level two, as soon as possible.",Food Services,Service Request,IND-04
SYN-05917,Service needed: reset user account in reception before noon,IT Support,Service Request,IND-02
SYN-05918,Service needed: replace beverage station in main office as soon as possible.,Food Services,Service Request,IND-04
SYN-05919,Service needed: repair office chair in reception when available.,Facilities,Service Request,IND-01
SYN-05921,service needed: respond to information request in storage area when available.,Customer Support,Service Request,IND-08
SYN-05922,Service needed: replace power unit in storage area when available.,Equipment,Service Request,IND-07
SYN-05923,"Please confirm the special meal at storage area, this afternoon.",Security,Service Request,IND-06
SYN-05924,"please configure the printer at level two, before noon",Cleaning,Service Request,IND-05
SYN-05925,"Check lighting at level two, when available",Facilities,Complaint,IND-09
SYN-05926,"The spill issue at reception happened again, pls review.",Cleaning,Complaint,IND-09
SYN-05927,"The power unit issue at reception happened again, please review.",Equipment,Complaint,IND-09
SYN-05928,Service needed: inspect lighting in reception before noon.,Facilities,Service Request,IND-01
SYN-05929,Request to diagnose application - north wing - when available.,IT Support,Service Request,IND-02
SYN-05930,Service needed: schedule package in storage area before noon.,Logistics,Service Request,IND-03
SYN-05931,Request to prepare menu - storage area - this afternoon.,Food Services,Service Request,IND-04
SYN-05932,Service needed: collect shipment in reception when available.,Logistics,Service Request,IND-03
SYN-05933,Request to inspect meeting room - storage area - this afternoon.,Cleaning,Service Request,IND-05
SYN-05935,"Please locate the parking gate at main office, this afternoon.",Security,Service Request,IND-06
SYN-05936,"Please check the air conditioner at north wing, before noon.",Facilities,Service Request,IND-01
SYN-05937,"please provide support to repair the elevator at storage area, when available.",Facilities,Support Request,IND-10
SYN-05938,Service needed: check air conditioner in reception this afternoon.,Facilities,Service Request,IND-01
SYN-05939,"Connect application at storage area, when available.",IT Support,Service Request,IND-02
SYN-05940,Service needed: repair elevator in storage area this afternoon,Facilities,Service Request,IND-01
SYN-05943,request to locate delivery cart - main office - before noon.,Logistics,Service Request,IND-03
SYN-05944,Help needed to reset user account in main office today.,Facilities,Support Request,IND-05
SYN-05945,Request to check air conditioner - storage area - today,Facilities,Service Request,IND-01
SYN-05946,"Please provide support to transfer the delivery cart at reception, when available.",Logistics,Support Request,IND-10
SYN-05947,"Configure application at storage area, today.",IT Support,Support Request,IND-10
SYN-05948,Request to clarify service status - main office - today.,Customer Support,Service Request,IND-08
SYN-05949,"Please repair the water leak at storage area, this afternoon.",Facilities,Service Request,IND-01
SYN-05950,"Collect supply order at storage area, when available.",Logistics,Service Request,IND-03
SYN-05951,"Please authorize the lost item at level two, this afternoon",Security,Service Request,IND-06
SYN-05952,service needed: repair office chair in storage area when available.,Equipment,Service Request,IND-07
SYN-05953,Service needed: configure application in main office today.,IT Support,Service Request,IND-02
SYN-05954,Help needed to inspect window in main office this afternoon.,Cleaning,Support Request,IND-10
SYN-05955,"Please update the application at level two, this afternoon",IT Support,Service Request,IND-02
SYN-05956,Request to repair tool kit - reception - today.,Equipment,Service Request,IND-07
SYN-05957,"Please provide support to connect the network at north wing, before noon",IT Support,Support Request,IND-10
SYN-05958,"Please adjust the air conditioner at north wing, today.",Facilities,Service Request,IND-01
SYN-05959,"Please configure the laptop at main office, when available.",IT Support,Service Request,IND-02
SYN-05960,"Verify lost item at main office, before noon.",Security,Complaint,IND-09
SYN-05961,"Repair tool kit at main office, before noon.",Equipment,Service Request,IND-07
SYN-05962,"Please prepare the special meal at north wing, this afternoon.",Food Services,Service Request,IND-04
SYN-05963,"Confirm menu at storage area, this afternoon.",Food Services,Service Request,IND-04
SYN-05964,"Please restore the water leak at level two, this afternoon.",Facilities,Service Request,IND-01
SYN-05965,"Reset printer at main office, this afternoon.",IT Support,Service Request,IND-02
SYN-05967,Help needed to inspect projector in storage area when available.,Equipment,Support Request,IND-10
SYN-05968,Request to provide office chair - reception - today,IT Support,Service Request,IND-02
SYN-05970,Service needed: connect printer in north wing today.,IT Support,Service Request,IND-02
SYN-05971,"Wash hallway at storage area, this afternoon.",Cleaning,Complaint,IND-09
SYN-05972,"The service status issue at storage area happened again, please review",Facilities,Complaint,IND-09
SYN-05973,Service needed: deliver meal order in storage area when available.,Food Services,Service Request,IND-08
SYN-05975,Request to configure network - north wing - before noon.,IT Support,Service Request,IND-02
SYN-05977,Request to connect printer - reception - before noon,IT Support,Service Request,IND-02
SYN-05978,"Please repair the power unit at level two, as soon as possible",Equipment,Service Request,IND-08
SYN-05979,service needed: prepare meal order in north wing as soon as possible,Food Services,Service Request,IND-04
SYN-05980,Request to reset application - storage area - as soon as possible.,IT Support,Service Request,IND-02
SYN-05981,"Clean hallway at storage area, before noon.",Cleaning,Support Request,IND-10
SYN-05983,"Please provide support to sanitize the hallway at north wing, before noon",Cleaning,Support Request,IND-07
SYN-05984,Service needed: confirm menu in main office as soon as possible.,Food Services,Service Request,IND-04
SYN-05985,"please provide support to reset the printer at level two, as soon as possible.",IT Support,Support Request,IND-10
SYN-05986,Request to locate document box - north wing - before noon.,Logistics,Service Request,IND-07
SYN-05987,"follow up information request at storage area, this afternoon.",Customer Support,Service Request,IND-08
SYN-05989,"Follow up service status at reception, when available.",Cleaning,Service Request,IND-05
SYN-05990,Service needed: transfer delivery cart in main office today.,Logistics,Service Request,IND-03
SYN-05991,"please transfer the document box at north wing, today.",Logistics,Service Request,IND-03
SYN-05992,"please provide support to collect the package at level two, when available.",Logistics,Support Request,IND-10
SYN-05993,Request to provide portable monitor - storage area - this afternoon.,Equipment,Service Request,IND-07
SYN-05994,Request to inspect waste bin - level two - this afternoon.,Cleaning,Service Request,IND-05
SYN-05995,"Respond to feedback at north wing, before noon",Customer Support,Support Request,IND-10
SYN-05996,Help needed to authorize camera in storage area when available.,Security,Support Request,IND-10
SYN-05997,"The meal order issue at reception happened again, please review",Food Services,Complaint,IND-09
SYN-05998,Service needed: review meal order in level two before noon,Facilities,Service Request,IND-01
SYN-05999,complaint: recurring issue with projector at main office.,Equipment,Complaint,IND-09
SYN-06000,"Confirm menu at north wing, as soon as possible.",Food Services,Service Request,IND-04
